/*
Navicat MySQL Data Transfer

Source Server         : 192.168.154.10
Source Server Version : 50728
Source Host           : 192.168.154.10:3307
Source Database       : ms

Target Server Type    : MYSQL
Target Server Version : 50728
File Encoding         : 65001

Date: 2019-11-26 17:09:43
*/

SET FOREIGN_KEY_CHECKS=0;
-- ----------------------------
-- Table structure for `ACT_EVT_LOG`
-- ----------------------------
DROP TABLE IF EXISTS `ACT_EVT_LOG`;
CREATE TABLE `ACT_EVT_LOG` (
  `LOG_NR_` bigint(20) NOT NULL AUTO_INCREMENT,
  `TYPE_` varchar(64) COLLATE utf8_bin DEFAULT NULL,
  `PROC_DEF_ID_` varchar(64) COLLATE utf8_bin DEFAULT NULL,
  `PROC_INST_ID_` varchar(64) COLLATE utf8_bin DEFAULT NULL,
  `EXECUTION_ID_` varchar(64) COLLATE utf8_bin DEFAULT NULL,
  `TASK_ID_` varchar(64) COLLATE utf8_bin DEFAULT NULL,
  `TIME_STAMP_` timestamp(3) NOT NULL DEFAULT CURRENT_TIMESTAMP(3) ON UPDATE CURRENT_TIMESTAMP(3),
  `USER_ID_` varchar(255) COLLATE utf8_bin DEFAULT NULL,
  `DATA_` longblob,
  `LOCK_OWNER_` varchar(255) COLLATE utf8_bin DEFAULT NULL,
  `LOCK_TIME_` timestamp(3) NULL DEFAULT NULL,
  `IS_PROCESSED_` tinyint(4) DEFAULT '0',
  PRIMARY KEY (`LOG_NR_`)
) ENGINE=InnoDB DEFAULT CHARSET=utf8 COLLATE=utf8_bin;

-- ----------------------------
-- Records of ACT_EVT_LOG
-- ----------------------------

-- ----------------------------
-- Table structure for `ACT_GE_BYTEARRAY`
-- ----------------------------
DROP TABLE IF EXISTS `ACT_GE_BYTEARRAY`;
CREATE TABLE `ACT_GE_BYTEARRAY` (
  `ID_` varchar(64) COLLATE utf8_bin NOT NULL,
  `REV_` int(11) DEFAULT NULL,
  `NAME_` varchar(255) COLLATE utf8_bin DEFAULT NULL,
  `DEPLOYMENT_ID_` varchar(64) COLLATE utf8_bin DEFAULT NULL,
  `BYTES_` longblob,
  `GENERATED_` tinyint(4) DEFAULT NULL,
  PRIMARY KEY (`ID_`),
  KEY `ACT_FK_BYTEARR_DEPL` (`DEPLOYMENT_ID_`),
  CONSTRAINT `ACT_FK_BYTEARR_DEPL` FOREIGN KEY (`DEPLOYMENT_ID_`) REFERENCES `ACT_RE_DEPLOYMENT` (`ID_`)
) ENGINE=InnoDB DEFAULT CHARSET=utf8 COLLATE=utf8_bin;

-- ----------------------------
-- Records of ACT_GE_BYTEARRAY
-- ----------------------------
INSERT INTO ACT_GE_BYTEARRAY VALUES ('122536', '1', 'Leavebill.bpmn20.xml', '122535', 0x3C3F786D6C2076657273696F6E3D22312E302220656E636F64696E673D225554462D38223F3E0A3C646566696E6974696F6E7320786D6C6E733D22687474703A2F2F7777772E6F6D672E6F72672F737065632F42504D4E2F32303130303532342F4D4F44454C2220786D6C6E733A7873693D22687474703A2F2F7777772E77332E6F72672F323030312F584D4C536368656D612D696E7374616E63652220786D6C6E733A7873643D22687474703A2F2F7777772E77332E6F72672F323030312F584D4C536368656D612220786D6C6E733A61637469766974693D22687474703A2F2F61637469766974692E6F72672F62706D6E2220786D6C6E733A62706D6E64693D22687474703A2F2F7777772E6F6D672E6F72672F737065632F42504D4E2F32303130303532342F44492220786D6C6E733A6F6D6764633D22687474703A2F2F7777772E6F6D672E6F72672F737065632F44442F32303130303532342F44432220786D6C6E733A6F6D6764693D22687474703A2F2F7777772E6F6D672E6F72672F737065632F44442F32303130303532342F44492220747970654C616E67756167653D22687474703A2F2F7777772E77332E6F72672F323030312F584D4C536368656D61222065787072657373696F6E4C616E67756167653D22687474703A2F2F7777772E77332E6F72672F313939392F585061746822207461726765744E616D6573706163653D22687474703A2F2F7777772E61637469766974692E6F72672F70726F63657373646566223E0A20203C70726F636573732069643D224C6561766562696C6C22206E616D653D224C6561766562696C6C2220697345786563757461626C653D2274727565223E0A202020203C73746172744576656E742069643D2273746172745461736B22206E616D653D22E5BC80E5A78B223E3C2F73746172744576656E743E0A202020203C757365725461736B2069643D22757365727461736B3122206E616D653D22E68F90E4BAA4E794B3E8AFB7222061637469766974693A61737369676E65653D22237B757365726E616D657D223E3C2F757365725461736B3E0A202020203C757365725461736B2069643D22757365727461736B3222206E616D653D22E5AEA1E689B9E38090E4B88AE7BAA7E9A286E5AFBCE38091223E0A2020202020203C657874656E73696F6E456C656D656E74733E0A20202020202020203C61637469766974693A7461736B4C697374656E6572206576656E743D226372656174652220636C6173733D22636F6D2E6D732E6C697374656E65722E5461736B4C697374656E6572496D706C223E3C2F61637469766974693A7461736B4C697374656E65723E0A2020202020203C2F657874656E73696F6E456C656D656E74733E0A202020203C2F757365725461736B3E0A202020203C757365725461736B2069643D22757365727461736B3322206E616D653D22E5AEA1E689B9E38090E4B88AE4B88AE7BAA7E9A286E5AFBCE38091223E0A2020202020203C657874656E73696F6E456C656D656E74733E0A20202020202020203C61637469766974693A7461736B4C697374656E6572206576656E743D226372656174652220636C6173733D22636F6D2E6D732E6C697374656E65722E5461736B4C697374656E6572496D706C223E3C2F61637469766974693A7461736B4C697374656E65723E0A2020202020203C2F657874656E73696F6E456C656D656E74733E0A202020203C2F757365725461736B3E0A202020203C656E644576656E742069643D22656E645461736B22206E616D653D22E7BB93E69D9F223E3C2F656E644576656E743E0A202020203C73657175656E6365466C6F772069643D22666C6F77312220736F757263655265663D2273746172745461736B22207461726765745265663D22757365727461736B31223E3C2F73657175656E6365466C6F773E0A202020203C73657175656E6365466C6F772069643D22666C6F773322206E616D653D22E5908CE6848F2220736F757263655265663D22757365727461736B3222207461726765745265663D22757365727461736B33223E0A2020202020203C636F6E646974696F6E45787072657373696F6E207873693A747970653D2274466F726D616C45787072657373696F6E223E3C215B43444154415B247B6F7574636F6D653D3D27E5908CE6848F277D5D5D3E3C2F636F6E646974696F6E45787072657373696F6E3E0A202020203C2F73657175656E6365466C6F773E0A202020203C73657175656E6365466C6F772069643D22666C6F773422206E616D653D22E5908CE6848F2220736F757263655265663D22757365727461736B3322207461726765745265663D22656E645461736B223E0A2020202020203C636F6E646974696F6E45787072657373696F6E207873693A747970653D2274466F726D616C45787072657373696F6E223E3C215B43444154415B247B6F7574636F6D653D3D27E5908CE6848F277D5D5D3E3C2F636F6E646974696F6E45787072657373696F6E3E0A202020203C2F73657175656E6365466C6F773E0A202020203C73657175656E6365466C6F772069643D22666C6F773522206E616D653D22E694BEE5BC832220736F757263655265663D22757365727461736B3122207461726765745265663D22656E645461736B223E0A2020202020203C636F6E646974696F6E45787072657373696F6E207873693A747970653D2274466F726D616C45787072657373696F6E223E3C215B43444154415B247B6F7574636F6D653D3D27E694BEE5BC83277D5D5D3E3C2F636F6E646974696F6E45787072657373696F6E3E0A202020203C2F73657175656E6365466C6F773E0A202020203C73657175656E6365466C6F772069643D22666C6F773622206E616D653D22E9A9B3E59B9E2220736F757263655265663D22757365727461736B3222207461726765745265663D22757365727461736B31223E0A2020202020203C636F6E646974696F6E45787072657373696F6E207873693A747970653D2274466F726D616C45787072657373696F6E223E3C215B43444154415B247B6F7574636F6D653D3D27E9A9B3E59B9E277D5D5D3E3C2F636F6E646974696F6E45787072657373696F6E3E0A202020203C2F73657175656E6365466C6F773E0A202020203C73657175656E6365466C6F772069643D22666C6F773222206E616D653D22E68F90E4BAA42220736F757263655265663D22757365727461736B3122207461726765745265663D22757365727461736B32223E0A2020202020203C636F6E646974696F6E45787072657373696F6E207873693A747970653D2274466F726D616C45787072657373696F6E223E3C215B43444154415B247B6F7574636F6D653D3D27E68F90E4BAA4277D5D5D3E3C2F636F6E646974696F6E45787072657373696F6E3E0A202020203C2F73657175656E6365466C6F773E0A202020203C73657175656E6365466C6F772069643D22666C6F773722206E616D653D22E9A9B3E59B9E2220736F757263655265663D22757365727461736B3322207461726765745265663D22757365727461736B31223E0A2020202020203C636F6E646974696F6E45787072657373696F6E207873693A747970653D2274466F726D616C45787072657373696F6E223E3C215B43444154415B247B6F7574636F6D653D3D27E9A9B3E59B9E277D5D5D3E3C2F636F6E646974696F6E45787072657373696F6E3E0A202020203C2F73657175656E6365466C6F773E0A20203C2F70726F636573733E0A20203C62706D6E64693A42504D4E4469616772616D2069643D2242504D4E4469616772616D5F4C6561766562696C6C223E0A202020203C62706D6E64693A42504D4E506C616E652062706D6E456C656D656E743D224C6561766562696C6C222069643D2242504D4E506C616E655F4C6561766562696C6C223E0A2020202020203C62706D6E64693A42504D4E53686170652062706D6E456C656D656E743D2273746172745461736B222069643D2242504D4E53686170655F73746172745461736B223E0A20202020202020203C6F6D6764633A426F756E6473206865696768743D2233302E30222077696474683D2233302E302220783D223130352E302220793D223230352E35223E3C2F6F6D6764633A426F756E64733E0A2020202020203C2F62706D6E64693A42504D4E53686170653E0A2020202020203C62706D6E64693A42504D4E53686170652062706D6E456C656D656E743D22757365727461736B31222069643D2242504D4E53686170655F757365727461736B31223E0A20202020202020203C6F6D6764633A426F756E6473206865696768743D2238302E30222077696474683D223130302E302220783D223234302E302220793D223138302E30223E3C2F6F6D6764633A426F756E64733E0A2020202020203C2F62706D6E64693A42504D4E53686170653E0A2020202020203C62706D6E64693A42504D4E53686170652062706D6E456C656D656E743D22757365727461736B32222069643D2242504D4E53686170655F757365727461736B32223E0A20202020202020203C6F6D6764633A426F756E6473206865696768743D2238302E30222077696474683D223130302E302220783D223339302E302220793D223136352E30223E3C2F6F6D6764633A426F756E64733E0A2020202020203C2F62706D6E64693A42504D4E53686170653E0A2020202020203C62706D6E64693A42504D4E53686170652062706D6E456C656D656E743D22757365727461736B33222069643D2242504D4E53686170655F757365727461736B33223E0A20202020202020203C6F6D6764633A426F756E6473206865696768743D2237372E30222077696474683D223131392E302220783D223534302E302220793D223138322E30223E3C2F6F6D6764633A426F756E64733E0A2020202020203C2F62706D6E64693A42504D4E53686170653E0A2020202020203C62706D6E64693A42504D4E53686170652062706D6E456C656D656E743D22656E645461736B222069643D2242504D4E53686170655F656E645461736B223E0A20202020202020203C6F6D6764633A426F756E6473206865696768743D2232382E30222077696474683D2232382E302220783D223739362E333939393933383936343834342220793D223230362E30223E3C2F6F6D6764633A426F756E64733E0A2020202020203C2F62706D6E64693A42504D4E53686170653E0A2020202020203C62706D6E64693A42504D4E456467652062706D6E456C656D656E743D22666C6F7731222069643D2242504D4E456467655F666C6F7731223E0A20202020202020203C6F6D6764693A776179706F696E7420783D223133342E39393939333531323135323831382220793D223232302E34353538383235343337363032223E3C2F6F6D6764693A776179706F696E743E0A20202020202020203C6F6D6764693A776179706F696E7420783D223234302E302220793D223232302E3134373035383832333532393432223E3C2F6F6D6764693A776179706F696E743E0A2020202020203C2F62706D6E64693A42504D4E456467653E0A2020202020203C62706D6E64693A42504D4E456467652062706D6E456C656D656E743D22666C6F7732222069643D2242504D4E456467655F666C6F7732223E0A20202020202020203C6F6D6764693A776179706F696E7420783D223334302E302220793D223232302E30223E3C2F6F6D6764693A776179706F696E743E0A20202020202020203C6F6D6764693A776179706F696E7420783D223336352E302220793D223232302E30223E3C2F6F6D6764693A776179706F696E743E0A20202020202020203C6F6D6764693A776179706F696E7420783D223336352E302220793D223230352E30223E3C2F6F6D6764693A776179706F696E743E0A20202020202020203C6F6D6764693A776179706F696E7420783D223339302E302220793D223230352E30223E3C2F6F6D6764693A776179706F696E743E0A2020202020203C2F62706D6E64693A42504D4E456467653E0A2020202020203C62706D6E64693A42504D4E456467652062706D6E456C656D656E743D22666C6F7733222069643D2242504D4E456467655F666C6F7733223E0A20202020202020203C6F6D6764693A776179706F696E7420783D223439302E302220793D223230352E30223E3C2F6F6D6764693A776179706F696E743E0A20202020202020203C6F6D6764693A776179706F696E7420783D223531352E302220793D223230352E30223E3C2F6F6D6764693A776179706F696E743E0A20202020202020203C6F6D6764693A776179706F696E7420783D223531352E302220793D223232302E35223E3C2F6F6D6764693A776179706F696E743E0A20202020202020203C6F6D6764693A776179706F696E7420783D223534302E302220793D223232302E35223E3C2F6F6D6764693A776179706F696E743E0A2020202020203C2F62706D6E64693A42504D4E456467653E0A2020202020203C62706D6E64693A42504D4E456467652062706D6E456C656D656E743D22666C6F7734222069643D2242504D4E456467655F666C6F7734223E0A20202020202020203C6F6D6764693A776179706F696E7420783D223635392E302220793D223232302E33353839333738383131373133223E3C2F6F6D6764693A776179706F696E743E0A20202020202020203C6F6D6764693A776179706F696E7420783D223739362E343030303333323430383938362220793D223232302E3033333139303939333530353833223E3C2F6F6D6764693A776179706F696E743E0A2020202020203C2F62706D6E64693A42504D4E456467653E0A2020202020203C62706D6E64693A42504D4E456467652062706D6E456C656D656E743D22666C6F7735222069643D2242504D4E456467655F666C6F7735223E0A20202020202020203C6F6D6764693A776179706F696E7420783D223239302E302220793D223138302E30223E3C2F6F6D6764693A776179706F696E743E0A20202020202020203C6F6D6764693A776179706F696E7420783D223239302E302220793D223131302E3830303030333035313735373831223E3C2F6F6D6764693A776179706F696E743E0A20202020202020203C6F6D6764693A776179706F696E7420783D223830362E323130333439343832343937372220793D223131302E3830303030333035313735373831223E3C2F6F6D6764693A776179706F696E743E0A20202020202020203C6F6D6764693A776179706F696E7420783D223830362E323130333439343832343937372220793D223139362E39383936343734363537343435223E3C2F6F6D6764693A776179706F696E743E0A2020202020203C2F62706D6E64693A42504D4E456467653E0A2020202020203C62706D6E64693A42504D4E456467652062706D6E456C656D656E743D22666C6F7736222069643D2242504D4E456467655F666C6F7736223E0A20202020202020203C6F6D6764693A776179706F696E7420783D223434302E302220793D223234352E30223E3C2F6F6D6764693A776179706F696E743E0A20202020202020203C6F6D6764693A776179706F696E7420783D223434302E302220793D223332312E38303030303330353137353738223E3C2F6F6D6764693A776179706F696E743E0A20202020202020203C6F6D6764693A776179706F696E7420783D223239302E302220793D223332312E38303030303330353137353738223E3C2F6F6D6764693A776179706F696E743E0A20202020202020203C6F6D6764693A776179706F696E7420783D223239302E302220793D223236302E30223E3C2F6F6D6764693A776179706F696E743E0A2020202020203C2F62706D6E64693A42504D4E456467653E0A2020202020203C62706D6E64693A42504D4E456467652062706D6E456C656D656E743D22666C6F7737222069643D2242504D4E456467655F666C6F7737223E0A20202020202020203C6F6D6764693A776179706F696E7420783D223539392E352220793D223235392E30223E3C2F6F6D6764693A776179706F696E743E0A20202020202020203C6F6D6764693A776179706F696E7420783D223539392E352220793D223430392E38303030303330353137353738223E3C2F6F6D6764693A776179706F696E743E0A20202020202020203C6F6D6764693A776179706F696E7420783D223239302E302220793D223430392E38303030303330353137353738223E3C2F6F6D6764693A776179706F696E743E0A20202020202020203C6F6D6764693A776179706F696E7420783D223239302E302220793D223236302E30223E3C2F6F6D6764693A776179706F696E743E0A2020202020203C2F62706D6E64693A42504D4E456467653E0A202020203C2F62706D6E64693A42504D4E506C616E653E0A20203C2F62706D6E64693A42504D4E4469616772616D3E0A3C2F646566696E6974696F6E733E, '0');
INSERT INTO ACT_GE_BYTEARRAY VALUES ('122537', '1', 'Leavebill.Leavebill.png', '122535', 0x89504E470D0A1A0A0000000D4948445200000342000001A3080600000001D9A57A000029734944415478DAEDDD7D6C9DE57D3770576B55D64E2A9386DA6AABA0DAFE406D45ABA9D156756DA34E55B5B6114CAD7B7C6C425C36922A092DE6656B330CE5A9108CB4A28421928D5244271A162177A3111949C8DB939727A1AC4F160625C129714C6C07B019019B807D3FF7EFCCB79F3B277E8BDF7DCEE7235DF2897D9C38577EB9CEEF7BAEFBA5A60600000000000000000000000000000000000000000000000000000000000000000000000000000000000000000000000000000000000000000000000000000000000000000000000000000000000000000000000000000000000000000000000000000000000000000000000000000000000000000000000000000000000000000000000000000000000000000000000000000000000000000000000000000000000000000000000000000000000000000000000000000000000000000000000000000000000000000000000000000000000000000000000000000000000000000000000000000000000000000000000000000000000000000000000000000000000000000000000000000000000000000000000000000000000000000000000000000000000000000000000000000000000000000000000000000000000000000000000000000000000000000000000000000000000000000000000000000000000000A6C13B4C015055EAEAEA12C3300CC3300C6108A8BA20641600A0EAFB81D7172D5AF41E33010842004035F503276B6B6B2F30138020040054533FF09BFAFAFA0BCD042008010055A3582C3E5D5B5BFB1133010842004035F503070A85C20233010842004035F503DB8BC5E2E7CC042008010055A350286CACAFAFFF929900042100A09AFA810D6918AA35138020040054533FF040B1585C622600410800A81A8542E19E34082D37138020040054533FB03A0D4337980940100200AAA91FF85E3A6E361380200400548DD80D2A168B77980940100200AAA91F5811E709990940100200AAA91F684CC74FCC04200801005523EE21542C16FFC54C00821000504DFDC097D330B4D14C00821000504DFDC0C2746C331380200400548D42A1B020ED09F69B0940100200AA46B158FC683A9E36138020040054533F70513A8E9A0940100200AA466D6DED05694FD0652600410800A81A8B172F7E6FDA13BC6E2600410800A826EF487B82FEF8682A00410800A8A69EE0F5458B16BDC74C00821000504D3DC1C93857C84C00821000504D3DC16FEAEBEB2F341380200400548DB88F506D6DED47CC0420080100D5D4131C28140A0BCC0420080100D5D4136C2F168B9F331380200400548D42A1B0B1BEBEFE4B6602108400806AEA0936A461A8D64C00821000504D3DC103C56271899900042100A06A140A857BD220B4DC4C00821000504D3DC1EA340CDD602600410800A8A69EE07BE9B8D94C0082100050356237A8582CDE612600410800A8A69E60459C27642600410800A8A69EA0311D3F311380200400548DB88750B158FC1733010842004035F5045F4EC3D04633010842004035F5040BD3B1CD4C0082100050350A85C282B42FD86F2600410800A81AC562F1A3E978DA4C00821000504D3DC145E9386A2600410800A81AB5B5B517A47D41979900042100A06A2C5EBCF8BD695FF0BA9900042100A09ABC23ED0BFAE3A3A900042100A09AFA82D7172D5AF41E33010842004035F50527E35C2133010842004035F505BFA9AFAFBFD04C008210005035E23E42B5B5B51F31138020040054535F70A050282C30134045EBECECFCEA9A356B92B8819AD90000D29E607BB158FC9C99002A569224E7BDF2CA2BDDA964E9D2A5BF302373E6DFE59DADADAD1BF6EDDBD7BF75EBD664F3E6CDC60C8F2D5BB6243B77EE7C291D97AB48A0DA140A858DF5F5F55F321340C56A6B6BFB693268CF9E3DEDC562F132B332FB2204EDDAB52BE9EAEA4ADE7CF34D6396C6C99327931D3B76BC9A86A2AFA94AA09AD4D5D56D48C350AD99002AD2A953A73EDEDFDF3F90E4DC7AEBAD6D8D8D8DE79B9DD9153B4142D09C09436F6EDEBCF91955095459107AA0582C2E31134045EAE8E8684DCAF4F4F474343434DC657666571C0E2784CC9D9106A1B75425504D0A85C23D69105A6E26808A73ECD8B1E664042D2D2D1D7575759F344BB327CE511140E65410725545A0AAA47DC0EA340CDD6026808A92669D0FF4F5F59D1E29080D0C0CBCD9D4D47470E1C285EF345B733B089DEA3991B41EF849F2F496FF551AF1383E27BC084200930C42DF4BC7CD6602A828C78F1FDF9B8CA1B5B5B5AD582C5E63B6E66E107AADBB3D39F4EFCDC9FFDD78C319233E175F1360042180898ADDA0B40FB8C34C001565F7EEDD63E5A0A4B7B7777BDC64B5B1B1F13C3336378350DBD3FF765608CAC6F1A71F1560042180094B7B8015719E9099002ACA4D37DDB462B443E32207AD5AB5EA613B42733B083DB3EDEF470C42F135014610029844106A4CC74FCC045071D6AF5FFFEB9152D0912347D6A68BDF5EE708CDED207468F3F7460C42F1350146100298A8B88750B158FC173301549CDADADA3F4A034FEF30174A38D4D0D070C855E30421431002AA57DA077C390D431BCD04509156AF5E7D771A7CFAF341E8BEFBEEFB71BAF0DD6976E67E108AABC48D1484E26B028C2004308920B4301DDBCC045091E2D0B74D9B3675E56EA6FA50BAE81D6E6C6C3CDFECCCFD207478F73F8C1884E26B028C2004305185426141DA13EC371340C55AB972E5E7BBBBBBFBD2912C5DBA744BB158BCCCACCC8F20F472FBC1E4D0E3379F7D585CFAB9F89A002308014C54DA0F7C341D4F9B09A0A2AD5BB7EEB1356BD6248542A1C56CCC9F2014E3E8930F9E1584E273C28B2004301975757517A5E3A89900469424C93B5B5B5B37ECDBB7AF7FEBD6ADA58669BE8D8D1B372671CFA0471E79645EFEFC5BB66C4976EEDCF9523A2EAFAA20D4D7971CDE73EFD987C5A59F8BAF09308210C044D5D6D65E90F6065D6602185184A05DBB76255D5D5DF3BAD16B6F6F9FD73FFFC99327931D3B76BC9A86A2AF5543107AADBB3D796EF7DD239E23145F8BE708318210C0442C5EBCF8BD69107ADD4C00238A9DA0F91E822A65A461E8CDB4617DA6A283505F5F72E2F013C97F6E5A356208CA463C279E6B774810CA54C20EB651D9BBE1CC29EF4883507F7C3415C0B0A299D028CEA986F5AD4A0D4263ED02D91D1284C652293BD846E5EE8633B7C48ED0A2458BDE632680737BE7DED0B04E715D8D671768B4DD21F5A1AEEC60DB0D87730C4227E35C2133014C2A089DEA3991B41EF849E9469731E2717CCE8BB88675BC7535D110940DF5A1AEEC60DB0D87730C42BFA9AFAFBFD04C00130E427158D2A17F6F3EFB7E2FE9E71CB2A4619D4CC036D495BA325CD083E912F711AAADADFD88990026DC58B43DFD6F23BE4B7FFCE947BD886B0634ACEA6A4ED5951D6C350A833B42070A85C20233014CB8B17866DBDF8F1884E26B5EC435038290BA9A2B7565075B8D422E086D2F168B9F3313C0841B8B439BBF3762108AAF7911D70C0842EA6AAED4951D6C350A9942A1B0B1BEBEFE4B6602108434038290BAAAF8BAB283AD4621B723B4210D43B5660298706311C7D88FD458C4D7BC886B06042175E58D1B438D320783D003C5627189990026DC581CDEFD0F233616F1352FE29A0141485D0942861A65AE29140AF7A44168B9990026DC58BCDC7E3039F4F8CD673715E9E7E26B5EC435038290BA9A2B7565075B8D426E4768751A866E3013C0A41AD6A34F3E785653119FF302AE191084D4D55CAA2B3BD86A147241E87BE9B8D94C00136F58FBFA92C37BEE3DBBA9483F175FF322AE191084D4D55CA92B3BD86A1432B11B542C16EF48C7EFA581E8A2F4E3C531CC0C30AEC622EEBBF1DCEEBB477C8735BEE6DE1C9A0141485DCDA5BAB283AD46A93E0D0D0D7F90869CCD69E0F9CF741C4DC7897424E5230D475F315BC0E88D455F5F72E2F013C97F6E5A356208CA463C279E6B7748332008A9AB59AF2B3BD86A94AA95069DC7860B3FB910F41F660918B5B1186B17C8EE90664010525773B1AEEC60AB51AA5B1CF696069EB74609422BCD12306A63319E5DA0D17687BCA86B0604A1F955570B172E7CE7BCAE2B3BD8D63EF8FFBB42778F10844E3636369E678680511B8B8986A06C7851AFDC66208EBF4EC79FCD74104A7FCBE4073FF8C198CFB9FEFAEB4B8F1F7EF8E1A4B7B777E8F3FFFCCFFF3CEAF77EF39BDF2C3D2F1B5FFCE217C7FCB39A9B9B477DCEDEBD7B4BCF6B6B6B4BD2A0511A575C7145F2AFFFFAAFA5CF1F3D7AF48CE73FFBECB3A5CFBFF8E28BA5EFFDFAD7BF5E1AF9EFF9C77FFCC729ADAB24493E70FCF8F1BDBB77EF4E6EBCF1C6EBE67A20B2836DED83B1A461E7FC083DE541287DEDBACDEC00DEB9D70C4CE69DB6EC056573A150F8D3E9AAAB1D3B76949AFF2C047CF0831F4C3EF399CF941EC778E49147920F7FF8C3678593FBEEBB6FE8F1830F3E38F43882D17883D0B265CBC615CC7EF4A31F8DF99CBBEFBEFB7F9AF5D75E2BFDFAF9E79F4F5E7EF9E5617FA677BDEB5DC9FBDEF7BEA4A3A36328C46DDCB8B1F4DCD75F7F7DCAEBEAD8B163CDE99FF35632A8AFAFEFF4FAF5EB0FAF58B1E2A3F369BDB2836DED83615EABAE2F0B42AFC595E3CC0C20086906261D8472E3B1E17688265B57E541217EFDFDEF7FFF8CD0F0DDEF7EF77FAE1076F4E8D08EC9673FFBD952008AC7B1C3927DEFC183074B1FEFBAEBAE3183D0C99327271D8476EDDA550A31D9739F7CF2C9A15DA0FCCED5D0AEC66050FAAFFFFAAFD2C7087A11EA22182D5FBE7CE8EF37D14094AFAB53A74E7DBCB3B3F337C908D29FB1F7F6DB6F5F3B170F21B1836DED8371EE0A9D3778E5B8ECDCA07F322B8020A41998EA2034B443940F4493ADAB08065BB76E1DDA018A1070E59557961EFFE55FFE6569A768B87092DF117AFFFBDF9F3CFEF8E3A5C7B17B14BB4CE3D9111A6F50BBF8E28B4B3F4F1C7617BF7EEAA9A74A5F8B43E1B21DA90B2EB820B9F6DA6B87BE67DBB66DA58FF7DC73CF193B5AF1B96F7DEB5BC9E1C38793175E78A1B42B159F7BF5D5574B7F46F69C96969609D755EABCF467FB697F7FFF403286818181FE4D9B36BDD4D4D4B4C87A6558FB988FD2D7A4BFCEBD46B97710A0B1D00C4C4F10CAEF10C52173535157D1F86FD8B061E87116081E7BECB1D24EC970CF8F1DA16CF725CEB3293F446DAC20F4A94F7D6ADC3FDB683B42B1B313E7DD64C12A0E758BC711EE22285D78E185C917BEF085A17383F6EFDF3FF4FBDE7FFFFD67ED64FDEA57BF9A54108ADFBFA7A7E7D5E41C757777F7DD7BEFBD5BE7CA2125D62B6B1F9CE36BD6BE74BC69261897B819D58A152B567DFBDBDFDE7BE59557765E7EF9E56F4673535F5F7FBAB1B1B16BC99225717DF6EBE379664B1032E66733308E3033E9315541E8D39FFEF4593B4271BED0A5975E3AF4BC080B71A8594DEE6202E5216ABCE7084D55108A7381E2396990285DFC200B34F1F719EE020EB113147FB74F7CE213A58094059FD81DCA07A28904A1F6F6F664CD9A35A59F650241A8F4BDE3FD77B75E198210B3DDC7C625B2D3F568433A0EA7A377707D8A8F47D3AFB5E86339CBD5575FDD70EDB5D71E493FBEB976EDDAFE7DFBF6955E3CE35DCC101FBBBABA925FFEF297D168BC7CD55557BD9C86A4FF5D2C162F377B829031FF82D03484A80371B7EEECAA63331984E2E20259F0C81F46960F425990387EFCF8941D1A3752108AF378B2DF2B7E860842714E5376585C7CEEF6DB6F3FEB7BF257B9CB76B50E1D3A74D6B9431399CB9FFFFCE7C9D2A54B7FB167CF9E130303036F8F2704F5F4F43CB46CD9B26D838DC345D35957D62B43106232D27EF4B238443B5D87FACEE14DBB6DFAD82A97BE30FE615353D3B3D75D77DD5B1172DE7EFBED71BF53F8D4534F9D5ABE7C795B5A44BB6B6B6BFFC86C0A42465506A13302D054D6551C02970F1E59C88943C922188C758E50849FFC450A2280646163B4201457759B8AABC6C59FF5B18F7DAC74EE50B6BB933D2E3F542F2ED0F0E8A38F96FECED965B53FF4A10F25975C72C950A08BF39D265B57D12CDC72CB2D6DDDDDDD5DA39C1F7468DDBA75FF14EFA6C6F367A2AEAC578620C4045F932E8A43B2277914C32E7D6C156A6E6EBEF6AAABAE3A1D2FBEE71280CAB5B4B4B43534349C94AA0521A3AA82D0DE689247BAEFCC74DC47280B42C35D5821BBEADA030F3C30F4FC18D9B93937DF7C73E96376A5B9D182505CA52DFFB538A727EE2B14237F4F9FCF7FFEF343BF8EB0523378085EB63BF5DBBFFDDB4387B6C56170D94514E267ACC99D0B943F8F273EFFD0430F0D9D675433781FA2B56BD70E7BEFA189D455FA82FF3BE99A7DD7238F3CD2D5DFDFFF466E39EF3D72E4C8DAF46B87D2707B67DC8B63A6EACA7A6508429CAB749DAA4B5F875ECA879A74FD4A6EBBEDB6E489279E488E1D3B96FCF77FFF7769718B5DF738D229CEDDBCF3CE3B93C58B1727C35C5E5B1F5B2DD217D51B57AE5CD9FFDC73CF2553217D717E7DC992251D71850EB32B0819151D8486DD019ACD2014230E19AB29BB4042F6783C235D0FCFB8A16AFED0BB6C77E75C7EDE0843F1F1DDEF7E7729D0C47C2C58B060E8EBD94E557C2CBF975004AEB8C25D5C5821FFB578D32AFF7B4CB6AED27FCB4F3635351D6C6D6D6D7FE38D3776AC5AB5EAE108B8F1F999AE2BEB952108718E21E82BE99AF3563E00C51B4E711AC778CF7F8CE7C7F7955D01551F5BE956AF5E7D73FAA23F30DE6219AFCECECEBE2BAEB8E284442D0819951B84D45565D55504DA74CDBE66B001B866AC80ABAE0C4188B9B013940F41718B82D8FD9988F8BE1B6EB8A13C0CE9632B38045DB26CD9B229DB092AD7DADAFA527D7D7DA7EBB50B428620E4DF73FED4D5640290BA32042166CAE0394127B3D012873D6787BF4D541C3677EBADB7961F26A78FAD44DFF9CE775E8CC32BA6D3FAF5EBFF234E3C33DB82902108CD8711E7E6C44D5ABFFEF5AF97CEF9C99F07945D8E3B1BF16259933B84EE339FF98CBA52578620C40C19BC32DCD04ED06443503E0C95ED0CE9632BCD0F7FF8C3EB5303A74F9F4EA65B6363E373B616052143C33A1FC605175C50BAF0C170E725E5EFF5938DBFF88BBF180A4271110375A5AE0C418819094197E5CF099AE8E170A31D26973F67481F5B619A9B9BBBE312D93361FFFEFDBF96A60521C3214CF3613CF8E083C9EFFEEEEF96DE5D2CDF118A0B1D94DF7B286E7EFA5BBFF55B7684D49531CFD63E2A673728DEA49A0E3FFBD9CFEC0A55A2C71F7FFCCFAFBEFAEA495D26FB5CA5CDC4B1F1DC848FE95B30D2F1671A8BCA6806D2FF521F481BF2BD71E9CF1B6FBCF13A27B54FDDB8F0C20B93CF7EF6B3677D3EE63AAE2C5433CC8D58BFFCE52F973EFF894F7C42109A82BAB25E1933B1F6317FFB958686863FC82E9010BB3671BFB7E9106B7ED9A5B5F5B19560EDDAB52D71A3C19974DB6DB7ED4C0BE87AB33F3B725BBB9B0B85C29F6A2CE66F3370ECD8B1E6DEDEDEB7B2FF5B7D7D7DA7D7AF5F7F78C58A151F1584263FE232D5D16F7DEA539F4ABEF0852F940E77FBE33FFEE3D2C7B817503C2EFF9E5B6EB9A5F43D1FFEF08705A129A82BEB9531136B1FF3B75F493FBF327BDE1D77DC31ADFD6BDC67281784F4B195E0FBDFFFFE897DFBF6CD6810DAB973E7C1B4801E35FBB3BBB0E4C663C3BDE3A2B198BBCDC0A953A73EDED9D9F99B51EEDFD57BFBEDB7AF6D6C6C3C4F103AF71127C746F8891187C2C5C81F1677D75D772577DF7DF7D04D4DF3DF7BCD35D7943E7FF1C5170B42531884AC57D6BEE95CFB98BFFD4AFAB90DD9D7B76FDF3EADFD6BEC3EE67E167D6C25B8FAEAAB4F9F387162468350FAE7B5A505D466F6E7CCC232F48E4B7E81D158CCBD6620755EDA78FFB4BFBF7F60ACFF67030303FD9B366D7AA9A9A969912034B130945D1861C3860D675C282182D048DF1787D2C57386DB2D1284AC57C6DC5CFB98BFFD4AFAEBC3D9E7A7FA2209E5DADBDBF33F873EB6122C59B26420EE8C3E93D23FEF545A40BD667F6E2D2CF9775C620B5A6331F72EE5DCD3D3F3EA048E6BEEBBF7DE7BB7A62F1ABF27089DFBF8D5AF7E550A36F14EE05841287B6E8DABC64D7B10B25E59FBA672ED63FEF62BE97823FBF5545D327BB44B69E7FE6C7D6CA514D96C1847711BB33C34167367C4BB506BD6AC299DAC3991133CE37BC7FBEF2E089D3DE27CA0BD7BF7268F3FFE7829E43CF2C823C33E6FE1C28582D0C49A19EB9531EB6B9F31FFC74CF7AF52841D213B4295F50ECB8142A1F095ECCA3B33DD5844F318279A6727A9D7D7D79746765E4676A852F988FA8DAFC75DA4C7FB67B5B4B4241FFAD08746FC7A5C1AF9D9679F1DF6677CE0810766A521F8F9CF7F9E2C5DBAF4177BF6EC3931303030AECB3CF6F4F43CB46CD9B26DE9BF6BCB5CB9C2CD7C6D58A3CEE226AA51034F3DF5D4881749C8C670F71F728F96B9B75EC5BFD50F7EF083319F73FDF5D7971E3FFCF0C3A55A18ED7E52F9F1CD6F7EF38CBAF8E217BF38E69FD5DCDC7C4E3FFF58CF8F105F33783E5B84F518F973DE8E1E3D7AC6F363ED8BCFBFF8E28BA5EF8D1B0A6737151EEE86C2D37DE3E14A59FB989EFFFFE9E3D7EC083161CE11B2B0943714B3D5B0C68B620494781CF76EC99FA81E5F8BC38EE26B7169CC380F2346F6821B578A89E7AC5CB9B2F4EBAC618D17E8ECF77FEF7BDF5B6A42E2EBD138C49FF1777FF77743BF7FBCE097FF3CF1FD5928CB9E77FFFDF79776046A86B974F24C34AC71E3B8B4E96EEBEEEEEE1AE518F943EBD6ADFBA738763A9E3F97EACF3BF782D06CAE573B76EC38E3E2171FFCE0074BCD78B6D6C4FFEDF22BFEC5FFF5B8BA6AF638EE2F953D8E6034DE209436E6E35A077FF4A31F9DD3BA39D6F3E33971718F78FCDA6BAF957EFDFCF3CF97D6D2E1FE0EEF7AD7BB92F7BDEF7D494747C750E8DBB871E3886F484DF78D872B65ED637AFEFF3B47884971D5B8AA5E58F6C60BC548F75E98A98635DE75CC42C63DF7DC536A3262B726FF2E654DD909EBF1629EEDDCE43FBF6BD7AE11C349FC1E0F3DF450E971FC79718F98FCD7CA9B81EC9C9093274F96DE41CD07A1F8180169B61AD6DADADADF696868B82B6DDABAFAFBFBDFC86FB81E3972646DFAB543E98BC59D8D8D8DE7CFB5FA138404A1D95CAFCAFFAFC7AFD3D7C13342C077BFFBDDD2E35883B2FFF7F1C64BAC4DF138DB2D8EC7070F1E1CF5BCB17C108AB564A68350AC891162B2E73EF9E49343BB40F99DAEFCDA5A3378C3E09AC1C340230446305ABE7CF9B03BF4D37DE3E14A59FB989EFFFFAE1AC7A4B88F50552E2CC3BEA33A9B0D6B76785BBC788EB423547E38D20B2FBC70560312BF4FECF6C4E7876B18E24A5E23ED086DDBB66D285C659F8B4349E2F157BFFAD5A1CFE51F67DF335B0D6BFA6FF9C9A6A6A683ADADADED6FBCF1C68E55AB563D1C2F18F1F9B95A7F829020349BEB5534FAF126467E6DB9F2CA2B4B8FE3F0AE68E2875B3BF23B42EF7FFFFB87CE178BDDA3D8651ACF8ED078834D5C7A3D7E9ED84DA919E150CCF13C3FD6AF6C072B766D22A864DF136B57F6E6537E072C3EF7AD6F7DAB1456628D8D5DACF8DCABAFBE3AB43EE777EF67E2C6C395B2F6313DFFFFDD4788494917F33FBFFAEAAB93B7DF7E7BC68250FA4273CC31BB73DF6C1C1A172FB471BC7EBC5B182FDA59B3F2B77FFBB7671C1E97BDAB192FB2F138FF7B648770447333D23BC1A3ED08E52F9B1CEFF6C6AF7FFFF77FBF7443CDECE78993E7CBEF1F335B0D6BBC40148BC56B062F297ACD5CBFBBBA202408CD765DE57798F36FC03CF6D863A59D8FE19E1F8D7EB6EE6487D1D6E40E391B2B08C51B3B5375A8DBB93C3FDED889409205B1EC4DA70883B186C53A186B5B766E50763871B6FB5DBEF3955D19311F84A6FBC6C395B2F6313D1A1A1AFE20AD81B7A20ED2C7A5433EA743F41B8B172FCE07217D6CA5686E6EEEFEE52F7F392321285D647F9D16CF2EB32E08E50F93B8FDF6DB878E27CF5EA8E390B9F217DC6CC4F1EDF94620DE6D8CDF271E8FF4EEEC7883D048CDD29FFCC99F9C71C8471C7232971AD6F9D204084282D05C08429FFEF4A7CFDA118AF3852EBDF4D2A1E745F31F878ED5E44EFA2F5F17C67B8ED06C05A1582BB3378D624DCD024DFCFD873B8F27D6D1988BD8A9895093059F6C073EFBFE589767EAC6C395B2F6317DE2BE425940897A9E0E3FFBD9CFF221481F5B497EF8C31FA66BFDF50333B12BF48D6F7CE399B4602F37EB1AD6FC3942712847F662991D4A911DA31E57698B66230E651BEEFBE358F7ECE208A39DB75333CE43E3F2CF8F17FDEC58FA7CC0AA293B6749C32A080942951784E262015990C81F16960F42593018E9DCC4891C1A37554128824AF667C7CF1C6B6D9C03951D16179F8B37A1CABF277F55BC6C17ECD0A143679D3B3453371EAE941A655A83D0655948895DA1A9BE6842FC7EF1FBE66EE8AA8FAD347FF3377FD3F1E8A38F4E6B085ABF7EFD7F448AF6EE8D8675A417F478B1CD424D3421F1318EC51FCFF78ED568E48352F98E5076FC7FF9F3B32B27C5E3F24BCECEB51D217565A8ABF1FD9DE310B8F24372B343C3A2D11FEB1CA1083FF98B0E4400C8C2C36841280ED9998DABC6C5CFF6B18F7D6CE80DA7D8DDC91E971FDA171774885E20E628BB604D5CBCE6924B2E190A3AC3ADC9D379E3614188F148FBCB6D59508943EBA7EA52DA11F66FB8E186337683F4B11568F5EAD5972C5BB6ACFFB9E79E9B9610D4DADAFA527D7D7D679AA22F36DB1AD6E14E60CEBFBB1A8767C4BBB4D93B9263DD1F235E58E3453A1E475819EBEA4CE54168A4062316BDEC71FE269A7684042141A832EA2A1F84865B97B2B529BB7F58D6C0E7EF5F161FB32BCD8D1684E2AA6BF9AFC50E785CD23F46FE4D96B81475F6EB6C5D8B5DF1737D7EB69B15E7E96487B6C56143D94514E2EF54933B17287F5FA09ADC5536B35DA0F8BE082E35C3DC7B683A6F3C2C0831CE2074513A4E668125FE6F4E360C45088A7B5FE542D06BFAD8CA0E4337AF5CB972A0ABAB6B4A43506767675FBA489FB095A8611DE3852E696C6C2C5D9D283BE4224EA8CDAE5A1487ADC4E127B143138776C48B695CF1A8BC718917F7C13B3E8FB89B1487638C75D9D67C98AA19BC646EFCF9D92574E3E7D0B00A428250E506A118D93DC3F2174828BFE7D86823EE6D5693BB8168FED0BB6CB7E65CAFB0792ECFCFCEA77CF7BBDF5D0A34314F0B162C18FA7AB6B355FE86531C4217812B0E092E3FE438768CF2BFC774DF78581062BC0A85425D76E1846C6768A287C9C5F795ED043924AE4AC2D01DE9C23D653B43478F1E7D7DC992259D69717EC7EC6A580D0DABBA5257EACAA8C61A65C676861AF36128CEED899DD038FF78BC57878B0B23E4CF098AA18FAD22CDCDCDD7FED55FFDD55BF1AECF642EA0D0D2D2D29616526C53369A558D85A1195057EA4A5D19821033B133948EEE7C90896013F7198A9BAEC66E4F76D85C1C7DD2DEDE5E3ABF6DCD9A35A52353F2DF1787C3E963ABD0D2A54BFFB0A9A9E9F075D75DF7769C7F712ED2E7BFB672E5CA63F5F5F57B1C4BA9B1303403EA4A5DA92B4310628677862ECA5F567B8263973EB6CAAD58B162C9B5D75EFBFCF2E5CB4FC755730E1C38909C3871A2741C70888F714E5184A5FBEFBFBFFBAAABAE7A79F1E2C5FF27D2B3AB6A682C0CCD80BA5257EACA50A3CC6220FADA60207AEB5C02903E9633C49D7BD330D4FCED6F7F7BEF37BEF18DB8025CA9A0D28FA7AFB8E28A97962C59F278FAEBEBDD695710323403EA4A5DA92B438D32D7FAD834105D93F6A91BD271341DBD83A1273EB6A5E3517D2CA0B1D00CA82B75A5AE0C350A8020646806D495BA5257861A054010323403EA4A5DA92B438D022008199A0175A5AED495A1460110840CCD80BA5257EACA50A300682C0CCD80BA5257EACA108400D0581855DB0C6CDDBAD5BFE7DC19BD695DBD65BD32AC7D00A0B1D00C4CB39D3B779E889B30FB379DFDD1DEDEBE3EADAB67AC5786B50F0034169A8169F6C4134F5CBA7DFBF69ECECECE37E6798898D73B411182B66CD9F2423ABE66BD32AC7D00A0B1D00CCC80B4F9FE4AFAF739108765C5DF6BBE8DFDFBF7276BD6AC495A5A5A92F9F8F30FCEFB33951282AC57D63E00D0586806986649929CF7CA2BAF74A792A54B97FEC28C58AF0C6B1F001A0B433350F1DADADA7E9A0CDAB3674F7BB158BCCCAC58AF0C6B1F001A0B433350B14E9D3AF5F1FEFEFE8124E7D65B6F6D6B6C6C3CDFEC58AF0C6B1F001A0B433350913A3A3A5A93323D3D3D1D0D0D0D77991DEB9561ED0340636168062ACEB163C79A9311B4B4B474D4D5D57DD22C59AF0C6B1F001A0B43335031D2ACF381BEBEBED32305A1818181379B9A9A0E2E5CB8F09D66CB7A6558FB00D058189A818A70FCF8F1BDC9185A5B5BDB8AC5E23566CB7A6558FB00D058189A818AB07BF7EEB17250D2DBDBBBBDAEAE2E696C6C3CCF8C59AF0C6B1F001A0B433330EFDD74D34D2B463B342E72D0AA55AB1EB62364BD32AC7D00682C0CCD404559BF7EFDAF474A41478E1C595B5757B7D73942D62BC3DA0780C6C2D00C5494DADADA3F4A034FEF30174A38D4D0D070C855E366D7D6AD5BAD1395397AD3B5EF2D150E80C64233C02C5ABD7AF5DD69F0E9CF07A1FBEEBBEFC78542E14EB333BB76EEDC79A2ABABCB5A5161A3BDBD7D7DBAF63DA3C201D0586806984571E8DBA64D9BBA7237537DA8AEAEEE706363E3F96667763DF1C413976EDFBEBDA7B3B3F38D2A580FAAE2CD9F58F7B66CD9F2423ABEA6C201D05854E14E9066606E59B972E5E7BBBBBBFBD2912C5DBA744BB158BCCCACCC0DE9FF91AF6CDEBCF940EC9EC6A1A49538F6EFDF9FAC59B3266EE29B54EADF7170C4BFE133D63D003416131CF7DE7B6F129734D60C3095D6AD5BF75834A38542A1C56C3053922439EF95575EE91E0CE1BF302300C088D210D4114168E1C285EEEDC2948943E1A2AEE2020A668399D2D6D6F6D3ECB0CC3D7BF6B4DB8D040086552814FE3A9AD5C171A319618A43B6ABF831634E9D3AF5F1FEFEFE81FC853A6EBDF5D636E7A70100C335AA2FE682D029338220C47CD5D1D1D15A7EE9F69E9E9E8E868686BBCC0E00906F5217E7425069140A855BCC0C8210F3CDB163C79A47BA996F4B4B4B877B580100F926B5A33C08C5AE9073851084984FD2ACF381BEBEBED32305A1818181379B9A9A0EC6A5DDCD16006850170F13824AA3582CDE66861084982F8E1F3FBE3719436B6B6B5BBAB65D63B60040837A72A420948ED7CC108210F3C5EEDDBBC7CA41496F6FEFF6A8C7C6C6463BDE0050C5CDE9E25142907385108498576EBAE9A615A31D1A173968D5AA550FDB110200CD69C75841C815E41084984FD6AF5FFFEB9152D0912347D6A6B5B8D7394200808615754545891BF7A681A777980B251C6A686838E4AA71008086157545455ABD7AF5DD69F0E9CF07A1FBEEBBEFC78542E14EB303006858515754A438F46DD3A64D5DB99BA93E94D6E0E1C6C6C6F3CD0E00A061455D51B156AE5CF9F9EEEEEEBE74244B972EDD522C162F332B008086157545C55BB76EDD636BD6AC89AB5FB6980D0040C38ABAA22AC4A170517B710105B3010068585157A83D00004D03EA0AB50700681A405DA1F600004D03A82BD41E00A069007585DA0300340DA0AE507B0080A601D4156A0F00D034A0AE40ED01009A06D415A83D0040D380BA02B50700681A5057A0F600004D03EA0AD41E00A069405D81DA0300340DA82B507B0080A6017585DA0300D034A0AE507B00009A06D4156A0F00D034681A5057A83D0040D300EA0AB50700681A405DA1F600004D03A82BD41E00A069007585DA0300340DA82B7585DA0300340DA82B507B0080A60175056A0F00D034A0AE40ED01009A06D415A83D0040D380BA02B50700681A5057A0F600004D03EA0AB5A7F600004D03EA0AB50700A069405DA1F60000340DA82BD41E00A069007585DA0300340DA0AE507B0080A601D4156A0F00D03480BA42ED01009A065057A83D0040D380BA02B50700681A5057A0F600004D03EA0AD41E00A069405D81DA0300340DA82B507B0080A60175056A0F00D034A0AE40ED0100E36F1A0C633A86FF5D08420080A601C09A0600681A00AC690080A601C09A0600681A00AC690080A601C09A0600681A00AC690080A601B0A659D300004D03604D0300D03400D63400004D03604D0300340D00D6340040D300604D0300340D00D6340040D300604D0300340D00D6340040D300604D0300340D00D6340040D300604D0300340D00D6340040D300604D0300340D00D6340040D300604D0300340D80350D0040D30058D30000340D80350D00D0340058D300004D0380350D00D0340058D300004D0380350D00D0340058D300004D0380350D00D0340058D300004D0380350D00D0340058D300004D0380350D00D0340058D300004D0380350D00D03400D63400004D03604D0300D03400D6340040D300604D0300340D00D6340040D300604D0300340D00D6340040D300604D0300340D00D6340040D300604D0300340D00D6340040D300604D0300340D00D6340040D300604D0300340D00D6340040D30058D30000340D80350D0040D30058D300004D0380350D00D0340058D300004D0380350D00D0340058D300004D0380350D00D0340058D300004D0380350D00D0340058D300004D0380350D00D0340058D300004D0380350D00D0340058D300004D03604D0300D03400D63400004D03604D0300340D00D6340040D300604D0300340D00D6340040D300604D0300340D00D6340040D300604D0300340D00D6340040D300604D0300340D00D6340040D300604D0300340D00D6340040D300604D0300340D80350D0040D30058D30000340D80350D00D034681A006B1A00A06900B0A6010095DF3418866154D2B0B203000000000000000000000000000000000000000000000000000000000043FE1F51C8D154DE8A06AA0000000049454E44AE426082, '1');
INSERT INTO ACT_GE_BYTEARRAY VALUES ('140009', '1', 'Leavebill.bpmn20.xml', '140008', 0x3C3F786D6C2076657273696F6E3D22312E302220656E636F64696E673D225554462D38223F3E0A3C646566696E6974696F6E7320786D6C6E733D22687474703A2F2F7777772E6F6D672E6F72672F737065632F42504D4E2F32303130303532342F4D4F44454C2220786D6C6E733A7873693D22687474703A2F2F7777772E77332E6F72672F323030312F584D4C536368656D612D696E7374616E63652220786D6C6E733A7873643D22687474703A2F2F7777772E77332E6F72672F323030312F584D4C536368656D612220786D6C6E733A61637469766974693D22687474703A2F2F61637469766974692E6F72672F62706D6E2220786D6C6E733A62706D6E64693D22687474703A2F2F7777772E6F6D672E6F72672F737065632F42504D4E2F32303130303532342F44492220786D6C6E733A6F6D6764633D22687474703A2F2F7777772E6F6D672E6F72672F737065632F44442F32303130303532342F44432220786D6C6E733A6F6D6764693D22687474703A2F2F7777772E6F6D672E6F72672F737065632F44442F32303130303532342F44492220747970654C616E67756167653D22687474703A2F2F7777772E77332E6F72672F323030312F584D4C536368656D61222065787072657373696F6E4C616E67756167653D22687474703A2F2F7777772E77332E6F72672F313939392F585061746822207461726765744E616D6573706163653D22687474703A2F2F7777772E61637469766974692E6F72672F70726F63657373646566223E0A20203C70726F636573732069643D224C6561766562696C6C22206E616D653D224C6561766562696C6C2220697345786563757461626C653D2274727565223E0A202020203C73746172744576656E742069643D2273746172745461736B22206E616D653D22E5BC80E5A78B223E3C2F73746172744576656E743E0A202020203C757365725461736B2069643D22757365727461736B3122206E616D653D22E68F90E4BAA4E794B3E8AFB7222061637469766974693A61737369676E65653D22237B757365726E616D657D223E3C2F757365725461736B3E0A202020203C757365725461736B2069643D22757365727461736B3222206E616D653D22E5AEA1E689B9E38090E4B88AE7BAA7E9A286E5AFBCE38091223E0A2020202020203C657874656E73696F6E456C656D656E74733E0A20202020202020203C61637469766974693A7461736B4C697374656E6572206576656E743D226372656174652220636C6173733D22636F6D2E6D732E6C697374656E65722E5461736B4C697374656E6572496D706C223E3C2F61637469766974693A7461736B4C697374656E65723E0A2020202020203C2F657874656E73696F6E456C656D656E74733E0A202020203C2F757365725461736B3E0A202020203C757365725461736B2069643D22757365727461736B3322206E616D653D22E5AEA1E689B9E38090E4B88AE4B88AE7BAA7E9A286E5AFBCE38091223E0A2020202020203C657874656E73696F6E456C656D656E74733E0A20202020202020203C61637469766974693A7461736B4C697374656E6572206576656E743D226372656174652220636C6173733D22636F6D2E6D732E6C697374656E65722E5461736B4C697374656E6572496D706C223E3C2F61637469766974693A7461736B4C697374656E65723E0A2020202020203C2F657874656E73696F6E456C656D656E74733E0A202020203C2F757365725461736B3E0A202020203C656E644576656E742069643D22656E645461736B22206E616D653D22E7BB93E69D9F223E3C2F656E644576656E743E0A202020203C73657175656E6365466C6F772069643D22666C6F77312220736F757263655265663D2273746172745461736B22207461726765745265663D22757365727461736B31223E3C2F73657175656E6365466C6F773E0A202020203C73657175656E6365466C6F772069643D22666C6F773322206E616D653D22E5908CE6848F2220736F757263655265663D22757365727461736B3222207461726765745265663D22757365727461736B33223E0A2020202020203C636F6E646974696F6E45787072657373696F6E207873693A747970653D2274466F726D616C45787072657373696F6E223E3C215B43444154415B247B6F7574636F6D653D3D27E5908CE6848F277D5D5D3E3C2F636F6E646974696F6E45787072657373696F6E3E0A202020203C2F73657175656E6365466C6F773E0A202020203C73657175656E6365466C6F772069643D22666C6F773222206E616D653D22E68F90E4BAA42220736F757263655265663D22757365727461736B3122207461726765745265663D22757365727461736B32223E0A2020202020203C636F6E646974696F6E45787072657373696F6E207873693A747970653D2274466F726D616C45787072657373696F6E223E3C215B43444154415B247B6F7574636F6D653D3D27E68F90E4BAA4277D5D5D3E3C2F636F6E646974696F6E45787072657373696F6E3E0A202020203C2F73657175656E6365466C6F773E0A202020203C73657175656E6365466C6F772069643D22666C6F773522206E616D653D22E694BEE5BC832220736F757263655265663D22757365727461736B3122207461726765745265663D22656E645461736B223E0A2020202020203C636F6E646974696F6E45787072657373696F6E207873693A747970653D2274466F726D616C45787072657373696F6E223E3C215B43444154415B247B6F7574636F6D653D3D27E694BEE5BC83277D5D5D3E3C2F636F6E646974696F6E45787072657373696F6E3E0A202020203C2F73657175656E6365466C6F773E0A202020203C73657175656E6365466C6F772069643D22666C6F773622206E616D653D22E9A9B3E59B9E2220736F757263655265663D22757365727461736B3222207461726765745265663D22757365727461736B31223E0A2020202020203C636F6E646974696F6E45787072657373696F6E207873693A747970653D2274466F726D616C45787072657373696F6E223E3C215B43444154415B247B6F7574636F6D653D3D27E9A9B3E59B9E277D5D5D3E3C2F636F6E646974696F6E45787072657373696F6E3E0A202020203C2F73657175656E6365466C6F773E0A202020203C73657175656E6365466C6F772069643D22666C6F773722206E616D653D22E9A9B3E59B9E2220736F757263655265663D22757365727461736B3322207461726765745265663D22757365727461736B31223E0A2020202020203C636F6E646974696F6E45787072657373696F6E207873693A747970653D2274466F726D616C45787072657373696F6E223E3C215B43444154415B247B6F7574636F6D653D3D27E9A9B3E59B9E277D5D5D3E3C2F636F6E646974696F6E45787072657373696F6E3E0A202020203C2F73657175656E6365466C6F773E0A202020203C73657175656E6365466C6F772069643D22666C6F773422206E616D653D22E5908CE6848F2220736F757263655265663D22757365727461736B3322207461726765745265663D22656E645461736B223E0A2020202020203C636F6E646974696F6E45787072657373696F6E207873693A747970653D2274466F726D616C45787072657373696F6E223E3C215B43444154415B247B6F7574636F6D653D3D27E5908CE6848F277D5D5D3E3C2F636F6E646974696F6E45787072657373696F6E3E0A202020203C2F73657175656E6365466C6F773E0A20203C2F70726F636573733E0A20203C62706D6E64693A42504D4E4469616772616D2069643D2242504D4E4469616772616D5F4C6561766562696C6C223E0A202020203C62706D6E64693A42504D4E506C616E652062706D6E456C656D656E743D224C6561766562696C6C222069643D2242504D4E506C616E655F4C6561766562696C6C223E0A2020202020203C62706D6E64693A42504D4E53686170652062706D6E456C656D656E743D2273746172745461736B222069643D2242504D4E53686170655F73746172745461736B223E0A20202020202020203C6F6D6764633A426F756E6473206865696768743D2233302E30222077696474683D2233302E302220783D223130352E302220793D223230332E35223E3C2F6F6D6764633A426F756E64733E0A2020202020203C2F62706D6E64693A42504D4E53686170653E0A2020202020203C62706D6E64693A42504D4E53686170652062706D6E456C656D656E743D22757365727461736B31222069643D2242504D4E53686170655F757365727461736B31223E0A20202020202020203C6F6D6764633A426F756E6473206865696768743D2238302E30222077696474683D223130302E302220783D223234302E302220793D223137382E35223E3C2F6F6D6764633A426F756E64733E0A2020202020203C2F62706D6E64693A42504D4E53686170653E0A2020202020203C62706D6E64693A42504D4E53686170652062706D6E456C656D656E743D22757365727461736B32222069643D2242504D4E53686170655F757365727461736B32223E0A20202020202020203C6F6D6764633A426F756E6473206865696768743D2238302E30222077696474683D223130302E302220783D223339302E302220793D223137382E35223E3C2F6F6D6764633A426F756E64733E0A2020202020203C2F62706D6E64693A42504D4E53686170653E0A2020202020203C62706D6E64693A42504D4E53686170652062706D6E456C656D656E743D22757365727461736B33222069643D2242504D4E53686170655F757365727461736B33223E0A20202020202020203C6F6D6764633A426F756E6473206865696768743D2237372E30222077696474683D223131392E302220783D223534302E302220793D223138302E30223E3C2F6F6D6764633A426F756E64733E0A2020202020203C2F62706D6E64693A42504D4E53686170653E0A2020202020203C62706D6E64693A42504D4E53686170652062706D6E456C656D656E743D22656E645461736B222069643D2242504D4E53686170655F656E645461736B223E0A20202020202020203C6F6D6764633A426F756E6473206865696768743D2232382E30222077696474683D2232382E302220783D223739362E333939393933383936343834342220793D223230362E30223E3C2F6F6D6764633A426F756E64733E0A2020202020203C2F62706D6E64693A42504D4E53686170653E0A2020202020203C62706D6E64693A42504D4E456467652062706D6E456C656D656E743D22666C6F7731222069643D2242504D4E456467655F666C6F7731223E0A20202020202020203C6F6D6764693A776179706F696E7420783D223133352E302220793D223231382E35223E3C2F6F6D6764693A776179706F696E743E0A20202020202020203C6F6D6764693A776179706F696E7420783D223234302E302220793D223231382E35223E3C2F6F6D6764693A776179706F696E743E0A2020202020203C2F62706D6E64693A42504D4E456467653E0A2020202020203C62706D6E64693A42504D4E456467652062706D6E456C656D656E743D22666C6F7732222069643D2242504D4E456467655F666C6F7732223E0A20202020202020203C6F6D6764693A776179706F696E7420783D223334302E302220793D223231382E35223E3C2F6F6D6764693A776179706F696E743E0A20202020202020203C6F6D6764693A776179706F696E7420783D223339302E302220793D223231382E35223E3C2F6F6D6764693A776179706F696E743E0A2020202020203C2F62706D6E64693A42504D4E456467653E0A2020202020203C62706D6E64693A42504D4E456467652062706D6E456C656D656E743D22666C6F7733222069643D2242504D4E456467655F666C6F7733223E0A20202020202020203C6F6D6764693A776179706F696E7420783D223439302E302220793D223231382E35223E3C2F6F6D6764693A776179706F696E743E0A20202020202020203C6F6D6764693A776179706F696E7420783D223534302E302220793D223231382E35223E3C2F6F6D6764693A776179706F696E743E0A2020202020203C2F62706D6E64693A42504D4E456467653E0A2020202020203C62706D6E64693A42504D4E456467652062706D6E456C656D656E743D22666C6F7734222069643D2242504D4E456467655F666C6F7734223E0A20202020202020203C6F6D6764693A776179706F696E7420783D223635392E302220793D223231382E35223E3C2F6F6D6764693A776179706F696E743E0A20202020202020203C6F6D6764693A776179706F696E7420783D223732372E363939393936393438323432322220793D223231382E35223E3C2F6F6D6764693A776179706F696E743E0A20202020202020203C6F6D6764693A776179706F696E7420783D223732372E363939393936393438323432322220793D223232302E30223E3C2F6F6D6764693A776179706F696E743E0A20202020202020203C6F6D6764693A776179706F696E7420783D223739362E333939393933383936343834342220793D223232302E30223E3C2F6F6D6764693A776179706F696E743E0A2020202020203C2F62706D6E64693A42504D4E456467653E0A2020202020203C62706D6E64693A42504D4E456467652062706D6E456C656D656E743D22666C6F7735222069643D2242504D4E456467655F666C6F7735223E0A20202020202020203C6F6D6764693A776179706F696E7420783D223239302E302220793D223137382E35223E3C2F6F6D6764693A776179706F696E743E0A20202020202020203C6F6D6764693A776179706F696E7420783D223239302E302220793D223131302E3830303030333035313735373831223E3C2F6F6D6764693A776179706F696E743E0A20202020202020203C6F6D6764693A776179706F696E7420783D223830362E323130333439343832343937372220793D223131302E3830303030333035313735373831223E3C2F6F6D6764693A776179706F696E743E0A20202020202020203C6F6D6764693A776179706F696E7420783D223830362E323130333439343832343937372220793D223139362E39383936343734363537343435223E3C2F6F6D6764693A776179706F696E743E0A2020202020203C2F62706D6E64693A42504D4E456467653E0A2020202020203C62706D6E64693A42504D4E456467652062706D6E456C656D656E743D22666C6F7736222069643D2242504D4E456467655F666C6F7736223E0A20202020202020203C6F6D6764693A776179706F696E7420783D223434302E302220793D223235382E35223E3C2F6F6D6764693A776179706F696E743E0A20202020202020203C6F6D6764693A776179706F696E7420783D223434302E302220793D223332312E38303030303330353137353738223E3C2F6F6D6764693A776179706F696E743E0A20202020202020203C6F6D6764693A776179706F696E7420783D223239302E302220793D223332312E38303030303330353137353738223E3C2F6F6D6764693A776179706F696E743E0A20202020202020203C6F6D6764693A776179706F696E7420783D223239302E302220793D223235382E35223E3C2F6F6D6764693A776179706F696E743E0A2020202020203C2F62706D6E64693A42504D4E456467653E0A2020202020203C62706D6E64693A42504D4E456467652062706D6E456C656D656E743D22666C6F7737222069643D2242504D4E456467655F666C6F7737223E0A20202020202020203C6F6D6764693A776179706F696E7420783D223539392E352220793D223235372E30223E3C2F6F6D6764693A776179706F696E743E0A20202020202020203C6F6D6764693A776179706F696E7420783D223539392E352220793D223430392E38303030303330353137353738223E3C2F6F6D6764693A776179706F696E743E0A20202020202020203C6F6D6764693A776179706F696E7420783D223239302E302220793D223430392E38303030303330353137353738223E3C2F6F6D6764693A776179706F696E743E0A20202020202020203C6F6D6764693A776179706F696E7420783D223239302E302220793D223235382E35223E3C2F6F6D6764693A776179706F696E743E0A2020202020203C2F62706D6E64693A42504D4E456467653E0A202020203C2F62706D6E64693A42504D4E506C616E653E0A20203C2F62706D6E64693A42504D4E4469616772616D3E0A3C2F646566696E6974696F6E733E, '0');
INSERT INTO ACT_GE_BYTEARRAY VALUES ('140010', '1', 'Leavebill.Leavebill.png', '140008', 0x89504E470D0A1A0A0000000D4948445200000342000001A3080600000001D9A57A0000221F4944415478DAEDDD7D8C9D55B928F01A35A2DC444C0E51A3869AE31F440D1A23F11AAFDA70628C622306C73D7B86A1031EA6A69D0A052A5A291FD710B85482944B2C1C0E1234506CCCE8C5865E3E0BDCB6DC22E8E514518A53ECB4B4D3022DD2D20F98BE773D3B7DE7BC1D66A6D3E97CECD9EFEF973C99E9CC9E8FAE3E5DFB79DEB5DEB5A74D030000000000000000000000000000000000000000000000000000000000000000000000000000000000000000000000000000000000000000000000000000000000000000000000000000000000000000000000000000000000000000000000000000000000000000000000000000000000000000000000000000000000000000000000000000000000000000000000000000000000000000000000000000000000000000000000000000000000000000000000000000000000000000000000000000000000000000000000000000000000000000000000000000000000000000000000000000000000000000000000000000000000000000000000000000000000000000000000000000000000000000000000000000000000000000000000000000000000000000000000000000000000000000000000000000000000000000000000000000000000000000000000000000000000000000000000000000000000008071F0364300944A7373732684104208A119024AD708190500287D3DB067E6CC99EF31128046080028533DB0A3A9A9E94423016884008032D5032FB4B4B49C6424008D1000501AD56AF599A6A6A68F1B094023040094A91E78A252A99C6A24008D100050A67A6055B55AFDB291003442004069542A95152D2D2D5F37128046080028533DB03C35434D4602D008010065AA076EAF56ABB38C04A01102004AA352A9DC941AA1394602D008010065AA0716A766688191003442004099EA812B525C6E24008D1000501AB11A54AD56AF35128046080028533D3037EE1332128046080028533DD09EE2174602D0080100A511AF2154AD567F6D24008D100050A67AE0F4D40CAD30128046080028533D3023C5C34602D0080100A551A9544E4D35C13A230168840080D2A856AB9F48F18C91003442004099EA81E929361A094023040094465353D389A926D86E24008D1000501A6D6D6DC7A79A608F91003442004099BC2DD5047DF1D650001A2100A04C35C19E993367BEC748001A2100A04C35C18EB857C848001A2100A04C35C10B2D2D2D271909402304009446BC8E505353D3C78D04A0110200CA54133C51A9544E35128046080028534DB0AA5AAD7ED948001A2100A0342A95CA8A969696AF1B094023040094A926589E9AA12623016884008032D504B757ABD5594602D0080100A551A9546E4A8DD01C23016884008032D5048B5333B4C048001A2100A04C35C115292E371280460800288D580DAA56ABD71A094023040094A926981BF70919094023040094A926684FF10B230168840080D288D710AA56ABBF36128046080028534D707A6A865618094023040094A9269891E261230168840080D2A8542AA7A6BA609D9100344200406954ABD54FA478C648001A2100A04C35C1F4141B8D04A01102004AA3A9A9E9C454176C371280460800288DB6B6B6E3535DB0C748001A2100A04CDE96EA82BE786B28008D100050A6BA60CFCC9933DF6324008D100050A6BA6047DC2B6424008D100050A6BAE085969696938C04A01102004A235E47A8A9A9E9E346026868BDBDBD672E59B2248BD70D301A0040AA099EA8542AA71A09A061655976DC2BAFBCB233C93A3A3A7E6F440080D408ADAA56AB5F361240C3EAE9E9F96576C89A356BB6A449EF0CA30200E556A95456B4B4B47CDD48000D69F7EEDD9FEAEBEB3B98155C75D5553DEDEDED27181D0028AFE6E6E6E5A9196A32124043DAB66D5B7736C0AE5DBBB6B5B6B6DE607400A0D48DD0EDD56A759691001ACEA64D9B166543E8EAEADA9626C0CF1A250028A74AA572536A84E61809A0A1A45EE703FBF6ED3B30542374F0E0C1FDF3E7CF7F7AC68C19EF305A00503ECDCDCD8B5333B4C048000D65F3E6CD6BB323E8EEEEEEA956AB17182D0028652374458ACB8D04D05056AF5E7DA43E28DBBB77EFAA7891D5F6F6F6E38C1800944BAC0655ABD56B8D04D0502EBBECB2B9C36D8D8B3E68E1C285775B110280726A6E6E9E1BF7091909A0E12C5BB6ECAF437541CF3FFFFCD23401AE758F100094B6116A4FF10B2301349CA6A6A68FA58667EF200725AC6F6D6D5DEFD4380028AF780DA16AB5FA6B230134A4C58B17DF981A9FBE622374EBADB7FE7B9AFCAE373A00505ECDCDCDA7A77A608591001A526C7D5BB972E5F6C28BA9DE9926BE0DEDEDED27181D002875233423C5C3460268589D9D9DA7EDDCB9735F8AACA3A3E3816AB57A8651018072AB542AA7A646689D9100869465D93BBABBBB973FFEF8E37D0F3EF86076FFFDF74FB9B8E38E3BB2254B9664975C72C994FCFD1F78E081ECD1471F7D29C559F24AC82B806357AD563F91E21923010C298AD5C71E7B2CDBBE7D7BB67FFFFE2919B11A14AF19B469D3A629FB77D8B16347F6C8238FBC9A8AD76FCB2B21AF008E4DAA0BA6A7D868248021C515FB462856B76CD9D20845EBFEFBEFBFFF597925E4D5E0AC345AB584916A6A6A3A313542DB8D0430A42826148BF513A93878435E097935382B8D562D61A4DADADA8E4F8DD01E23010C29AECA7932AEAB82359357425E0DCE4AA3554B380A6F4B8D505FBC3514C03115ACBB776DCDBA9FF845F6CC03FFBD16F17E7CCC93B882555EC9AB8962A5D1AA251C8D58119A3973E67B8C0430EA82F5B59D5BB2F5FF7B51F6FF562C382CE263F1394FE20A567925AFEAA9C11672140E35423BE25E2123018CBAB0E879E67FBDA558CD63F333F77812570CC82B7955578D909546390A871AA1175A5A5A4E3212C0A80B8B671FFE1F4316ACF1394FE28A017925AFEA25AFAC34CA51C8C5EB083535357DDC4800A32E2CD6DF7FC590056B7CCE93B862405EC9AB7AC92B2B8D72140A2B424F542A95538D04A060550CC82B79D5F07965A5518E42A1115A55AD56BF6C2480511716B1C77EA8C2223EE7495C3120AFE495065BC851EA4DA55259D1D2D2F27523018CBAB0D8B0FA7F0E5958C4E73C892B06E495BCD20809394A1DAE082D4FCD50939100465D58BCBCE5E96CFD7D97BFB5A8481F8BCF7912570CC82B79552F7965A5518E42A111BABD5AADCE3212C0A80B8B888D7FB8E32D45457CCC13B862405EC9AB7ACA2B2B8D721472954AE5A6D408CD3112C0E80BD67DFBB20D6B7EFED6A2227D2C3EE7495C3120AFE455BDE4959546390A8515A1C5A9195A602480511516F1BA1BCFADBE71C82BACF139AFCDA1189057F2AA6E1A6C2B8D7214FEB311BA22C5E5460238BAC262DFBE6CEB8687B2FF58B970C862358F784C3CD6557CC580BC925793DE08596994A37048AC0655ABD56B53FC536A88A6A7B72747181960C8C2E24857EB5DC5570CC82B79558F8D909546394A79B5B6B67E383539F7A786E73F526C4CB1354536305273F40DA3050C59588CE46AFD7057F13DA92B06E495BC9AD046C84AA31C8569B5AD70F70ED6FC149AA03F1A2560D8C262B4C56A1E9ED41503F24A5E4D545E596994A3908B6D6FA9E179639846A8D3280147BEC22A1403F24A5E4D81BCB2D2284761C0AAD08D4334423BDADBDB8F33428082553120AFE45543E4959546390A45A9D939219A9E818D50B55ABDDAE8000A56C580BC9257F24AC8511A7955E8E2018DD06B71729C910114168A017925AFE49590A334F2AAD071874E8ECBEF0DFA37A3C211C5D18373E7CE5D78FEF9E7AF3DF7DC737BCF3AEBACFD91402D2D2D0752526D9F356B569CC671713CCE6869848462405EC92B7925E428F5A85AADFE6B615B9CD70E6268F3E6CD6BBDF0C20B9F4F6FF72F5DBAB4EFF1C71FCFB66CD992EDDDBB370BF176FBF6EDD9934F3E99DD72CB2D2F9F77DE792FA726E9FFA4C43ACBE8292C8462405EC92B7925E428F52635418FA7D86F2418544747C73FCF9F3FFF2F175D74D11BD1E4BCF9E69BD9483DF5D453BBE7CC99D3939AA1D54D4D4D1F339A0A0BA1189057F24A5E098D109325762CC511D9A9F9599E62438ABD875685E2EDC6F4B92E3B9BA859B468D185E79D77DE817BEEB9E7A81AA081BABABA7A5242EDB03AA4B0108A017925AFE495D00831D1520D7A468AFB5393B36FB817541D100FAB5D4B6AE9D2A597767676F63DF7DC73D958D8B871E39E59B3666D8BFD98465761211403F24A5EC92BA11162BCA566667A8A7B8FA2F9192C1EB3B3A944162F5E7C796A820EC63D3F63A9B7B777DFD9679FBD5577ADB0108A017925AFE495D008319E2A954A73AA395F2A3635ADADADD9D5575F9D3DF4D043D9A64D9BB27FFCE31FB51A75CF9E3DB57BDF57AF5E9D5D7FFDF5595B5B5B36C8F1DAEAD7123441A7CC9E3D7BCC568206EAEEEE7EA9A5A5A5D7E91C0A0BA160F5EF29AFE495D008314E4DD03752F3F246B101FAD5AF7E958DF422FFCE9D3B6B8F8FAF1BF0A2AB763635B21FFEF0872FC63D41E369D9B2657F8C6546A3ADB0100A5621AFE495D00831D62B41C526E8C20B2FACADFE8C467CDD82050B06364356861AD175D75D777172F0C08103D9786B6F6F7F4E22292C848255C82B792534428C9543F704EDC89B96CB2FBFBC7FFBDB68C5B6B9ABAEBA6AE036393B9B1ACDA2458B76C611D91361DDBA757FB52AA4B0100A5621AFE495188B1C9D3163C63B3C6373E864B8FE95A0636D828ACDD0809521356C23B9EFBEFBFE65DEBC79C7744CF6D13AFBECB33745E76EF41516A27CC5C058E755FA96D94F7FFAD3233EE6E28B2FAEBD7FF7DD77D75E083AFF78EC051FEE6BBFF7BDEFD51E97C757BFFAD523FEAC458B160DFB98B56BD7D61ED7D3D393A57FB75AA47931FBDDEF7E57FBF8C68D1B0F7BFC5FFEF297DAC75F7CF1C5DAD77EE73BDFA945F16B6EB9E51679659E28D5DC97CA890F6CDEBC796DDCE47EE9A5975EA4212A75137446F19EA0D16E871B6E9B5CF19E213B9B1AC8D2A54BBB6EBDF5D66C225D7DF5D58FC68B5619FDC9BB6A92E2BF292C14035331AF1E79E4915AF19F37011FFCE007B32F7EF18BB5F7237EF39BDF641FFDE847DFD29CC43C97BF7FC71D77F4BF1F8DD1481BA1D9B3678FA831FBD9CF7E76C4C7DC78E38DB5F75F7BEDB5DA9FFFF6B7BF652FBFFCF2A0BFD33BDFF9CEECBDEF7D6FB66DDBB6FE266EC58A15B5C7C6D54A7965BE2ADBDC970AD345E9FFC21B795DB16FDFBE03CB962DDB3077EEDC4F78962FF76A505CDC1A0F77DD759755A146F4939FFC64EBE38F3F3EA18DD0A38F3EFA744AA27B8CFEE4285CD1B8BF52A9FC57858562602AE5D5C04621FE9CE6B1C39A861FFDE847B5F76365255F31F9D297BE546B80E2FD5861C9BFF6E9A79FAEBDBDE1861B8ED808EDD8B1E3981BA1C71E7BACD6C4E48FFDC31FFED0BF0A545CB9CA236F94FEFCE73FD7DE46A3174D5D344673E6CCE9FFFB8DB6219257622ACD7DBB77EFFE546F6FEF0BC3BC76E1DE6BAEB966697B7BFB719EEDCB71E1B6B5B5F5C3F90109B16A131794C6439C2637E068EDE9FE851AC0BC79F30E6CDDBA75421BA1F4F37A5202F518FDC96D840A71EF60138DC24231508F79158DC1830F3ED8BF02144DC0B9E79E5B7BFF5BDFFA566DA568B0E6A4B822F4FEF7BF3FBBEFBEFB6AEFC7EA51AC328D644568A48DDAC9279F5CFB7DE2CA64FCF9A9A79EAA7D2EB6C2E52B52279E78626D1F7BFE350F3FFC70EDED4D37DD74D88A567CECFBDFFF7EB661C386ECEF7FFF7B6D552A3EF6EAABAFD67E46FE98AEAE2E79659E68D8B92F392EFDFFF9655F5FDFC123D518070F1EEC5BB972E54BF3E7CF9FE919BFF12FDCA68F77E68FBBF6DA6BC7B57E8DD7192ACC457636358259B3661D8CAD161329FDBCDD2981F61AFDBA6984FA279A6281A1B0500CD46B5E45E1BF7CF9F2FEF7F386E0DE7BEFADAD940CF6F85811CA575FE23E9B815BD48ED4087DFEF39F1FF1EF36DC8A50ACECC476B3BCB18AF937DE8FE62E1AA5934E3A29FBCA57BED27F6FD0BA75EBFABFEF6DB7DDF69695AC3FFDE94FC7DC08C92B51CF11FF0776EDDAF5EA28AEE0EFFBF9CF7FFE60CA937FF2CCDFB8176ED3C796E79F5FB56AD5B8D6AF3177177E173B9B1A25C92643FC5CA35F5F8D5071A2892B2F0A0BC540BDE65514FE5FF8C217DEB22214F70B7DF39BDFEC7F5C340BB1D56C5AE13081814DD448EF111AAB4628EE058AC7C4368B38FC206F68E2EF33D8010EB112147FB74F7FFAD3B506296F7C6275A8D8108DB6119257A29E63CB962DD992254B6AFF5F46B39529BE76043934E5C285DBFFBC1092FEBC21FFF8581F923050E463E1F7B0B3C98AD031AD0865A2BE63A20B8B28E6AEBCF2CADAFB7175BCA5A5A51647BA0722BFA21EAF1930D29F1545E3473EF29161AFDAE7F7910CFC1D6FBFFD76C5C024E7D5481BA1385C206F3C8ADBC88A8D50DE486CDEBC79CCB6C60DD508450EE7DF2B7E876884E29EA67C5B5C7CEC9A6BAE79CBD7144FB9CB57B5D6AF5FFF967B87E455394E1DACB7530AA3998E6DA9F963863BCD305E93A5381E71D0C991FE8EBFFDED6FB38E8E8EDFAF59B366EBC183074774C46D6AEEEF9C3D7BF6C3A949EE6AB47B393442875F0849F17AFEE7B13A327BB8A3B40B3FDBCEA646E01E212B428578223D697C233F1D6A321AA1FCAAF6FBDEF7BEDA15F8E27D2071253C3E173742C636A788FC0937F605C7633A3B3B6B7F8E27DFF873BEAD28E2F8E38FAF1521F1F9281CE267FCF8C73FEEFFFEF976A9E2EF135F9F3765F9E3627B52149DC315CFE311F55E0C4C645EC516B8E2BF53DEE44401178DC191EE118AE6A7784841342079713B5C211BB93716A7C6C5CFFAE4273F59BB77285FDDC9DF1FB8552F0E68B8E79E7B6A7FE7BC608D26FE94534EE96FE8E27E277935B2BC6A845307EBED94C2B8DFEDB4D34E1BF4E70ED6287EED6B5FEB1F93A54B978EF83EB63822F9CA2BAFEC494DF8F661B66EAEBFF9E69BFF2D5609E2F1256D0E4A1B13B5A3A96C2B730DCDA9711AA18105456EA21AA1B8EA98371971A378141951E815AF5216AFE2E74FE6F9CA4DF1E37122D750CD497C8F3BEFBCB3F67EFCBCB81763A893C822622F705E88C615D4622334EDD03D1D93715842BD1603939557C54668B08315F2C22F5FC9CB0BB0E24A62BCCD4F9A1BAE908D53DA8A9F8B2BECD15C4714AF82475198FF39F233CFAF7C75EADDEF7E77FFD6B62814F34314E2779C56B817A878C5BD98BFF92A507C5D1492835DD597578D79EA603D9E5218E3121796E2F08F812B42F17D06CEC9B1DDF3ED6F7FFB8857848A077A343535FD97D6D6D61BD2EFB5BDAFAFEFF5E26693E79F7F7E69FADCFA941FD7B7B7B79FE0D9BE1C176ED3FBAF591162D4BC8E50A92796B551CC0CF5FA2013B9229417A579413BD88A507EF2561E7921592C40E2FBC46ACFB441B631C5C73EF399CF0CB92214DB93F22233FF58149AF1FE99679ED9FFB1E2FBF9D74CF4A971F5580C4C565E0DD70845E4AB77C5031206AEFE0D17B1CA38ADB095A7B8F52ECFB9A3F97DA3198AB7EF7AD7BB6AB916E371EAA9A7F67F3E2F54E3EDC0ABF4D170C58AC6C0263C568C8ADF435E35E6A983F57A4A615C548A4671E0EF161793620BE560ABE7A79F7E7AEDE371EFDB688E784FF9F0D9F9F3E73FDDDDDDBDE5F5D75F7F64E1C28577478EC4C73DCB97EBC2AD7B8438266932FF9779F3E6656FBEF9E6843542E9896693F3D727756219F48AEA643642C58236F6EBC7D5C278D2CE8B954B2EB9E4B0ED7179B1184FB2C582313E966FE188E266A82BC1C3AD08E5573AF3ABBDF1E70F7DE843B51BD5F3DF27AEE8479131D9AF23544FC540BDE69590578D74EA603D9E5218DF2BFF3BC6F78A55CAB8E8146F63AE8CF707FE5E713F68DE488EF6457F232752737CC1A19BE72F98AC17FD65722F8438358E63B668D1A29D4F3EF9E48434416992FDAB57E49D1A26AA608D2B8F7183F8B443DB84F227EAD832376D88D3B0F2ABEAF993745C6D8CEF13EF0F757576A48DD050C5D2E73EF7B9C3B67CC49693C92E58A76231A011AAFF46A8D1F36ADA143E75B09E4E298C8B44F1F72AAEDE17E7C858AD8F46315F5D2FFE5E175C7041FF6AD66873B498AB9EB1CB7BE1D6EB0871CCAEBBEEBA34D75F7C70225685CE39E79C67D393EA59465D2354BC4728BF513C9E2CF3AD14F91EF5B86F228A8DD8CA36D8D7C75EF7FC7084E1EEDB9936C2AD71C5C7C7937EBE97BED8604D1B70CFD26416AC53AD18984A8DD0789F8655CF8D5023E7D5B4297AEA603D9E52585C412FCE89D386B96F2A2256D8F239F9587394726B6D6DFD706A4ADE88E624BD5F3B04643C446DD2D6D6566C84A61BFD06F2831FFC605BEC331F4FCB962DFB63AC06B97AA3111AEA093D9E6CF3A6268A90783B9213B1465268141BA5812B42F9FEFF818FCF4F4E8AF7071E395B2F2B42F26AFC62BC4FC39A0A8D5023E6D5543F75B01E4F29CC578EF24366866B84F2C74E3BCA53E36028F1BA4279831273F378B8EBAEBB8A4D909D4D8D66F1E2C5A7CC9E3DBBEFB9E79E1B9704EAEEEE7EA9A5A5A53725EBC9465BC13AD80DCCC5ABABB13D23AED24E1BE4A6F1C15E1F239E58F3D3B9A25939D2E94C031BA1A10A8C98F0F2F78BAFD3528F2B42F26AEC63BC4FC3D2084D7E5E4D9B42A70ED6FB2985F173624ECE0F9218EAB5ADE2A2924688316E84CEC89B9458151AEB4313E2FBC5F72DBCA0AB9D4D0DDA0C5DDED9D97970FBF6ED639A40BDBDBDFBD224BD55E228588FF04497B5B7B7D74E27CAB75CC40DB5F9A945B16D250ACF58A189AD1DF1641A271E0D2C5CE2C9FDD0F9FE43AE26C5768C2315AAC5666ADAA12373E3E7E747E8C6EFA1606DEC4668BC4FC3D208D57723548FA70ED6FB2985F1FBE5ABFA839D76971F9290C7602BAE1A2146233DEF3F9C372A71F16AAC8ED28E5A64C1820587AD06D9D9D4D8CDD0B569E21EB395A18D1B37EE99356B566FA552F9A1D155B00A05EB54CAABF13E0D4B5E99AFC47E8D1063D5084D4FB1236F5862B5F6589BA16882E2FECF4213F49A9D4D25B068D1A20BBFFBDDEFBE11577D8EE50085AEAEAE9ED6D6D648CA76A3AAB0108A81A9925713751A96BC325F098D1063A752A934E70727E42B43A3DD26175F376025C896B832E9E8E8F8E7F9F3E76FB8E8A28BDE8CFB2F8E467AFC6B9D9D9D9B5A5A5AD6E89C151642313015F36A224EC39257E62BA11162CC5786DA8BCD50DCDB13F7C6C576E6919E0E17072314EF098AB0B3A9A4E6CE9D3B2B75D47F9B3367CE813835E789279EC8B66EDD5ADB075C7BB9F1F436EE298A66E9B6DB6EDB79DE79E7BDDCD6D6F67F2311EDA1545808C5C054CFABF13C0D4B5E99AF844688F159194AB1B3D8C8446313AF33142FBA1AAB3DF9B6B9B8E8B565CB96DA1CBF64C992DABDCAC5AF8BED707636513BA73D35438BCE3FFFFCB5E79C734E9C0057EBB6D3DB03679F7DF64BB366CDBA2F5E5CCAB9EA1A21A11868B4BC1AAFD3B0E495F94A688418B795A1E9C563B547198FD9D9041A21A118287D5E8DC76958F24A5E098D10E3DE107DFB5043F4C6D1344076368146C893B062405EC92B7925E428535EEC6C4A0DD105A9C1599E62638ABD879A9E78DB93E21E3B9B00858562405EC92B7925E428001A21A1189057F24A5E09390A8046482806E495BC9257428E02A011128A017925AFE49590A30068848462405EC92B7925E428000A0BA1189057F24A5E098D10000A0BA16015F24A5E098D10000A0BA16015F24A5E098D10000A0BA16015F24A5E098D10000A0BC5808255C82B792547014061A1189057425EC92B390A000A0BC580BC12F24AC8510050582806E4959057428E0280C2423120AF84BC1272140014168A017925AFE49590A300A0B0500CC82B7925AF841C054023E449583120AFE495BC127214008D90500CC82B7925AF841C054023241403F24A5E4DBA071F7CD0BF6763C6DE94A36F7846064061A1189057425E0DE2D1471FDDBA7DFB76FFA60D165BB66C599672F459CFC800282C1403F24AC8AB413CF4D043DF5CB56AD5AEDEDEDED74BF0EF568A263DF2F381071EF87B8A6F7B4606406151C22BF68D560CC82B79355ED2DFE51BA9B17B2256B962CB5F23C6BA75EBB2254B96645D5D5D59A3FE1D0F45FC1B3EAB0902406151DE68C862A011F26A8A17A28ACC2928CBB2E35E79E5959D49D6D1D1F17B2302000CA9B9B9B92D8513871853BDBDBD67C655F9945BD38D0613A5A7A7E797D9216BD6ACD952AD56CF302A00C0508DD0B6688466CC98719CD1602CB82ACF64D8BD7BF7A7FAFAFA0E6605575D75554F7B7BFB09460700384CA552F9D768820EC5A54684B1E0AA3C9361DBB66DDDD900BB76EDDAD6DADA7A83D101000E939A9F170B8DD06E23C2B172559EC9B069D3A645D910BABABA62D5FBB3460900C89BA0B64213548B4AA572A591E158B82ACF444B29F6817DFBF61D18AA113A78F0E0FEF9F3E73F3D63C68C77182D00A0FFDEA001B1DBBD428C96ABF24C86CD9B37AFCD8EA0BBBBBBA75AAD5E60B4004013D4364813548B542C5C6D84385AAECA335956AF5E7DA43E28DBBB77EFAA98DFDADBDB5DE801809237423B866A8452BC6684385AAECA33592EBBECB2B9C335E1D1072D5CB8F06EB907009AA0B6619A20F70A312AAECA3399962D5BF6D7A1F2EEF9E79F5F9AF26EADD54800D0086D3B5223E404398E96ABF24CA6A6A6A68FA58667EF205B32D7B7B6B6AE777F1A003054739419058E95ABF24CA6C58B17DF981A9FBE62DEDD7AEBADFF5EA954AE373A0080468871E3AA3C93299AEC952B576E2F1CDB7E67CAB90D5EC30A00D00831EE5C9567327576769EB673E7CE7D29B28E8E8E07AAD5EA19460500D00831EE5C9567B2DD7CF3CDF72E59B2240E7DE9321A0080468809E3AA3C93299AEE98D362ABA6D1000034424C2857E531A701008A064AC75579CC690080A2017905720F00503420AF40EE01008A06E415C83D0040D180BC02B90700281A905720F700004503F20AE41E00A068405E81DC0300140DC82BE41E0080A2017985DC0300503420AF907B0080A201E415720F00503480BC42EE01008A069057C83D0040D100F20AB90700281A405E21F700004503F20AE41E00A068405E81DC0300140DC82B907B0080A2017905720F00503420AF40EE01008A06E415C83D0040D180BC02B90700281A9057C83D00004503F20AB90700A068405E21F700004503C82BE41E00A068007985DC0300140D20AF907B0080A201E415720F00503480BC42EE01008A06E415C83D0040D180BC02B90700281A905720F700004503F20AE41E00A068405E81DC0300140DC82B907B0080A2017905720F00503420AF907B00008A06E415720F0040D180BC42EE01008A064503F20AB90700281A405E21F700004503C82BE41E00A068007985DC0300140D20AF907B00C0D42A1A84188FF0BF0B8D1000A0680030A701008A0600731A00A0680030A701008A0600731A00A0680030A701008A0600731A00A06800CC69E6340040D10098D30000140D80390D0040D10098D30000450380390D0050340098D30000450380390D0050340098D30000450380390D0050340098D30000450380390D0050340098D30000450380390D0050340098D30000450380390D0050340098D300004503604E0300503400E63400004503604E0300140D00E6340040D100604E0300140D00E6340040D100604E0300140D00E6340040D100604E0300140D00E6340040D100604E0300140D00E6340040D100604E0300140D00E6340040D100604E0300140D80390D0040D10098D30000140D80390D0050340098D30000450380390D0050340098D30000450380390D0050340098D30000450380390D0050340098D30000450380390D0050340098D30000450380390D0050340098D30000450380390D00503400E63400004503604E0300503400E6340040D100604E0300140D00E6340040D100604E0300140D00E6340040D100604E0300140D00E6340040D100604E0300140D00E6340040D100604E0300140D00E6340040D100604E0300140D00E6340040D10098D30000140D80390D0040D10098D30000450380390D0050340098D30000450380390D0050340098D30000450380390D0050340098D30000450380390D0050340098D30000450380390D0050340098D30000450380390D0050340098D300004503604E0300503400E63400004503604E0300140D8A06C09C0600281A00CC690040E3170D4208D1486166070000000000000000000000000000000000000000000000000000000000FAFD7FF385835C76D77CD20000000049454E44AE426082, '1');
INSERT INTO ACT_GE_BYTEARRAY VALUES ('145008', '3', 'source', null, 0x7B227265736F757263654964223A22313435303037222C2270726F70657274696573223A7B2270726F636573735F6964223A2274657374303031222C226E616D65223A2274657374303031222C22646F63756D656E746174696F6E223A22222C2270726F636573735F617574686F72223A22222C2270726F636573735F76657273696F6E223A22222C2270726F636573735F6E616D657370616365223A22687474703A2F2F7777772E61637469766974692E6F72672F70726F63657373646566222C22657865637574696F6E6C697374656E657273223A22222C226576656E746C697374656E657273223A22222C227369676E616C646566696E6974696F6E73223A22222C226D657373616765646566696E6974696F6E73223A22227D2C227374656E63696C223A7B226964223A2242504D4E4469616772616D227D2C226368696C64536861706573223A5B7B227265736F757263654964223A227369642D38344544373636312D314231382D343842422D424445382D424246354137373836443431222C2270726F70657274696573223A7B226F766572726964656964223A2273746172744576656E74222C226E616D65223A22E5BC80E5A78B222C22646F63756D656E746174696F6E223A22222C22657865637574696F6E6C697374656E657273223A22222C22696E69746961746F72223A22222C22666F726D6B6579646566696E6974696F6E223A22222C22666F726D70726F70657274696573223A22227D2C227374656E63696C223A7B226964223A2253746172744E6F6E654576656E74227D2C226368696C64536861706573223A5B5D2C226F7574676F696E67223A5B7B227265736F757263654964223A227369642D31344441393130322D374141322D343044392D383437412D344331424439414135334137227D5D2C22626F756E6473223A7B226C6F7765725269676874223A7B2278223A3537322E37352C2279223A35337D2C2275707065724C656674223A7B2278223A3534322E37352C2279223A32337D7D2C22646F636B657273223A5B5D7D2C7B227265736F757263654964223A227369642D35334144453641422D423234442D344444342D424532422D374646453931463131453346222C2270726F70657274696573223A7B226F766572726964656964223A22757365725461736B31222C226E616D65223A22E68F90E4BAA4E794B3E8AFB7222C22646F63756D656E746174696F6E223A22222C226173796E6368726F6E6F7573646566696E6974696F6E223A2266616C7365222C226578636C7573697665646566696E6974696F6E223A2266616C7365222C22657865637574696F6E6C697374656E657273223A22222C226D756C7469696E7374616E63655F74797065223A224E6F6E65222C226D756C7469696E7374616E63655F63617264696E616C697479223A22222C226D756C7469696E7374616E63655F636F6C6C656374696F6E223A22222C226D756C7469696E7374616E63655F7661726961626C65223A22222C226D756C7469696E7374616E63655F636F6E646974696F6E223A22222C226973666F72636F6D70656E736174696F6E223A2266616C7365222C22757365727461736B61737369676E6D656E74223A7B2261737369676E6D656E74223A7B2261737369676E6565223A22237B757365726E616D657D227D7D2C22666F726D6B6579646566696E6974696F6E223A22222C2264756564617465646566696E6974696F6E223A22222C227072696F72697479646566696E6974696F6E223A22222C22666F726D70726F70657274696573223A22222C227461736B6C697374656E657273223A22227D2C227374656E63696C223A7B226964223A22557365725461736B227D2C226368696C64536861706573223A5B5D2C226F7574676F696E67223A5B7B227265736F757263654964223A227369642D30344345373743382D354445392D343631302D413045322D353230423042313035444638227D2C7B227265736F757263654964223A227369642D39373843413335432D373636412D343035392D423043372D373345323635333730303846227D5D2C22626F756E6473223A7B226C6F7765725269676874223A7B2278223A3630392E37352C2279223A3139307D2C2275707065724C656674223A7B2278223A3530392E37352C2279223A3131307D7D2C22646F636B657273223A5B5D7D2C7B227265736F757263654964223A227369642D34453042333438372D353833302D344230362D413831312D413138333443303432333944222C2270726F70657274696573223A7B226F766572726964656964223A22757365725461736B32222C226E616D65223A22E5AEA1E689B9E38090E4B88AE7BAA7E38091222C22646F63756D656E746174696F6E223A22222C226173796E6368726F6E6F7573646566696E6974696F6E223A2266616C7365222C226578636C7573697665646566696E6974696F6E223A2266616C7365222C22657865637574696F6E6C697374656E657273223A22222C226D756C7469696E7374616E63655F74797065223A224E6F6E65222C226D756C7469696E7374616E63655F63617264696E616C697479223A22222C226D756C7469696E7374616E63655F636F6C6C656374696F6E223A22222C226D756C7469696E7374616E63655F7661726961626C65223A22222C226D756C7469696E7374616E63655F636F6E646974696F6E223A22222C226973666F72636F6D70656E736174696F6E223A2266616C7365222C22757365727461736B61737369676E6D656E74223A22222C22666F726D6B6579646566696E6974696F6E223A22222C2264756564617465646566696E6974696F6E223A22222C227072696F72697479646566696E6974696F6E223A22222C22666F726D70726F70657274696573223A22222C227461736B6C697374656E657273223A7B227461736B4C697374656E657273223A5B7B226576656E74223A22637265617465222C22696D706C656D656E746174696F6E223A22636F6D2E6D732E6C697374656E65722E5461736B4C697374656E6572496D706C222C22636C6173734E616D65223A22636F6D2E6D732E6C697374656E65722E5461736B4C697374656E6572496D706C222C2265787072657373696F6E223A22222C2264656C656761746545787072657373696F6E223A22227D5D7D7D2C227374656E63696C223A7B226964223A22557365725461736B227D2C226368696C64536861706573223A5B5D2C226F7574676F696E67223A5B7B227265736F757263654964223A227369642D45343843324444432D344239322D344442342D424538342D343935314344384137333642227D2C7B227265736F757263654964223A227369642D30334242304534352D313234352D344331422D424332382D424437393941373146334138227D5D2C22626F756E6473223A7B226C6F7765725269676874223A7B2278223A3630392E37352C2279223A3332307D2C2275707065724C656674223A7B2278223A3530392E37352C2279223A3234307D7D2C22646F636B657273223A5B5D7D2C7B227265736F757263654964223A227369642D45423342334643352D353734322D344438382D383735392D344441343741433131414337222C2270726F70657274696573223A7B226F766572726964656964223A22757365725461736B33222C226E616D65223A22E5AEA1E689B9E38090E4B88AE4B88AE7BAA7E38091222C22646F63756D656E746174696F6E223A22222C226173796E6368726F6E6F7573646566696E6974696F6E223A2266616C7365222C226578636C7573697665646566696E6974696F6E223A2266616C7365222C22657865637574696F6E6C697374656E657273223A22222C226D756C7469696E7374616E63655F74797065223A224E6F6E65222C226D756C7469696E7374616E63655F63617264696E616C697479223A22222C226D756C7469696E7374616E63655F636F6C6C656374696F6E223A22222C226D756C7469696E7374616E63655F7661726961626C65223A22222C226D756C7469696E7374616E63655F636F6E646974696F6E223A22222C226973666F72636F6D70656E736174696F6E223A2266616C7365222C22757365727461736B61737369676E6D656E74223A22222C22666F726D6B6579646566696E6974696F6E223A22222C2264756564617465646566696E6974696F6E223A22222C227072696F72697479646566696E6974696F6E223A22222C22666F726D70726F70657274696573223A22222C227461736B6C697374656E657273223A7B227461736B4C697374656E657273223A5B7B226576656E74223A22637265617465222C22696D706C656D656E746174696F6E223A22636F6D2E6D732E6C697374656E65722E5461736B4C697374656E6572496D706C222C22636C6173734E616D65223A22636F6D2E6D732E6C697374656E65722E5461736B4C697374656E6572496D706C222C2265787072657373696F6E223A22222C2264656C656761746545787072657373696F6E223A22227D5D7D7D2C227374656E63696C223A7B226964223A22557365725461736B227D2C226368696C64536861706573223A5B5D2C226F7574676F696E67223A5B7B227265736F757263654964223A227369642D44373945304334352D333030362D343233312D414632352D463736433737303837463631227D2C7B227265736F757263654964223A227369642D36464637353139332D393731432D344237392D413639452D423930363344464638383545227D5D2C22626F756E6473223A7B226C6F7765725269676874223A7B2278223A3631302C2279223A3437307D2C2275707065724C656674223A7B2278223A3531302C2279223A3339307D7D2C22646F636B657273223A5B5D7D2C7B227265736F757263654964223A227369642D38414143384346322D433934362D343944392D384344462D363436354539373639354532222C2270726F70657274696573223A7B226F766572726964656964223A22656E644576656E74222C226E616D65223A22E7BB93E69D9F222C22646F63756D656E746174696F6E223A22222C22657865637574696F6E6C697374656E657273223A22227D2C227374656E63696C223A7B226964223A22456E644E6F6E654576656E74227D2C226368696C64536861706573223A5B5D2C226F7574676F696E67223A5B5D2C22626F756E6473223A7B226C6F7765725269676874223A7B2278223A3537332E37352C2279223A3538337D2C2275707065724C656674223A7B2278223A3534352E37352C2279223A3535357D7D2C22646F636B657273223A5B5D7D2C7B227265736F757263654964223A227369642D31344441393130322D374141322D343044392D383437412D344331424439414135334137222C2270726F70657274696573223A7B226F766572726964656964223A22666C6F7731222C226E616D65223A22222C22646F63756D656E746174696F6E223A22222C22636F6E646974696F6E73657175656E6365666C6F77223A22222C22657865637574696F6E6C697374656E657273223A22222C2264656661756C74666C6F77223A2266616C7365227D2C227374656E63696C223A7B226964223A2253657175656E6365466C6F77227D2C226368696C64536861706573223A5B5D2C226F7574676F696E67223A5B7B227265736F757263654964223A227369642D35334144453641422D423234442D344444342D424532422D374646453931463131453346227D5D2C22626F756E6473223A7B226C6F7765725269676874223A7B2278223A3535392E303239303230373033353833312C2279223A3130392E36323531353934303036353435357D2C2275707065724C656674223A7B2278223A3535382E303137383534323936343136392C2279223A35322E39393938343035393933343534357D7D2C22646F636B657273223A5B7B2278223A31352C2279223A31357D2C7B2278223A35302C2279223A34307D5D2C22746172676574223A7B227265736F757263654964223A227369642D35334144453641422D423234442D344444342D424532422D374646453931463131453346227D7D2C7B227265736F757263654964223A227369642D44373945304334352D333030362D343233312D414632352D463736433737303837463631222C2270726F70657274696573223A7B226F766572726964656964223A22666C6F7734222C226E616D65223A22E5908CE6848F222C22646F63756D656E746174696F6E223A22222C22636F6E646974696F6E73657175656E6365666C6F77223A22247B6D73673D3D27E5908CE6848F277D222C22657865637574696F6E6C697374656E657273223A22222C2264656661756C74666C6F77223A2266616C7365227D2C227374656E63696C223A7B226964223A2253657175656E6365466C6F77227D2C226368696C64536861706573223A5B5D2C226F7574676F696E67223A5B7B227265736F757263654964223A227369642D38414143384346322D433934362D343944392D384344462D363436354539373639354532227D5D2C22626F756E6473223A7B226C6F7765725269676874223A7B2278223A3535392E393237383838393431373537392C2279223A3535342E393638373531363137343037327D2C2275707065724C656674223A7B2278223A3535392E373735323336303538323432312C2279223A3437302E303933373438333832353932387D7D2C22646F636B657273223A5B7B2278223A35302C2279223A34307D2C7B2278223A31342C2279223A31347D5D2C22746172676574223A7B227265736F757263654964223A227369642D38414143384346322D433934362D343944392D384344462D363436354539373639354532227D7D2C7B227265736F757263654964223A227369642D45343843324444432D344239322D344442342D424538342D343935314344384137333642222C2270726F70657274696573223A7B226F766572726964656964223A22666C6F7733222C226E616D65223A22E5908CE6848F222C22646F63756D656E746174696F6E223A22222C22636F6E646974696F6E73657175656E6365666C6F77223A22247B6D73673D3D27E5908CE6848F277D222C22657865637574696F6E6C697374656E657273223A22222C2264656661756C74666C6F77223A2266616C7365227D2C227374656E63696C223A7B226964223A2253657175656E6365466C6F77227D2C226368696C64536861706573223A5B5D2C226F7574676F696E67223A5B7B227265736F757263654964223A227369642D45423342334643352D353734322D344438382D383735392D344441343741433131414337227D5D2C22626F756E6473223A7B226C6F7765725269676874223A7B2278223A3535392E393331393237303835363438312C2279223A3338392E3135363235313338383838367D2C2275707065724C656674223A7B2278223A3535392E383138303732393134333531392C2279223A3332302E3834333734383631313131347D7D2C22646F636B657273223A5B7B2278223A35302C2279223A34307D2C7B2278223A35302C2279223A34307D5D2C22746172676574223A7B227265736F757263654964223A227369642D45423342334643352D353734322D344438382D383735392D344441343741433131414337227D7D2C7B227265736F757263654964223A227369642D30344345373743382D354445392D343631302D413045322D353230423042313035444638222C2270726F70657274696573223A7B226F766572726964656964223A22666C6F7732222C226E616D65223A22E68F90E4BAA4E794B3E8AFB7222C22646F63756D656E746174696F6E223A22222C22636F6E646974696F6E73657175656E6365666C6F77223A22247B6D73673D3D27E68F90E4BAA4E794B3E8AFB7277D222C22657865637574696F6E6C697374656E657273223A22222C2264656661756C74666C6F77223A2266616C7365227D2C227374656E63696C223A7B226964223A2253657175656E6365466C6F77227D2C226368696C64536861706573223A5B5D2C226F7574676F696E67223A5B7B227265736F757263654964223A227369642D34453042333438372D353833302D344230362D413831312D413138333443303432333944227D5D2C22626F756E6473223A7B226C6F7765725269676874223A7B2278223A3535392E37352C2279223A3233392E3339303632357D2C2275707065724C656674223A7B2278223A3535392E37352C2279223A3139302E3630393337357D7D2C22646F636B657273223A5B7B2278223A35302C2279223A34307D2C7B2278223A35302C2279223A34307D5D2C22746172676574223A7B227265736F757263654964223A227369642D34453042333438372D353833302D344230362D413831312D413138333443303432333944227D7D2C7B227265736F757263654964223A227369642D30334242304534352D313234352D344331422D424332382D424437393941373146334138222C2270726F70657274696573223A7B226F766572726964656964223A22666C6F7736222C226E616D65223A22E9A9B3E59B9E222C22646F63756D656E746174696F6E223A22222C22636F6E646974696F6E73657175656E6365666C6F77223A22247B6D73673D3D27E9A9B3E59B9E277D222C22657865637574696F6E6C697374656E657273223A22222C2264656661756C74666C6F77223A2266616C7365227D2C227374656E63696C223A7B226964223A2253657175656E6365466C6F77227D2C226368696C64536861706573223A5B5D2C226F7574676F696E67223A5B7B227265736F757263654964223A227369642D35334144453641422D423234442D344444342D424532422D374646453931463131453346227D5D2C22626F756E6473223A7B226C6F7765725269676874223A7B2278223A3634382E37352C2279223A3238307D2C2275707065724C656674223A7B2278223A3631302E313137313837352C2279223A3135307D7D2C22646F636B657273223A5B7B2278223A35302C2279223A34307D2C7B2278223A3634382E37352C2279223A3238307D2C7B2278223A3634382E37352C2279223A3135307D2C7B2278223A35302C2279223A34307D5D2C22746172676574223A7B227265736F757263654964223A227369642D35334144453641422D423234442D344444342D424532422D374646453931463131453346227D7D2C7B227265736F757263654964223A227369642D36464637353139332D393731432D344237392D413639452D423930363344464638383545222C2270726F70657274696573223A7B226F766572726964656964223A22666C6F7737222C226E616D65223A22E9A9B3E59B9E222C22646F63756D656E746174696F6E223A22222C22636F6E646974696F6E73657175656E6365666C6F77223A22247B6D73673D3D27E9A9B3E59B9E277D222C22657865637574696F6E6C697374656E657273223A22222C2264656661756C74666C6F77223A2266616C7365227D2C227374656E63696C223A7B226964223A2253657175656E6365466C6F77227D2C226368696C64536861706573223A5B5D2C226F7574676F696E67223A5B7B227265736F757263654964223A227369642D35334144453641422D423234442D344444342D424532422D374646453931463131453346227D5D2C22626F756E6473223A7B226C6F7765725269676874223A7B2278223A3634372E37352C2279223A3433307D2C2275707065724C656674223A7B2278223A3631302E32352C2279223A3135307D7D2C22646F636B657273223A5B7B2278223A35302C2279223A34307D2C7B2278223A3634372E37352C2279223A3433307D2C7B2278223A3634372E37352C2279223A3135307D2C7B2278223A35302C2279223A34307D5D2C22746172676574223A7B227265736F757263654964223A227369642D35334144453641422D423234442D344444342D424532422D374646453931463131453346227D7D2C7B227265736F757263654964223A227369642D39373843413335432D373636412D343035392D423043372D373345323635333730303846222C2270726F70657274696573223A7B226F766572726964656964223A22666C6F7735222C226E616D65223A22E694BEE5BC83222C22646F63756D656E746174696F6E223A22222C22636F6E646974696F6E73657175656E6365666C6F77223A22247B6D73673D3D27E694BEE5BC83277D222C22657865637574696F6E6C697374656E657273223A22222C2264656661756C74666C6F77223A2266616C7365227D2C227374656E63696C223A7B226964223A2253657175656E6365466C6F77227D2C226368696C64536861706573223A5B5D2C226F7574676F696E67223A5B7B227265736F757263654964223A227369642D38414143384346322D433934362D343944392D384344462D363436354539373639354532227D5D2C22626F756E6473223A7B226C6F7765725269676874223A7B2278223A3534342E383335393337352C2279223A3536397D2C2275707065724C656674223A7B2278223A3432322E37352C2279223A3135307D7D2C22646F636B657273223A5B7B2278223A35302C2279223A34307D2C7B2278223A3432322E37352C2279223A3135307D2C7B2278223A3432322E37352C2279223A3536397D2C7B2278223A31342C2279223A31347D5D2C22746172676574223A7B227265736F757263654964223A227369642D38414143384346322D433934362D343944392D384344462D363436354539373639354532227D7D5D2C22626F756E6473223A7B226C6F7765725269676874223A7B2278223A313230302C2279223A313035307D2C2275707065724C656674223A7B2278223A302C2279223A307D7D2C227374656E63696C736574223A7B2275726C223A227374656E63696C736574732F62706D6E322E302F62706D6E322E302E6A736F6E222C226E616D657370616365223A22687474703A2F2F62336D6E2E6F72672F7374656E63696C7365742F62706D6E322E3023227D2C227373657874656E73696F6E73223A5B5D7D, null);
INSERT INTO ACT_GE_BYTEARRAY VALUES ('145009', '1', 'source-extra', null, 0x89504E470D0A1A0A0000000D49484452000002BB000002790806000000AE43F83D000000206348524D00007A26000080840000FA00000080E8000075300000EA6000003A98000017709CBA513C0000000467414D410000B18E7CFB5193000000017352474200AECE1CE900000006624B474400FF00FF00FFA0BDA793000000097048597300000EC400000EC401952B0E1B000020004944415478DAEDDD0B9C9555BD37F0B567B80C5705145151C9BC228A996999172ABCE4292F6531A696E6F1763C5A9E2CEDAAA656F6DA5B1DF5A8474BD2104879353542E543A3A2292AA20E8997E4225719B98303CCCC7ED7DAB387362303A833C31EE6FBFD7CFE3DCF7EF6B3F76CFE7BFAF863B19EF5840000000000000000000000000000000000000000000000000000000000000000000000000000000000000000000000000000000000000000000000000000400BC9680100506C6EBBEDB603DE7DF7DDCB172F5E7C785555D50ECB962DEBB87AF5EA4CC78E1D43CF9E3D6B76DC71C7157DFAF479EEE0830FFE7DAC7B32994C8DAE21EC020045EDBBDFFDEE99252525D7565757EF3870E0C0CCE0C183C32EBBEC127AF7EE1DCACACA423C1E962F5F1EDE7AEBAD505959195E78E185B0CD36DBACD979E79D7F7FEEB9E75EA08308BB0040D18941F5A3DDBB771F1B83EE9EA79E7A6A2EE49696966ED66B5F7CF1C5F0A73FFD29EDAE3AE49043CA4F3AE9A4077514611700280A975C72C9F92B56ACF8EF134E38A1E3E73FFFF9CD0EB98D3DFCF0C3E1FEFBEF0F871D76D888AF7FFDEBA7EB2C49A91600005BCA0F7EF0833357AE5CF93FDFF9CE773A7EEA539F0A2525251FF8BDF6D8638FB0FFFEFB877BEFBDF7808B2EBAE813F7DD77DFDD3A8CB00B006C11679E79E619353535B75D75D5559DD2BCDCE6B0EDB6DB86830F3E388C1C3972AF73CE3967A7071F7CF0219D167601005A557979F9808E1D3B8EFDEE77BFDBA5B9826E836EDDBA85810307A679BC075D70C105131F78E081E93ADE7E95680100D0DABA77EF3EFAE4934FEEB2E79E7BB6C8FBEFB6DB6E21BE7FE6B5D75EBB57B7855D00805673EAA9A79ED4B56BD781C71D775C8BE690638F3D366432996DAFBFFEFA6B755DD8050068153D7AF4F8E137BEF18DEEE906112DEDB4D34E0B555555FFA9EBC22E00406B84CFFED96C76AFB48E6E6B48AB33545757F7BCFBEEBB0FD77D611700A045D5D4D49C14836ECD075D4BF78348AB33BCF5D65BE7EBBEB00B00D0A2CACACA8E89E1B3776BFECC7DF7DD372C59B2E4D3BA2FEC0200B4A8DADADA03D24A09AD292D6DB670E1C2BEBA2FEC0200B4A8BABABABEE9C60FADA9478F1E69DE6E99EE0BBB00002D1D76BB9495B56EEE4C3FAFA6A646E6117601005A38789494ACAAAEAE6ED59F997E5E696969ADEE0BBB00002D2A93C92C58B26449ABFECCE5CB97A7D1DD77755FD805006851B5B5B5CFBFF6DA6BB35AF367BEF5D65BA16BD7AEAFE9BEB00B00D0A2B2D9EC634F3DF5D4B2D6FC99AFBCF24ADA8CD37D611700A04575E8D0E1FE183EB7ABAD6DBD29B47FFFFBDFAB172E5C789BEE0BBB00002D6AC48811B3D7AE5D5BF9D4534FBDDC1A3FEFE5975F0EAB57AF7E63D4A85133745FD80500680D37FDEE77BFEB5A5B5B5BD3D23F68F8F0E1CB56AE5C799D960BBB0000AD62E4C891F7AF5EBDFAADDFFFFEF74FB6E4CFF9EB5FFFBABAAAAAEAB579F3E68DD275611700A0359DF5B7BFFD6D9FA953A7BED9126F3E73E6CC307AF4E8EAB56BD79E51515151A3DDED57A9160000ADADB2B272C97EFBED37FBA9A79EFAFC61871DB6B87BF7EECD760FE1850B17869FFCE4274BAAABAB2F1A3972E404DD167601005ADDD4A9532B63E05DFCE8A38F7E76EFBDF79EDBB76FDFED3FEC7BCE9C39B3F6C73FFEF192952B57FE72D4A851FFA3CB08BB00C0165359593965E0C081F39E78E28953162E5CF8C441071DD4BFA4A4A4C30779AF3FFFF9CFF36EBCF1C6B5AB57AFBE74F4E8D137EA2E49460B00802DADBCBC7C402693B92D06DDFEE79C73CEDCA38E3AEAC87878BDD03B77EEDCF0D4534F85C30E3B2CECB4D34EEB8E4F993265D1ADB7DEBA78C99225F3E37BFCFBC89123A7E928C22E00508CA1F7941858CF8BB5F7EEBBEF3E3D86DE927DF7DD7797DEBD7B77FFCB5FFED267CC983161E8D0A12B060D1A346FE2C4894B2A2B2B775EBD7AF58C6C367BDBFCF9F3FFE86234845D00A0E89D76DA69FDEBEAEA4E8921F6D3F1E1C1B1FAC52ACB3F9D6E37FC78ACC762DDEB861108BB00409B575E5E7E65DC5C11EBAA1870AFD411368775760180B6A2618A820BEC11760180AD4B2693999FB6D96CB69F6E20EC02005B8BBD627D3A86DC9A7CE84DAB347C3BD63E05E71C9A3F06EBE9A0050040113822568F589F8DB538D60BA1FE82B46FC64A378758DEE8FCC1B17E53F0F884FC7920EC020045E789FCB64FAC79B1C6C7EA9E0FBF63F3CF7D34FDCFF2E5CB77899B6CACE3630D883532FF9A39B18ECB87E567B494C4340600A02DE8B46EA753A7B4F4D8A85815B1768DF5CB586FE4C36FCA367784F5A738D08E19D90500B6B481B1768F5517EAA727EC9A0FB7691AC3807C883D71F9F2E5AFF4E8D123AC5CB932DD3E2D8DF6A651DFA7F2AF5D1DEBC9586B62BD932F107601802DEE1FF94AD2C568E362A55BFE164E63181B83EE99E984DADADA1482D3B4854FC5BA2ED682583BC41A9A7F8F14984D6320C7340600A098EC970FBAEF91CD66ABD3B6348A9B7467B5BEA1FE6E6A29202F6E08C5A17EA417845D00A0A8F48A35B7A9271BD6D9EDDDBB7755DC7C3C56BA50ED13DAC6C698C60000148B7343FDB4848DAAABABEB1837DD629D14EB3F43FD3486C342FDD265F20DC22E005054D27263E9A610BF8D555D703C05DAD71A9FBC66CD9A6DE2E6E7F987D787FA35769F0DFF9AFE601A03C22E005034D2CA096337703C8DD8FE77E383656565558D0E3DD0E8F18D5A4A03737601001076010040D805000061170060F365B3D986B9BADBE906C22E00B055C964322BF2BBDD75036117000061570B00001076010040D805000061170000845D0080D2D2D29AFC6E07DD40D80500B62A23468C989DDFEDAF1B08BB000008BB5A000080B00B0000C22E000008BB000020EC0200E455A7FF39F3CC33CBB402611700D8DACCCF25DEEAEA7E5A81B00B0080B00B0000C22E000008BB000020EC020080B00B0090CD6697E4024C49C9B6BA81B00B006C5532994C2EECD6D5D509BB6C960E5A0000B4417F2B2F2F2F7C7CD5A851A3AED416845D00A0E89D76DA69FD6B6B6BDF7A1F2FA9D43536C4340600A0E88C18316276369BBD7F334FAF292B2B1BAF6B08BB00405BF2BBCD3C6FCAF0E1C3976817C22E00D0668C1E3DFAA1B899B919A7FE45B710760180B668F8669C53A14D08BB00409B535A5A7A7BDCD46EE494156565654FEB14C22E00D0E6E42F547BB0A9E73399CCD3C3870FAFD629845D00A06D869592925B9B7A2E06E187750861170068B3E6CD9B9796159BD328E466F341D8926308BB0040DB555151511337B7141ECB4471337FEEDCB96E2681B00B00B46DA5A5A5C3B3D96C4DA3C05B910FC220EC02006D57BA502D86DBF5A62C98AF8BB00B006C3562B8BDA9F0716969A9F9BA08BB00C0D661C18205E30A1FA7D15E5D41D80500B60AF9F9B92FA5FD6C36FB0F1D617364B40000DAB74993267DAEA4A4E492D5AB571F5A5D5DDDA7AEAEAE68F3C1C2850BC3B3CF3E1B060F1E1C76DE79E7E20D58994CE8DAB5EBBBB1A6C5BA63CF3DF7BC391E73319DB00B00B496091326ECD7A953A77BB3D9EC5EFDFAF52BD9669B6D428F1E3DD2DAB59AF321C5BF3084152B568465CB96A5E917A9A78BB7DD76DB73F7D9679F7B7547D805005AD8134F3CF1C5DADADA31BBEEBA6BC79D76DA29D42F5B4B4B993B776E9839736688BDBE61AFBDF6BA58475A4FA9160040FB0BBAD96CF64F03070EECBCFDF6DB0BBAAD208D98F7EEDD3B4C9F3EFDD0EF7FFFFBDBDE70C30D964D13760180E6F6F0C30FEF13378FECB7DF7E5D7BF6ECB9C173562C7C25CC9D7A6F58F0EA5FC2E2594F86B5EF2E0A653D770A251D3A6BE087D0A953A7B0EDB6DB8637DE78E3D08B2FBE78E2ADB7DE3A5D575A9E493900D0BE02D76DBBEDB65BE7A682EED2B993C39C974686EA657342B6AE26D4AE7D372C99F35C9835F98E5057BB46033FA46EDDBA85D8FFCCEAD5ABEFD60D61170068468F3CF2C88125252507ECBCF3CE1D9A3A67E13FC7876CB6EE3DC7D7AC5C1896C6D0CB8797E64867B3D9BECF3EFBEC09BA21EC0200CD2493C97CB95FBF7E754DCDD1AD5DB322D4AC5ED6E4EB57AF7C5B139BC90E3BEC9002EF053A21EC0200CDA4B4B4F4B85EBD7A6DDBD4F375751B5F06764323BE7C30691AC9EAD5AB0FD6096117006826B5B5B507A45501D8F2BA77EF9EC26E1F9D10760180E6D3C90D238A2480C5EF219BCD5AF34DD805005A4B87CE3D4326D37434E8D0A9BB2621EC02006D530ABA7D3E32648381B76397DEA167BFC19A84B00B00B45DDBEDFED9DC08EF7B8EC710DCB9FB0E1A84B00B00B45DE9C6111B5A75A166CD0ACDA14DEAA0050040B2A2EAD5DC2D8237B4D6EEC2371E096B565585BE7B7E3E9476ECA25908BB0040DB904673DF995E1116CD9CB8D1B574D3AD84572D7A33ECB0CF1743F7EDF6D638845D00A0B8AD7CE7F5B0E0B5B1B9DB016F8EB5D54BC2EC2977855EFD0FC9CDEF2DB5420345CE9C5D0068A7AA97CDC905D7CD0DBA8516CF9E14E64E1DA38908BB0040716AEA62B4CD95DDC4ED85A11898C60000ED54D75E1F09FB0CBD4623D8AA19D9050040D805009AD5C0583B363AF6ED58BB6CC67FBB7F186B7B2D046117008AD53F62DD16AB53C1B17F8BF5D606CEED5450690AE2D458830B8E1D1F6BA896C27B99B30B00AD2BDD73F7E3F9FD47F221F5D05877C57AB720B47E26D6D5B1AA637D2A56E758E96AB203629D1CEBAA5847E6CF5D937F2DD088915D00685D0B628D8B7546ACFF8E3536D615F9407B69ACC7639D15EBE7F9109B3C960FC655B13AC6FA5CACF1B166E483F353B19ED45A107601A01834ACF7D527D61EA17E64B747ACB27CC04DFB2B0ACE4BFE33D6AF42FDC8F0F9B14E8AB557A81FD1FD7F5A0AC22E00149BD5B13E16EA2F567B30D62743FD14C3A51B38F7CFB1CECC07E25B62DD1FEAA731A491E11BB51236CC9C5D00D832DE09F5A3B7B5A17E6A43BA302DADCE90E6E3DEB781F31B2E5CEB15FE35BD21ADC8302BD61BB13E1D4C6580F730B20B005BE6BFBF5DF2FBE9C2B3865B91A5B09A961FBBBFE0DCB4DAC231B176CB5769C17E1AE51D10EBC058FBC4EAAAB5B03E23BB00D0FAD24565E3F2FB6934F7F9FCFEA058CB63ED1CFE35929B46711FC9EFA795185E8C3533FF7855A8BF482D9D33455B61C37FB304005AD76743FDAA0BE942B3B4B66E9A86706EAC1742FD2A0D7786FAD1DC42DD635D18EA2F526BD0492B61E38CEC0240EB4A2B28DC13EAE7E94E8C3537D671B1C684FA79BCC929B1BE1F6B76A8BFF9C42742FDA8EFB742FDBABB0DD2F4873A2D056117008AC56B05FB95F930DB38B0A6D07B697E3FCDC34D23BECF6EE0BDCE117661E34C6300802D6B536135CDCBADF980AF652BF5D5AF7EF57BE5E5E5E37542D80500B6A03BEEB823CC9D3B37B7FFCF7FFE73BDE7264F9EBCD1D7DE74D34D61D9B2659BFDB39E7EFAE970FFFDF737F9FCFCF9F3C38A152BDE73FCB2CB2E2BFA3E0E1932A42C05DC534F3DF5B51872EB4A4A4AAE0BF577D263134C6300005ACCA44993C259679D95DBFFDBDFFE165E7EF9E5505656967B7CE38D3786871E7AA8C9D7EEBBEFBEE1BAEBAE0BD75E7B6DEEF19A356BC2942953C221871CB2C1F3972C5912D6AE5DDBE4FB6DB7DD76E1A4934ECAFDCC891327AE0BBECF3FFF7C18376E5CA8A9A9094F3EF964F8F9CF7F5E340177C71D77FC66369BBD3C56FF4C14B77EA9845D00604B5BB870612ED8CE9933273CF0C003B9105A5A5ABADE39BD7AF55AB79F82E67DF7DD170E3AE8A0D0B163C7DCF97BECB147D86DB7DDC2AC59B372E7CC9E3D3BFCE31FFFC89DD3A1437D84F9C637BE114E3DF5D4DCFE73CF3D17DE7DF7DDD0A3478FDCE35FFFFAD7E1AEBBEE0A7DFBF6AD0F3DF13529EC26071F7CF0BAD03D62C48870DC71C7E502F0D5575FBDC57B575E5EFEA3186ACB63B6DDAF21DCC67DBF54C22E00502CB6DF7EFB70D8618785D1A347E7826443A81C3A7468E8DEBD7BEEF13DF7DCF3AF401283E857BEF295DC7E9ABE9042EBA597D65FA397426865656538F3CC3373EF59A8AEAE6EDDFB27CB972F5FEFE73504DD8220B96E7FCC9831A15BB76E61DEBC79B991DDA4AAAA2AF4EBD7AF557B15FF5CDBAE5EBDFACC186CFF2B8DE0D6675BE156D80560AB1383C880F4DF7E9D6819698EECC0810373FF9CDF1AD2C8694949492EC84E9F3E3D375A3B7EFCF87523AA0DA3B38552004DBEFDED6FAF77FC88238EC805E5BBEFBE3BECBAEBAEEB8EBFFDF6DBEB826AE391DD3447B7419A2FFCEAABAF862BAEB8223CF8E083E1D1471FCD05F264F0E0C1EBCE4BD3267EF4A31F853E7DFAB4787F5E7FFDF5F43BBFBABABA7ADD7AC9EF37E4C6D757B4C4678B9F634A0CDEBF19356AD40C6117009A4F0ABA576843CB78E1851772D3024E3EF9E456F97931C485B7DE7A2B8C1C3932ECB0C30EB910DAB367CF75CFA791DCEF7FFFFBE1BFFEEBBF72C1335D5CB6D75E7B852F7FF9CBB900DB30427BF9E5978718BAC2CF7EF6B3B078F1E2F5C26E1AB9DDD8C86E838F7EF4A3B94A9F258DDC9E71C619E1965B6E0903060C08471F7D74EE9C975E7A29FCE4273F596F7A454B4A17D4850F7F6390A35AE2B3C5A09BDE7749AC2B855D006819576941F3FAD8C73E76451A216D0D53A74E0D575D7555E8D4A95338EDB4D37223B069E4F5F0C30F0F175D7451B8E1861B72E71D79E491EB46781BE6D32629D4A6B09C46A38F3FFEF8D0BF7FFF5C35A7679E79267CF39BDF5CF7384DB968ADA09B7CF2939F0C8F3FFEF89A0F19781F6BE68F75D4D6F67B2FEC0250944177D4A851576A43F33AFBECB3AF68AD290CFBEDB75F6E34F6C20B2FCC3DEEDDBB77B8F3CE3B73C1354D6D983061426E1436CD91BDE0820BDEF3FA2F7EF18BE137BFF94D6EEAC1CD37DFDCE4CF299C6FDB781A430AD81B92E6F9A68BE7D2CF4FAB451406ECD6B4E79E7B86FFF88FFFE89CE6ECC6CF7D49269349697FBF58A59BFB1EB1C7439AF333959797A7FFDF6D55FFBA22EC02002D2285DA0663C78ECDCD174EA3B549E1D4830DE9DAB56B6E74F8231FF9C8BA39BE1B9202F44E3BEDB4EE71E13486638E39E63DE7AF5CB932371D224D8D482B4014AEBB9B1E6F09C3870F5F920F9857A4E5C676D861876BE2FE1762F8DDE3FD045F845D00A015A5F098465193B43E6E9A0F7BCD35D78437DF7C3377BC300C174AA3AE6954F8A73FFD6978E59557C229A79C925B5EECDFFEEDDFDE137C0B83EEC6C2768334529C468CD3D48974115A61E82E5C1D624BA9A8A8487F1BB8345FE9CFFDED6C367B560CBEFBC66D47BF55C22E005024D2CD1BDE79E79DDC36CDD34DD24A0769EDDBB43E6E5A83B773E7CEE177BFFB5DEEA2B1B4C4589A96902E246BB891441AD94DF37AFFF8C73FA65BE4E69E4FEBF16E68FE6E0AD00DE1BA29CF3EFB6C6ED4B8509AEEF0DBDFFE36B73670B1193972E46FE2265518366CD8BFA7106CC457D805008A40BAE02C551AE12D5C662CAD8490AA503A2785DA0D49EBF29E7FFEF9B9DA98B43459BA206E630A83EEADB7DE9ADBA6151D1AC275311B3D7AF4ED7173BBDFACF7A7440B008096B4A1F5743FC8399BB2A9A0DB123F1361170000845D00001076010040D8050040D805000061170000845D00001076010040D805000061170000845D0000845D00001076010040D805000061170000845D0000107601001076010040D805000061170000845D00001076010040D8050040D80500DA81D5757575BA5004F2DF832F43D805009AD1B34B972E9DAF0D5BDE8A152B42A74E9D66E984B00B00349F8AAAAAAA99DAB0E52D5BB62C6D1ED6096117006826D96C76CC82050B7689DB6ADDD8B2E6CE9DBB6CCD9A35C37542D805009AC931C71C33A5AEAEEEA537DE78E3EFBAB1E5CC993367750CBA2F1E7DF4D14FEB86B00B0034A318762F99376FDEC0C58B17BFA21BAD6FE5CA9561FAF4E9D5353535FFA11BC22E00D0CC8E3DF6D869994CE6F4CACACACE31F056EA48AB06DDDA975E7AA92A9BCD9E1EBF07BD17760180963074E8D0F17173DECB2FBFDC6FDAB4690FC4F0B542575AD6AC59B35E9F3C79F2929A9A9AB362FF1FD21161170068E1C05B575777C4DB6FBFDD69E2C4898B2B2B2BEF5FB870E163B5B5B5EF14F3E7AEAAAA0AF7DD775F6E5BCCD23ABA4B962C79F3F5D75F7FF2A9A79E9A11CD8ABD1D22E8B6BE0E5A0000ED539AD210379F7FE491470E5CB468D197630D898FBB15F3679E3C797278E18517C2CC9933C341071D54CC1FB526D6A258E962C0312E46137601802D24ADD2103753DAC2672D2F2FBF326EAE8881F7AACB2EBBEC4ADF1E9B621A030000C22E000008BB000020EC020080B00B0000C22E00D0A6ECA20508BB00C0D6E4FE82FD0AEDA0A559671700684D97C63A20D6AA581363FD4FAC4FE69F1B18EB1FB1DE8DF569AD42D80500DA9AB5B15E8AB57BFEF1F5B1DE8ED525BFFF8D583FD626845D00A0AD7934D68EB1EAF28F9BBA35F1D55A85B00B00B43547C7DA2DD6CC503FB27B859620EC02005BA3B2FCF633B12E8A5513EA5767981CEA477E0FD622845D00A02DDA3ED45F8896E6E9FE2E5FC7C47A446B686E961E03005A539AC2B030BF7F65C1F147F2A1B74C8B684E46760180D60EBBE363FD20D6D4582F377A3E2D3B962E5C5BA55508BB00405BB35BC1FE1F639DA125B424D31800802DE5462D40D80500B656CF6801C22E00B0B5D94326A1B598B30B00B476F6783DAC7F615A43D03D30D4AFB70BC22E00D026A5307B67AC6F84FABBA8BD993FBEBBA04B4BF04F0600006CB58CEC0200ADE5BF624DC8EFA7290B6934B767FE71E17E3245BB10760180B6646CF8D75485C505151AED77D62A845D00A0AD9956B09FEEA4569ADF8646FBD06CCCD9050060AB65641700686D47C6FA47ACBAFCE3927C263928D60AED41D80500DAB28F6801ADC534060000845D0000107601009A96D6D73D22BFDF35D66E1B38C7BC5D845D00A04D4A378B9893DFAF8AD5B7D1F329002FD0269A8B0BD400802DE1AA583BC75ADEE8F8E0583F493BC3860DBB3C93C9FCBC89D75F515E5E7E45E3F71C356AD4955A4B2123BB00C096F044AC4FC57A3BD6D505C7FF186B442EA49494BCAF5B06C760FC86B622EC02005BD21FF2DBF1A1FEF6C1BD63DD1EAB32D6C5B1CE6B3871E4C891E342FD54874DCA66B34B3B77EE7CAFF622EC02005BCAEF625DB781E3E936C17F8F7562AC898D42ECFD9BF9DE7F1B3E7C78B51623EC02005BCAD9A1FECE69C99FF2DB13F2C7CF89F5B982E30D6177747EB77633823408BB0040514823B8DF8EF540A3A07A51A8BF702DA76BD7AEE9BCF9B14A37F25E2BBB74E932514B1176018062F1DFB116C6DAA5D1F134A5E1BB0D0FF25313C66DE2BDEE89E72DD152845D00A0185C95DFA655174EDCC0F3B7347ADC70515B5D13EFF7172D45D805008AC51905FB376EE0F969850FE6CF9F3F319BCD2E6922B7AC2C2B2B7B484B1176018036A9A2A2A22693C9FCB189A7FF6A1506845D00A058A50BD4D21D5D7F5C706C72E393B2D9ECC3F96DB6D153A3B5908D71BB6000A0B51C18EBF7058F3BC5FA7C7E7F6CC1F15E8D5FB860C18271FDFAF59B9DC964FA1704E0A55DBA7419AFAD6C8C915D00A0B5A4DBFF9E1CEB945807C57ABEE0B9C505FBEF367E619ACA10EAEFBAB64E0CBE8F5A85814D31B20B006C694F14ECA781B84B9B382FADCA706641D81DA17508BB0040314953144AC3FA53158E885593DF4F379818BBA1179695953D5D5DFDAF6BD13A77EE3C4E3BD914D3180080D6F2F158BBA6DC1A6B9F58B7C71A10EB53B15E0AF517A99DDDD48BF3AB2E342C4B36C32A0C6C0E23BB00D0CE4D9A34E97325252597AC5EBDFAD0EAEAEA3E7575759996FC79E3C78F0F9FF9CC67C2A2458B728F3B77EE1C7AF4E81166CF9EBDFFFFFEEFFFFEF4EAABAF6EF2B5555555E9F3868F7FFCE303CE3EFBEC6CB1F63493C9A45B1DBF1B6B5AAC3BF6DC73CF9BE3B11ABF6DC22E00D04A264C98B05FA74E9DEE8D2177AF7EFDFA956CB3CD36B9D019836F8BFCBC18A273D5AB57AF10C35FE8D0A143B8EDB6DBC239E79CB3EE9C61C38685BBEEBA2B9C75D6594DBECF97BEF4A5A2EF6DFA73AE58B1A2CBB265CB3EB660C1828FC5607FD5B469D3CEDD679F7DEEF59B27EC02002DEC89279EF8626D6DED989D76DAA963ACDC48644BFBC637BE1166CE9C990BB985EEB9E79EF79CBBB1B0DB16A4BF30F4ECD93357FDFBF70F73E7CEED15FFECF7BCF6DA6B37ECB5D75E17FB0D14760180160CBAD96CF64FFBEDB75FC714C65A4B1AB14D66CF9E1DFAF6ED1B3A75EA947B7CE4914786C71F7F3CB79F2E404BD314B636E92F1469E47CEAD4A917C5C05B1B03EF257E135BE92F1E5A0000EDC7C30F3FBCCFDAB56B47EEBBEFBE654D05DD150B5F093326DD1C5E9D706578FDB16BC3FC57EE0F35AB9735DB6748239D0D4137B9E9A69BD6ED979595E5C2EFD6A85BB76E21FE05238DF27E6BF2E4C99FF3DB28EC0200CD2C86CCDB76DB6DB7CE4D05DDA5732787392F8D0CD5CBE6846C5D4DA85DFB6E5832E7B9306BF21DA1AE764D8B7CA6FDF7DFBFDDF43F05DED8FFCCEAD5ABEFF6DB28EC0200CDE891471E39B0A4A4E4809D77DEB9C9698C0BFF393E64B375EF39BE66E5C2B034865E3EBC34A5219BCDF67DF6D9674FD00D6117006826994CE6CBFDFAF5AB6BEA62B4DA352B363A5D61F5CAB735B199ECB0C30E29F05EA013C22E00D04C4A4B4B8FEBD5ABD7B64D3D5F57B7F165603734E2CB0793A691AC5EBDFA609D1076018066525B5B7B405A47972DAF7BF7EE29ECF6D109611700683E9D5AEA8611BCCF0016BF876C369BD10961170068251D3AF70C994CD3D1A043A7EE9A84B00B00B44D29E8F6F9C8900D06DE8E5D7A879EFD066B12C22E00D0766DB7FB677323BCEF391E4370E7EE3B6810C22E00D076A51B476C68D5859A352B348736A983160000C98AAA57C38257FFB2C1B57617BEF14858B3AA2AF4DDF3F3A1B46317CD42D80500DA86349AFBCEF48AB068E6C48DAEA59B6E25BC6AD19B61877DBE18BA6FB7B7C621EC0200C56DE53BAF8705AF8DCDDD0E7873ACAD5E12664FB92BF4EA7F486E7E6FA9151A2872E6EC02403B55BD6C4E2EB86E6ED02DB478F6A43077EA184D44D805008A535317A36DAEEC266E2F0CC5C034060068A7BAF6FA48D867E8351AC156CDC82E0000C22E00005BDCA00D1CFB74ACED0B1E976DE23D3A6DC6395B0DD31800008ADBB058CBF3FBDF8DF56FB13E9E3F96AE2EFC56AC6F169C7F5CAC5EB12634F17E9F8DD52DD68DEDA179467601008ADBDBB1F6893536D6AC58AB623D116B9B589362FD3E56E35BDC2D8E35B3895A106B767B699E915D0080E2964661DF0AF583946BF2C70E88F58958BBC5FA71AC81B1FE6FA3D7A5F3FFBD20D8A67346B6B7E619D9050028FEB0BB34D44F4D78391F743BC6BA3E565AFFED8A58CF6EE07575F9403C365FFBC79A23EC0200504CD21CDB7401DAB9B1768D3538566DC1F3DF8F354F9B36CC34060080E2F6AB58AFE5F7BF10EAE7EAA611DAA3623D19EB88583F6FE2B5BBC43A3EBFDF5FD80500A098A411DDDD637D2CD6CA580342FD5496D21686000020004944415486B40AC32743FD34852B9A786DFA17FCF1A17E0A43B26B7B6CA0690C0000C5AB4FAC1D638D89F550A85F72ECEFF9E752E8FD62D8F07CDD24CDD9BDBEE0F12DEDB181467601008AD7B47C7D2AD44F5F4817A9A515198686FAD1DEAB63FD4FACEF85F5971FEB1BEA576AD890345ABC54D80500A058A4D1DBB4B4D8EDB1CE88F546AC6BF3CFA5E90DF7C5BA30D4CFED4D23BA69D4776613EFF562A85FC541D80500A028A4707A713EBB350EAA695AC3D1058F1FD8C47B4D694F8D33671700A06D855E845D00A035DD7EFBED61CD9A359B3CE795575EC9EDBFF8E28BEB8ECF9A356B93EF5F575717468C18B15ED5D4349DFBAEBFFEFAB070E1C28DBEE7E2C58BC3030F3CB0597FBEEAEAEAF57EF6E8D1A37DE9C22E00B0B59A3D7BF67A8FBB75EB169E7BEEB98D9EF3F2CB2F875D76D925B77FC92597AC0BC75FFFFAD77361766352B0FDE637BFB9AEE6CC99133A74E8B0D160BDFDF6DB6FF43D478D1A154A4A4AC2AA55ABC23DF7DC137EFAD39F8671E3C6E5EAB39FFD6C78E79D77D69D5B5656165E7AE9A5753FFFC20B2FF44BD04698B30B00BC6F29280E1C3830171693B7DF7E3B6CB3CD36B9A0983CF6D863A14F9F3EE1D24B2FCD05D534329AB6FFFCE73F732172E79D770E9D3A75CA9D9B0270C3FB6C8E430F3D347CEF7BDFDBE8391D3B76DC64787EF3CD37C305175C10264F9E1CBEF295AF845FFEF297E1B8E38E0BAFBFFE7A18326448EEF317BAFAEAABC39FFFFCE7307DFA74BF006D88915D00E00339FEF8E373E130551AD94DA1B5E1F1B9E79E9B0BBA490ABA0B162CC88DDEF6EAD52B1C7CF0C1B9E3691AC18A15FF5A2DEB4B5FFA52EED8A65C73CD35EFFBB3CE9F3F7FBDC777DD7557B8FCF2CB733F2FBD5F0AE0E93326B7DC72CB06476E53386FF833D17618D90500DEB714FA7EF6B39F85830E3A28F738CDC5DD6EBBED72D30B66CC9811962D5BB66EF4B57BF7EEB94A61B177EFDEB97352C87CE28927C26EBBD52F059BDEEB073FF8412E0C6F4C0AD5471E79E4263FDFDAB56BD78D322F5DBA343CF9E493E117BFF845E8DAB56B6E14FAC1071F0C3D7BF60C13264CC885DB348A9B4674D3FCE1F4F9EEBBEFBE3077EEDCF0939FFC64BDF7FDEA57BFDA6C531852D02F2F2FBFB2C8BEDA21C22E004094A624A4809ACC9B372F0C1D3A34176A274E9C1866CE5C7F89D71430D3F977DF7D7738FDF4D373A1F684134E58F7DA5B6FBD35174437254D61D81C691A431A616E306CD8B075FB7DFBF60DF7DE7B6F1833664C38E38C33728FD3A873FA1C5DBA74C97DC69B6EBA69BDD7374801B973E7CECDD2BFD75E4B4BE23679AB5F845D00604B4AF35E1B464F2B2B2B7301365DC895F677DC71C775E7A5F09BC26C7AFE6B5FFBDA7B426D3A7773826E92465B9B43BA982E05E2030E38203CFEF8E3B98BD9CE39E79CF0D0430F85B3CE3A2B4C9A34295C74D145EF795DBAA86EF5EAD5EBE61B7F187BEDB55778E18517AE2AB2AF7548ACA3623D166BB8B00B00B45B69358486D1CFC291DD548523BB871F7E78AEBEF5AD6F6DF4FDD252619B5A4161DAB469B9551EFAF7EFFF813F771AC53DEFBCF372738ED3486DBA18EDE69B6FCE7DFEB163C7E602EF61871DB6C1D7A60BD49A4BEAD3A851A3AE2CA6EF343FAD2285DD8AF8D9666C0DBFA72E5003003E907DF7DD77DD525D693477FCF8F1B9FDB4C458E1C86E53D2D4863482DAE0D9679FDDAC9F9BA6187CA8F05352924654C3B5D75E9B0B9C53A74ECDCDD5DD7BEFBD73532BD25268290C6FC80D37DCE08B17760180F6205DA4D6B0FAC2A041837223A3693F2DE795D6A96D902E464BA3B1695586248DAC4E9932253767F690430E09CB972FCF1D4FE7A465C036E5B7BFFDED7BD6F4DD947431D80F7FF8C3DCD48B3415E2ECB3CFCE5DB0D6AF5FBFDC348BEF7CE73BB9151B6EBCF1C6307CF8F070CA29A7BC679DE03FFCE10FE199679EF1C5B731A63100001F5A5AFD20AD629046471B4B7375D3CA0B69B58334929A5C77DD75B96904C9F9E79F1FEEB8E38EDC855F0D379D682C8DC69E78E289EB1EDF79E79DB99520D2F114A653082D9C479B02715A69A1D0E73EF7B95055551576DA69A7DC85751FFDE84773A3D1279F7C722E64AF5CB932FCFAD7BFCE9D9BA649A4D07BF1C517E7A63AA4D5252A2A2AD67D8674211BC22E00D04E9C79E6991BBD682B4D0F68587D216908BAC986563D784F60E9D021FCE94F7FDAE073294C6FCE7B144A413749A3D169A4B9F1EB53906E58562D4981370572DA1ED31800800FAD395627D86261A8441C1276010040D805000061170000845D00001076010040D8050040D805000061170000845D00001076010040D80500006117000061170000845D00001076010040D805000061170000845D0000845D00001076010040D805000061170000845D0000107601808D585D5757A70B4520FF3DF832845D00A0193DBB74E9D2F9DAB0E5AD58B12274EAD469964E08BB0040F3A9A8AAAA9AA90D5BDEB265CBD2E6619D107601806692CD66C72C58B06097B8ADD68D2D6BEEDCB9CBD6AC59335C27845D00A0991C73CC3153EAEAEA5E7AE38D37FEAE1B5BCE9C397356C7A0FBE2D1471FFDB46E08BB0040338A61F79279F3E60D5CBC78F12BBAD1FA56AE5C19A64F9F5E5D5353F31FBA21EC0200CDECD8638F9D96C9644EAFACACEC1C036FA58EB46AD0AD7DE9A597AAB2D9ECE9F17BD07B611700680943870E1D1F37E7BDFCF2CBFDA64D9BF6400C5F2B74A565CD9A35EBF5C993272FA9A9A9392BF6FF211D11760180160EBC75757547BCFDF6DB9D264E9CB8B8B2B2F2FE850B173E565B5BFB4E317FEEAAAAAA70DF7DF7E5B6C52CADA3BB64C992375F7FFDF5279F7AEAA919D1ACD8DB21826EEBEBA00500D03EA5290D71F3F9471E79E4C0458B167D39D690F8B85B317FE6C9932787175E7821CC9C39331C74D041C5FC516B622D8A952E061CE36234611700D842D22A0D7133A52D7CD6F2F2F22BE3E68A1878AFBAECB2CBAEF4EDB129A631000020EC020080B00B0000C22E000008BB000020EC020080B00B0040BB609D5D00606B521E2BDD5EAD6623E794C57A235F08BB00006DC68A58FD3771CEDEB1266A95B00B00D0D63CB491E70E8EF55CAC21F9508CB00B00D0269D14EBBC58F363758F75939608BB00005B8BFB632D8955116B40FED8006D697FACC60000C056CBC82E00B0B549AB2D0C88F58D503F3F779B584F86FA551AB6D31E611700A0AD1A920FB56959B1AB0AC26F5A8AAC7FC1F3B413A63100005B939FC7DA3656BF8263D5F9B03B3BD4AFC6909E33E0D74EF8A20180ADC939B14ED9C4393BC49A11EB69ED12760100DA92CA7C418E690C00407B51A605C22E00405BF69FB1BEDDC47343B4A7FD318D0100D89ADC12EBB8580786FAD5171A961A9B11EA2F546B08BD155A25EC0200B4355FC807DD031B05DCB442C312ED11760100DAB21472D3E86EBF7CC09D913F3E20D6A058A7C51AA34DED8739BB00C0D6667EACEEB10E2E3896A633A4551ABE9B0FBEDFD626611700A02D4A617668AC2905C752F8DD23BFBF73AC71DA24EC0200B435E94E6933625D99DF2F946E217C75AC05B1A66955FB60CE2E00B035A90AF577504BA3BA87C7BA307F7C453E045F12EB366D12760100DAA274715AF77CE0BD311F72D3086F5A862CADD45011EB266D6A3F4C630000B626691586FB628D0FF54B8D354C65981D6BEF50BF42C373DAD47E18D90500B626692586A39B78EEBBE1BDF378D9CA19D90500DA0B4157D805000061170000845D00001076010040D80500006117000061170000845D00001076010040D805000061170000845D0000107601001076010040D805000061170000845D00001076010040D8050040D8050000611700008A59072D00008AD1B061C32ECF64323F6FE2E92BCACBCBAF6874ECAA51A3465DA9731432B20B00146748292999F27ECE8FC1F80D5D43D80500DA849123478E8B9BAACD3C7D59E7CE9DEFD535845D00A0CDC866B3F7E777D76EE2BC09C3870FAFD631845D00A02D85DDD1F9DDBA4D9CFA3BDD42D80500DA94AE5DBB4E8C9BF9B13A6FE4B4955DBA7499A85B08BB00409B929F9A90E6EEA651DE354D9C764F3C6F896E21EC02006DD11FD2FF643299A672CB5FB4086117006893E6CF9F3F319BCDA691DB0DDD1F60555959D943BA84B00B00B44915151535994CE68FF9878D2F541B6B1506845D00A04DCB66B30F37EC367A6AB4EE20EC02006DDA82050BD2456AB36395161C5E565656365E7710760180362D4D65889BC6C1F611AB3020EC02005B8B3F143EC8643223B404611700D82A9495953D5DF8B873E7CEE37405611700D82AE4575D98967F38C32A0C6C8E0E5A0000ED5B369B2D9B3E7DFA7FAE58B1E2F455AB56EDBD72E5CAB2BABABAA2FCAC0B162C08CF3FFF7CF8F8C73F3EE0ECB3CFCE16735F33994CB673E7CEEF74EAD469D2DAB56BAF3FFCF0C3FFE6B74DD805005A510CB9E73FF7DC73BFAAAEAEEEDAAF5FBF90AA478F1EA1A4A478FFF1F72B5FF94A9BE86DFC0B4326FE0562BB65CB961D3F7FFEFCA18F3FFEF82BEFBEFBEEE9C71E7B6CA5DFBCD6631A0300B453B366CDBA7FE6CC9937F7E9D3A7EB273EF189B0EBAEBB866DB6D9A6A8836E9B0A59B18F3D7BF60CFDFBF70F071F7C70A75D76D965701AE59D3061C289BA23EC02002D1C74639DB8DF7EFB859D77DE39FD93BBA6B4B09D76DA290C1E3CB84B0CC1778D1F3FFE0B3A22EC02002D204D5D78F3CD374FDC7BEFBD73238F8DAD5EB120CC9E725778ED6F3F0DAF4EB832CC9A7C47A85E3647E39A41B76EDDC201071CD023FEE5E2AE871F7E78908E08BB0040334A17A3555555FD2A4D59682AE8BE35F9F76145D5ABA1AE764DC8D6D584558BFE19663DFF3B81B71903EF800103EA4A4B4BFF5B37845D00A019A55517D2C568E99FD43764D1CC2742CD9A95EF399E826FD5F40A0D6C26FDFBF7EFDDA143873D1F7DF4D14FEA86B00B003493B4BC585A71A1A939BAEF6E64F4368DFAD27CFAF6ED3B3F6EBEAC13C22E00D04CD23ABA69C585A6646BD736FDE26C9D0636A3EDB6DB6EE7B819A2132DCB3ABB00D08EA41B46A47574D9F2E2F7B063DC6CAF132DCBC82E00B423E9CE68D6D12D921056FF3D187814760180D6D2B14BAF269FEBD0D98830C22E00D086F5DEF5B0D0A153B7F71C2FEDD825F4DEED700D42D80500DAAEEEDBEF1BBA6DB7F7068FF7E8BB9F0621EC02006D5BEDDA77DF73AC66F5728D41D80500DAAE352B17E6EE94B662E12BEF796EE53BAF8759CFDD963B07845D00A04D593A77720CBAB787558BA73779CEAA2533C38C493787C5B39E0A596BEED24658EE0200DAB13452BBE0B5B1B991DBCD916E1B9CCE5FBEF095D077AFE343596EA958285E467601A01D4B23B59B1B740BA511E099CFDEAA8108BB0040F14A23B51F54B6AE4603297AA63100403BB6CFD06B3481AD9A915D0000845D0000B6B8411B38F6E958DB173C2EDBC47B74DA8C73B61AA631000014B761B11AEEEAF1DD58FF16EBE3F96369E1E36FC5FA66C1F9C7C5EA156B4213EFF7D958E99ED037B687E619D90500286E6FC7DA27D6D858B362AD8AF544AC6D624D8AF5FB582B1ABD6671AC994DD48258B3DB4BF38CEC020014B7340AFB56A81FA46C583EE380589F88B55BAC1FC71A18EBFF367A5D3AFFDF0B826D3A67647B6B9E915D0080E20FBB4B43FDD48497F341B763ACEB63A5F5DFAE88F5EC065E57970FC463F3B57FAC39C22E0000C524CDB14D17A09D1B6BD7588363D5163CFFFD58F3B469C34C630000286EBF8AF55A7EFF0BA17EAE6E1AA13D2AD693B18E88F5F3265EBB4BACE3F3FBFD855D00008A491AD1DD3DD6C762AD8C3520D44F6548AB307C32D44F53B8A289D7A67FC11F1FEAA73024BBB6C7069AC6000050BCFAC4DA31D698580F85FA25C7FE9E7F2E85DE2F860DCFD74DD29CDDEB0B1EDFD21E1B68641700A0784DCBD7A742FDF48574915A5A916168A81FEDBD3AD6FFC4FA5E587FF9B1BEA17EA5860D49A3C54B855D00008A451ABD4D4B8BDD1EEB8C586FC4BA36FF5C9ADE705FAC0B43FDDCDE34A29B467D6736F15E2F86FA551C845D00008A420AA717E7B35BE3A09AA6351C5DF0F8814DBCD794F6D43873760100DA56E845D805005AC2EDB7DF1ED6AC59B3C9735E79E595DCFE8B2FBEB8EEF8AC59B336F9FE75757561C48811EB554D4DD3F9EEFAEBAF0F0B172EDCECCFBF39E72F5EBC383CF0C0039BF57ED5D5D5EB7DD6D1A347FB2511760180B662F6ECD9EB3DEED6AD5B78EEB9E7367ACECB2FBF1C76D96597DCFE25975CB22E1C7FFDEB5FCF85D98D49C1F69BDFFCE6BA9A33674EE8D0A1C34683F5F6DB6FFFBEC2FAA6CE1F356A5428292909AB56AD0AF7DC734FF8E94F7F1AC68D1B97ABCF7EF6B3E19D77DE59776E59595978E9A597D67DDE0B2FBCD02F4D9131671700D868F01B3870602EFC256FBFFD76D8669B6D72C12F79ECB1C7429F3E7DC2A5975E9A0BAA69A4336DFFF9CF7FE642E1CE3BEF1C3A75EA943B3705E086F7D91C871E7A68F8DEF7BEB7D1733A76ECF8BEFE3C9B3A3F7DF637DF7C335C70C10561F2E4C9E12B5FF94AF8E52F7F198E3BEEB8F0FAEBAF87214386E4FEBC85AEBEFAEAF0E73FFF394C9F3EDD2F4C1132B20B006CD4F1C71F9F0B7BA9D2C86E0AAD0D8FCF3DF7DC5CD04D52D05DB060416EF4B657AF5EE1E0830FCE1D4FD30256ACF8D7AA585FFAD29772C736E59A6BAE79DF9F75FEFCF91FEAFCBBEEBA2B5C7EF9E5B9CF977E7E0AECE9CF94DC72CB2D1B1CB94D61BEA107141F23BB0040935288FBD9CF7E160E3AE8A0DCE3341777BBEDB6CB4D2F9831634658B66CD9BAD1D7EEDDBBE72A85BFDEBD7BE7CE49A1F189279E08BBED56BFE46B7AAF1FFCE007B930BC3129541F79E4919BFC7C6BD7AE5D37CABC74E9D2F0E4934F865FFCE217A16BD7AEEFFBFC346AFDE0830F869E3D7B86091326E4C26D1AC54D23BA69BE71FAF3DC77DF7D61EEDCB9E1273FF9C97AEFFBD5AF7EF57D4F61A8AAAACA8D1E9797975F59445FF915C22E00D0AEA4290929A026F3E6CD0B43870ECD85DA891327869933D75FCA3505C674FEDD77DF1D4E3FFDF45CA83DE18413D6BDF6D65B6F6D3288164A531836479A969046981B0C1B36EC039FDFB76FDF70EFBDF7863163C68433CE3823F7388D52A7CFDDA54B97DC9FE9A69B6E5AEFF50D5240EEDCB9F3FBEA6BFA4BC00B2FBCB055064C6117006833D23CD686D1D0CACACA5C804D1766A5FD1D77DC71DD7929FCA6309B9EFFDAD7BEF69E509BCEDD9CA09BA4D1D32D215D7C9702F101071C101E7FFCF1DCC56CE79C734E78E8A187C259679D15264D9A142EBAE8A2F7BC2E5D84B77AF5EA75F39337C711471C91FBCB420CBC5715E1D73E5CD80500DA85B41A42C36866E1C86EAAC291DDC30F3F3C57DFFAD6B736FA7E69E9AF4DAD88306DDAB4DC2A0FFDFBF76FB53F671AC53DEFBCF3727394D3486DBA18EDE69B6FCEFD79C78E1D9B0BBC871D76D8065F9B2E507BBFD27490343DE4B2CB2EBBD26F59CB71811A00B051FBEEBBEFBAA5B7D268EEF8F1E373FB6989B1C291DDA6A4A90D6944B4C1B3CF3EBB593F374D1968D5505452929B5670EDB5D7E682FCD4A953737375F7DE7BEFDC548CB4745A0AC31B72C30D37F84511760180B6285DA4D6B0FAC2A0418372239D693F2DCF95D69D6D902E464BA3B1695586248D944E9932253707F690430E09CB972FCF1D4FE7A40BB336E5B7BFFDED7BD6F4DD94B4EAC30F7FF8C38DDE88A2A9F3D3D489B3CF3E3B77C15ABF7EFD72D332BEF39DEFE4566CB8F1C61BC3F0E1C3C329A79CF29E7585FFF0873F84679E79C62F4A91328D0100D86C693583B42A411AED6C2CCDD54D175DA5D50BD2C86872DD75D7E5A60524E79F7F7EB8E38E3B72177235DC74A2B134BA7AE28927AE7B7CE79D77E6FEA93F1D4F613A85CAC279B12910A795130A7DEE739FCBAD74907ECEFB397FA79D76CA5D88F7D18F7E34377A7DF2C927E742F9CA952BC3AF7FFDEBDCB9695A450ABD175F7C716EAA435A8DA2A2A262DD674E17B2515C325A0040B1C82FC194AE4CBF6AD4A85157EA48F37BF4D147B39BB3A45753D28558EFE722ACB62C8D4CBF9F9B607C10E922B8A38F3E5A1E6B41A63100009BADBD04DD5C482A1193845D00001076010040D805000061170000845D0000845D00001076010040D805000061170000845D00001076010040D8050040D805000061170000845D00001076010040D80500006117000061170000845D00001076010040D805000061170000845D0020F71FFE92926C5D5D9D461481F83DCC8C9B1A9D1076018066525656F6F6F2E5CB35A2082C5EBCB8326EA6E884B00B0034938E1D3B4E5CBA74A9461481F9F3E72F8B9B0A9D1076018066525D5DFDCB79F3E6ADCD66B39AB165CD58B468D1E0B81DA315C22E00D04C8E3CF2C84931E8BE3477EE5CCDD8822A2B2B1F8DDFC3DCA38F3EFA69DD1076018066545D5D7DFA8C1933562D5BB64C33B680254B96FC79D1A2455FACABABBB4437845D00A0991D7BECB1D362D03A71EAD4A94B05DED60FBA2FBFFCF2FE994CE69CF83D54EA88B00B00B480A143878EAFA9A939E5C5175F5C366BD6AC45E6F0B6B819959595B7BDF4D24B87C6FD6FC5FE3FA425ADA3540B00281683060D1A1237A91E8BC1A042475AD69D77DEF9E669A79D76FFD2A54B07CF9D3BB7677575F56B25252599CE9D3B77CF643245F999ABAAAAC2C30F3F1CB6DF7EFBD0B56BD7A2EE6F5A4777D1A2454F4E9F3EFDF9575F7DB5CFBBEFBEDB211E3BED98638E99E8B7AFF574D0020068BFD29486B479E491470E9C376FDE9763A5BF6C6C1BABAC183FEFE4C993C30B2FBC1066CE9C190E3AE8A0626FEFCEB116C67A25D67FBB184DD80500B690638E3926DDDCA0E86F70505E5E7E65DC5C1103EF55975D76D995BE3936C59C5D0000845D00001076010040D805000061170000845D0000107601802D29ADE17BF9068EA725516F8BB5871621EC02006DD1805835F9FDEE8D9EFBF758A363BDA14D3417379500005AD365B12E8895EE267669ACBDF3C75F8D353C1F800F8FE596BA08BB00409B3326D6FF89F5975815F9809B0C88352356FF582709BB3417D3180080D6D23D1F6A6F8DB5CF069E3F3DD4CFE7351847B3F1CB0400B49633636D1BEAE7E4F66FF4DCA0582B62CDD6269A93915D00A0B5DC18EAE7EA8E8C7560A3E75200BE3F56B536D19C8CEC0200AD9D3DCE8AF5C9FC7EC3086F9AE2F07FF2FB63B40961170068ABD9A361F436CDCF3D3CBF9FA62FFC36FF9CA5C71076018036695C7E9B46721FCA572838F6C3583363DDA25508BB00405BD3704389A737F05CBA40EDC7A1FE223668162E500300B684AA8D84E12AEDA1B918D905005ACB1EA1FE86111B0BB369CE6EBAA18425C8681646760180D692426E1AB99DB1914A1ED42A9A8B915D00A0B52C893525BF5F9D0FB74BC2FA6BEBA63BAB5DA75508BB00405B9542EE80503FA5E173A1FEC2B47EB12EC987DFFBB50861170068EB61775AA85F8A2C3D1E927F0CCDCA9C5D0000B65A467601802D25ADA7FBAD584B63ED16D69FD30BC22E00D0A6334845A370BB445B10760180B69C3B0ECCEFD714EC37962E587B4EBB10760180B6648F7CC81DB089F3B6137611760180B6665AB0E202ADCC6A0C000008BB000020EC020080B00B0000C22E000008BB000020EC020020EC020080B00B0000C22E000008BB000020EC020080B00B0080B00B0000C22E000008BB000020EC020080B00B0000C22E0000C22E000008BB000020EC020080B00B0000C22E000008BB000020EC020020EC020080B00B0000C22E000008BB000020EC020080B00B0080B00B0000C22E000008BB000020EC020080B00B0000C22E0000C22E00006C653A680100508C860D1BF6C94C26F3F7269EBEA2BCBCFC8A46C73E336AD4A80A9DA390915D00A0288D1E3DFAE9B899B699A7CF993F7FFE445D43D80500DA8C6C363B6E334F1D5B515151A36308BB00409B515A5AFA87FC6EDD264EFD5FDD42D80500DA94BBEFBE7B4ADCCCDE5866C964324BE6CF9F3F45B71076018036279BCDDEBB89E7FF640A03C22E00D0266532993F6FE29491BA84B00B00B449F95516DE68E2E9A56565654FEB12C22E00D026E5A7286C7055866C36FBFF860F1F5EAD4B08BB00409B95C96446371176EFD61D845D00A04D1B3972649ACA50D5E8F0CAB7DF7EBB427710760180ADC1438D1F5B8501611700D85AFCA1F041269319AE2508BB00C056A1F1AA0B9D3B77AED01536A583160000C5EAB4D34EEB5F53537352269339AABABAFAC0507FDBE03458978D8F5F19366CD894F8DC93A5A5A5A3468C18315BC710760180A277EAA9A79E143717D6D6D61E1EC36CD9064EC9C41A109F1B10B727C5F3FE4F797979457CFCBB912347FE510711760180A213036B0AAF3767B3D9E33EC0CB87C4D70D89EF715E0CBF67DD73CF3D6FE828C22E005014860D1B561E3737C4DAAEE1586969691834685038F4D043C31E7BEC11B6DD76DBD0A3478FB06AD5AAB064C9923063C68C3069D2A43079F2E4B076EDDA86971DDEA1438729A79E7AEAF94679117601806208BA5FC864327735649314723FFFF9CF87638E39266CBFFDF6EF39BF6BD7AEB9DA69A79DC261871D960BBE7FF9CB5FC25FFFFAD7505B5B9B6E36D12D9E76570CBC6531F0DEAEC3ED57A91600502C060D1A34246E523D56595959A123ED26E896E7EF90960BBA29C0FEE8473F0A871F7E78E8D6ADDB66BD4759595938E08003C2273EF189306DDAB4B06CD9B286A74ED87FFFFDFF197F9F5ED2E9F6C9D26300C01693E6E8C6A07B4343D0DD7BEFBDC395575E1976D965970FF47EE975E9F531E0161EBEE5D4534FDD47B7855D0080561583EE6D213F47378DE87EE73BDFC9CDC9FD30D2F4866F7FFBDBEB02739AD210EB36DD167601005A4D5A5E2C86D0A1693FCDD14D01F5C306DDC2C07BD14517E5DE37EFF0F8F34ED77561170060B3949797FF2805D62143867CD00BDE2F6CD84917A37DD0A90B4D49EFF7852F7C61DDE318ACCFF3ADB53F566300003EA8AB63800C3BECB0C3BBC3860D7BA4A4A4E4969A9A9A89F7DC73CF8A4DBD30DD19ADB6B67648DA6F5879A1251C77DC7161ECD8B10DCB921D9EE6088F1A356A86AF4ED80500D82C994CA64BDC9C1883EF8931B8AE8C81F2AFE94E669D3B77AE183E7C78F5865E93BF05702E870C1E3C38F4EEDDBB453E5B5A97F7A0830E0ACF3CF34CC3A153625DEF5B137601003E88B456D82931F89E525D5DBD2606DF0762A81D316FDEBC872A2A2A6A0A02F2510DFB871C72488B7EA0F4FE0561F7286157D80500680E9D1A826FBF7EFD569E7AEAA98FC5C737A411DF18840F6C3869F7DD776FD10F3160C080C28707FA5A845D00D8D2AE282F2FD785AD4B5AFEEBF8B83D3E06DDF438DBF0449A6AD0921ABDFF76BE0A6117008A22F06AC1562DD3B0D35CCB8D35252D4356A04CEB855D00D852866BC156F91792BAD068B9D34C265397CD6673C7962F5FDEA28177D5AA55850FAB7D6DC22E006C11F925A1AED489B6A1BCBCBCC9B01B836C6D0CB40D777428898F97C4C7E3759C692E000004C749444154D3C56A9D3B771E575D5DFD723CBE477A72C992252D1A76D3FB17A8F2CD09BB00001FC49A507F515AC807DDB4DEEEB858A3BB74E9327EF8F0E14B0A82F29486B0FBE69B6F36FB0D250ACD9831A3F0E1145F93B00B00F04174CA07DC7B63FDA5ACACECA1A6D6D9CD66B38FC5409CD6BC0D93264D0A471D75548B7DA8F4FE051EF33509BB00009B2D4D51889B8A9292923FE46F24B1649301A44387FB6B6B6B7F9D765F7CF1C5B068D1A216B9B1449AC23079F2E4C243F7FAC6845D0080CDF1E34C2633A3ACACECDEA646709B3262C488D9A79E7A6A450CCA4363E80D7FFDEB5FD32D849BFD038E1B37AEE156C1C944B70A16760100364B0C8ED77CC8B7B829D6D0B493C2EE91471ED9AC7377DF7AEBADF0D0430FAD7B1C83F9ADBEB5F6A7440B00802D61E4C891F7C74D45DA4FA3BBBFFEF5AFB36919B2E690961BBBE1861B72EF9B3771DEBC79A3745DD80500684D6785FC7260318C667EF5AB5F850F1B7853D0FDCD6F7E931BD9CD5B91C964CEA9A8A8A8D1EEF6A7540B00802DA5B2B272C97EFBEDF7560CA327C58725EFBCF34E78EEB9E7B203070ECC6CB3CD36EFFBFD52C0FDE52F7F195E7FFDF575C7E27B9F3D72E4C809BA2DEC0200B4BAA953A7560E1A34280DC37E2105DE152B5664264C9810DE7DF7DDB0EBAEBB86B2B24DDFE137ADBA70FFFDF7879B6FBE79BD9B4864B3D9EF8F1A35EA7F74B9FDCA680100500C860D1B561E37376732996D1B8E95969686C1830787430E3924ECBEFBEE61DB6DB7CDDD6D2D4D5548A136DD30E2F9E79FCF2D2F565DBDDE821069BDDF8B62D01DAEB3C22E004051282F2F1F10C3EE6D6949B20FF13613D31CDD9123474ED351845D00A01843EF2931B09E1743EF90B0F94BA54E8CF5BBF9F3E7FFD1C56808BB0040D13BEDB4D3FAD7D5D59D1243EFA7E3C38363F58B9526F1A6390B69158729A1FE16C0F7BA610400000000000000D0FC86C5DAADE0719AB3FBCBCD78DDB8E0865934E2170200283647C49A59F0385D6CD635BFDF29BF4DF3763F9E0FC50DB526D62E058FAF8DD54B3BDBB70E5A000014910363DD116BAF7C2575B106C43A3ED62762A59B442C8CF57C3E04AFCA9FB7B22024EF10EB87DA893BA80100C5228DDA1E136B7CAC1FC41A1DEB8558E9DEBF87C5FA6DA85F796155C16BD2D485B42AC39EB13E1FEBEDFC7E7AFD9858596D6DDF8CEC0200C5224D4DD829D6F7F341F59D503F7F77793EE09E14AB47ACBB0A5E93C2EDD8FCFE1905FBFB87FA1161845D0080A2B02CD6EF630D8EF544A81FE9FD6BFE784388DDBED16BFA86FAE90DE935BBC63A2BD682589FD24E12D318008062F2E7503F5A9B6E1E3123D665B1BA84FAA90969B4F60BA17E2A43833485E1D9585F8BB522D62BB1FE5FAC8743FD8D270000A0687428D80E8AF51F05CF750FF553150AA5A90FB7C6EA136B64A81FF9FD45FE3818D905008A460AACE9C2B2B4E242E7584FC73A2ED44F67D83DD61EA17E94F7A5FCF929D85E980FB78B629D12EBCE586FC6FA53A89FD6902E6E5BA1B500001483031A3D3EAB603F8DEC7EA620181FD1E8DC3F14ECA725C9CCDB050060ABE1665900000000000000000000000000000000000000000000000000000000000000000000000000000000000000000000000000000000000000000000000000000000000000000000000000000000000000000000000000000000000000000000005BDEFF076B61BFB2E10D61960000000049454E44AE426082, null);
INSERT INTO ACT_GE_BYTEARRAY VALUES ('145011', '1', 'test001.bpmn20.xml', '145010', 0x3C3F786D6C2076657273696F6E3D22312E302220656E636F64696E673D225554462D38223F3E0A3C646566696E6974696F6E7320786D6C6E733D22687474703A2F2F7777772E6F6D672E6F72672F737065632F42504D4E2F32303130303532342F4D4F44454C2220786D6C6E733A7873693D22687474703A2F2F7777772E77332E6F72672F323030312F584D4C536368656D612D696E7374616E63652220786D6C6E733A7873643D22687474703A2F2F7777772E77332E6F72672F323030312F584D4C536368656D612220786D6C6E733A61637469766974693D22687474703A2F2F61637469766974692E6F72672F62706D6E2220786D6C6E733A62706D6E64693D22687474703A2F2F7777772E6F6D672E6F72672F737065632F42504D4E2F32303130303532342F44492220786D6C6E733A6F6D6764633D22687474703A2F2F7777772E6F6D672E6F72672F737065632F44442F32303130303532342F44432220786D6C6E733A6F6D6764693D22687474703A2F2F7777772E6F6D672E6F72672F737065632F44442F32303130303532342F44492220747970654C616E67756167653D22687474703A2F2F7777772E77332E6F72672F323030312F584D4C536368656D61222065787072657373696F6E4C616E67756167653D22687474703A2F2F7777772E77332E6F72672F313939392F585061746822207461726765744E616D6573706163653D22687474703A2F2F7777772E61637469766974692E6F72672F70726F63657373646566223E0A20203C70726F636573732069643D2270726F636573732220697345786563757461626C653D2274727565223E0A202020203C73746172744576656E742069643D2273746172744576656E7422206E616D653D22E5BC80E5A78B223E3C2F73746172744576656E743E0A202020203C757365725461736B2069643D22757365725461736B3122206E616D653D22E68F90E4BAA4E794B3E8AFB7222061637469766974693A61737369676E65653D22237B757365726E616D657D223E3C2F757365725461736B3E0A202020203C757365725461736B2069643D22757365725461736B3222206E616D653D22E5AEA1E689B9E38090E4B88AE7BAA7E38091223E0A2020202020203C657874656E73696F6E456C656D656E74733E0A20202020202020203C61637469766974693A7461736B4C697374656E6572206576656E743D226372656174652220636C6173733D22636F6D2E6D732E6C697374656E65722E5461736B4C697374656E6572496D706C223E3C2F61637469766974693A7461736B4C697374656E65723E0A2020202020203C2F657874656E73696F6E456C656D656E74733E0A202020203C2F757365725461736B3E0A202020203C757365725461736B2069643D22757365725461736B3322206E616D653D22E5AEA1E689B9E38090E4B88AE4B88AE7BAA7E38091223E0A2020202020203C657874656E73696F6E456C656D656E74733E0A20202020202020203C61637469766974693A7461736B4C697374656E6572206576656E743D226372656174652220636C6173733D22636F6D2E6D732E6C697374656E65722E5461736B4C697374656E6572496D706C223E3C2F61637469766974693A7461736B4C697374656E65723E0A2020202020203C2F657874656E73696F6E456C656D656E74733E0A202020203C2F757365725461736B3E0A202020203C656E644576656E742069643D22656E644576656E7422206E616D653D22E7BB93E69D9F223E3C2F656E644576656E743E0A202020203C73657175656E6365466C6F772069643D22666C6F77312220736F757263655265663D2273746172744576656E7422207461726765745265663D22757365725461736B31223E3C2F73657175656E6365466C6F773E0A202020203C73657175656E6365466C6F772069643D22666C6F773422206E616D653D22E5908CE6848F2220736F757263655265663D22757365725461736B3322207461726765745265663D22656E644576656E74223E0A2020202020203C636F6E646974696F6E45787072657373696F6E207873693A747970653D2274466F726D616C45787072657373696F6E223E3C215B43444154415B247B6D73673D3D27E5908CE6848F277D5D5D3E3C2F636F6E646974696F6E45787072657373696F6E3E0A202020203C2F73657175656E6365466C6F773E0A202020203C73657175656E6365466C6F772069643D22666C6F773322206E616D653D22E5908CE6848F2220736F757263655265663D22757365725461736B3222207461726765745265663D22757365725461736B33223E0A2020202020203C636F6E646974696F6E45787072657373696F6E207873693A747970653D2274466F726D616C45787072657373696F6E223E3C215B43444154415B247B6D73673D3D27E5908CE6848F277D5D5D3E3C2F636F6E646974696F6E45787072657373696F6E3E0A202020203C2F73657175656E6365466C6F773E0A202020203C73657175656E6365466C6F772069643D22666C6F773222206E616D653D22E68F90E4BAA4E794B3E8AFB72220736F757263655265663D22757365725461736B3122207461726765745265663D22757365725461736B32223E0A2020202020203C636F6E646974696F6E45787072657373696F6E207873693A747970653D2274466F726D616C45787072657373696F6E223E3C215B43444154415B247B6D73673D3D27E68F90E4BAA4E794B3E8AFB7277D5D5D3E3C2F636F6E646974696F6E45787072657373696F6E3E0A202020203C2F73657175656E6365466C6F773E0A202020203C73657175656E6365466C6F772069643D22666C6F773622206E616D653D22E9A9B3E59B9E2220736F757263655265663D22757365725461736B3222207461726765745265663D22757365725461736B31223E0A2020202020203C636F6E646974696F6E45787072657373696F6E207873693A747970653D2274466F726D616C45787072657373696F6E223E3C215B43444154415B247B6D73673D3D27E9A9B3E59B9E277D5D5D3E3C2F636F6E646974696F6E45787072657373696F6E3E0A202020203C2F73657175656E6365466C6F773E0A202020203C73657175656E6365466C6F772069643D22666C6F773722206E616D653D22E9A9B3E59B9E2220736F757263655265663D22757365725461736B3322207461726765745265663D22757365725461736B31223E0A2020202020203C636F6E646974696F6E45787072657373696F6E207873693A747970653D2274466F726D616C45787072657373696F6E223E3C215B43444154415B247B6D73673D3D27E9A9B3E59B9E277D5D5D3E3C2F636F6E646974696F6E45787072657373696F6E3E0A202020203C2F73657175656E6365466C6F773E0A202020203C73657175656E6365466C6F772069643D22666C6F773522206E616D653D22E694BEE5BC832220736F757263655265663D22757365725461736B3122207461726765745265663D22656E644576656E74223E0A2020202020203C636F6E646974696F6E45787072657373696F6E207873693A747970653D2274466F726D616C45787072657373696F6E223E3C215B43444154415B247B6D73673D3D27E694BEE5BC83277D5D5D3E3C2F636F6E646974696F6E45787072657373696F6E3E0A202020203C2F73657175656E6365466C6F773E0A20203C2F70726F636573733E0A20203C62706D6E64693A42504D4E4469616772616D2069643D2242504D4E4469616772616D5F70726F63657373223E0A202020203C62706D6E64693A42504D4E506C616E652062706D6E456C656D656E743D2270726F63657373222069643D2242504D4E506C616E655F70726F63657373223E0A2020202020203C62706D6E64693A42504D4E53686170652062706D6E456C656D656E743D2273746172744576656E74222069643D2242504D4E53686170655F73746172744576656E74223E0A20202020202020203C6F6D6764633A426F756E6473206865696768743D2233302E30222077696474683D2233302E302220783D223534322E37352220793D2232332E30223E3C2F6F6D6764633A426F756E64733E0A2020202020203C2F62706D6E64693A42504D4E53686170653E0A2020202020203C62706D6E64693A42504D4E53686170652062706D6E456C656D656E743D22757365725461736B31222069643D2242504D4E53686170655F757365725461736B31223E0A20202020202020203C6F6D6764633A426F756E6473206865696768743D2238302E30222077696474683D223130302E302220783D223530392E37352220793D223131302E30223E3C2F6F6D6764633A426F756E64733E0A2020202020203C2F62706D6E64693A42504D4E53686170653E0A2020202020203C62706D6E64693A42504D4E53686170652062706D6E456C656D656E743D22757365725461736B32222069643D2242504D4E53686170655F757365725461736B32223E0A20202020202020203C6F6D6764633A426F756E6473206865696768743D2238302E30222077696474683D223130302E302220783D223530392E37352220793D223234302E30223E3C2F6F6D6764633A426F756E64733E0A2020202020203C2F62706D6E64693A42504D4E53686170653E0A2020202020203C62706D6E64693A42504D4E53686170652062706D6E456C656D656E743D22757365725461736B33222069643D2242504D4E53686170655F757365725461736B33223E0A20202020202020203C6F6D6764633A426F756E6473206865696768743D2238302E30222077696474683D223130302E302220783D223531302E302220793D223339302E30223E3C2F6F6D6764633A426F756E64733E0A2020202020203C2F62706D6E64693A42504D4E53686170653E0A2020202020203C62706D6E64693A42504D4E53686170652062706D6E456C656D656E743D22656E644576656E74222069643D2242504D4E53686170655F656E644576656E74223E0A20202020202020203C6F6D6764633A426F756E6473206865696768743D2232382E30222077696474683D2232382E302220783D223534352E37352220793D223535352E30223E3C2F6F6D6764633A426F756E64733E0A2020202020203C2F62706D6E64693A42504D4E53686170653E0A2020202020203C62706D6E64693A42504D4E456467652062706D6E456C656D656E743D22666C6F7731222069643D2242504D4E456467655F666C6F7731223E0A20202020202020203C6F6D6764693A776179706F696E7420783D223535382E303137383134343436323533332220793D2235322E3939373630383939303138313637223E3C2F6F6D6764693A776179706F696E743E0A20202020202020203C6F6D6764693A776179706F696E7420783D223535392E303335373134323835373134332220793D223131302E30223E3C2F6F6D6764693A776179706F696E743E0A2020202020203C2F62706D6E64693A42504D4E456467653E0A2020202020203C62706D6E64693A42504D4E456467652062706D6E456C656D656E743D22666C6F7732222069643D2242504D4E456467655F666C6F7732223E0A20202020202020203C6F6D6764693A776179706F696E7420783D223535392E37352220793D223139302E30223E3C2F6F6D6764693A776179706F696E743E0A20202020202020203C6F6D6764693A776179706F696E7420783D223535392E37352220793D223234302E30223E3C2F6F6D6764693A776179706F696E743E0A2020202020203C2F62706D6E64693A42504D4E456467653E0A2020202020203C62706D6E64693A42504D4E456467652062706D6E456C656D656E743D22666C6F7733222069643D2242504D4E456467655F666C6F7733223E0A20202020202020203C6F6D6764693A776179706F696E7420783D223535392E383136363636363636363636362220793D223332302E30223E3C2F6F6D6764693A776179706F696E743E0A20202020202020203C6F6D6764693A776179706F696E7420783D223535392E393333333333333333333333342220793D223339302E30223E3C2F6F6D6764693A776179706F696E743E0A2020202020203C2F62706D6E64693A42504D4E456467653E0A2020202020203C62706D6E64693A42504D4E456467652062706D6E456C656D656E743D22666C6F7734222069643D2242504D4E456467655F666C6F7734223E0A20202020202020203C6F6D6764693A776179706F696E7420783D223535392E393238303537353533393536382220793D223437302E30223E3C2F6F6D6764693A776179706F696E743E0A20202020202020203C6F6D6764693A776179706F696E7420783D223535392E3737353137393831353338392220793D223535352E30303030323236343337303036223E3C2F6F6D6764693A776179706F696E743E0A2020202020203C2F62706D6E64693A42504D4E456467653E0A2020202020203C62706D6E64693A42504D4E456467652062706D6E456C656D656E743D22666C6F7735222069643D2242504D4E456467655F666C6F7735223E0A20202020202020203C6F6D6764693A776179706F696E7420783D223530392E37352220793D223135302E30223E3C2F6F6D6764693A776179706F696E743E0A20202020202020203C6F6D6764693A776179706F696E7420783D223432322E37352220793D223135302E30223E3C2F6F6D6764693A776179706F696E743E0A20202020202020203C6F6D6764693A776179706F696E7420783D223432322E37352220793D223536392E30223E3C2F6F6D6764693A776179706F696E743E0A20202020202020203C6F6D6764693A776179706F696E7420783D223534352E37352220793D223536392E30223E3C2F6F6D6764693A776179706F696E743E0A2020202020203C2F62706D6E64693A42504D4E456467653E0A2020202020203C62706D6E64693A42504D4E456467652062706D6E456C656D656E743D22666C6F7736222069643D2242504D4E456467655F666C6F7736223E0A20202020202020203C6F6D6764693A776179706F696E7420783D223630392E37352220793D223238302E30223E3C2F6F6D6764693A776179706F696E743E0A20202020202020203C6F6D6764693A776179706F696E7420783D223634382E37352220793D223238302E30223E3C2F6F6D6764693A776179706F696E743E0A20202020202020203C6F6D6764693A776179706F696E7420783D223634382E37352220793D223135302E30223E3C2F6F6D6764693A776179706F696E743E0A20202020202020203C6F6D6764693A776179706F696E7420783D223630392E37352220793D223135302E30223E3C2F6F6D6764693A776179706F696E743E0A2020202020203C2F62706D6E64693A42504D4E456467653E0A2020202020203C62706D6E64693A42504D4E456467652062706D6E456C656D656E743D22666C6F7737222069643D2242504D4E456467655F666C6F7737223E0A20202020202020203C6F6D6764693A776179706F696E7420783D223631302E302220793D223433302E30223E3C2F6F6D6764693A776179706F696E743E0A20202020202020203C6F6D6764693A776179706F696E7420783D223634372E37352220793D223433302E30223E3C2F6F6D6764693A776179706F696E743E0A20202020202020203C6F6D6764693A776179706F696E7420783D223634372E37352220793D223135302E30223E3C2F6F6D6764693A776179706F696E743E0A20202020202020203C6F6D6764693A776179706F696E7420783D223630392E37352220793D223135302E30223E3C2F6F6D6764693A776179706F696E743E0A2020202020203C2F62706D6E64693A42504D4E456467653E0A202020203C2F62706D6E64693A42504D4E506C616E653E0A20203C2F62706D6E64693A42504D4E4469616772616D3E0A3C2F646566696E6974696F6E733E, '0');
INSERT INTO ACT_GE_BYTEARRAY VALUES ('145012', '1', 'test001.process.png', '145010', 0x89504E470D0A1A0A0000000D4948445200000292000002510806000000F6F4577C00002C954944415478DAEDDD7F709CE561E071CFE04C60DA1B9299E612AEE940A6F98399662E2943AEA1299C860E433221854C30BB6B81D91222536C5ACB85105C8CEBA4BE38C133C42204DB3884181FB5EBE1C48F505C64F9E7C9766D42A93198C446064BC2B28C91887F48C696DE7B9F3DEDCE4ADA95B48E2C6BA5CF67E619AD77573FF2F0BC7DBF7DDF7777274D0200000000000000000000000000000000000000000000000000000000000000000000000000000000000000000000000000000000000000000000000046CA638F3DF6DF6B6A6A9E9A3F7FFE81BBEEBAEBE4ADB7DEDA934C26A35B6EB9259A3163C6A97FFAA77F6A7FF4D147EB76EEDC998AA268B219030098E0EEB9E79EF4BDF7DEDBF2777FF7773D4B972E8DB66FDF1EB5B4B4449D9D9D5110BEB6B5B545BFFAD5AFA25FFCE217D1AC59B3A279F3E69D5CB66CD9A3660F006002AAAAAAFAE3D9B367FFFAEEBBEFEE099178FAF4E968B85E7DF5D568CE9C39611C7FE69967BE6E3601002688EAEAEA3BBEFDED6F7FF8FCF3CF971490FDAD5DBB36BAE38E3BA2152B56AC34AB0000E3DC9C3973D277DE79E787BFF9CD6FA291F0F6DB6F4777DD7557F4E4934FFED2EC02008C53E974FA96BFF99BBF3919AE791C49E1E785987CECB1C7969A6500807126994C5EF2D77FFDD7C746EA4864A12393D3A74FEF59BE7CF95F9A6D008071E4F6DB6FFFF7E79E7BAE3B3A8BC23593DFF9CE77DACD3600C038914AA56EF8DBBFFDDBA31F7EF86174B6DD7BEFBDD1A2458B169875008071A0AAAA6A67788B9FD1B06BD7AEE8BBDFFDEE07661D00A0CC5556567EFADBDFFEF607BFCBDBFC942ABC69F9534F3DF517661F00A08C251289993FF9C94F8E44A368E5CA95D10F7FF843EF2D090050CE6EBDF5D6E7C2C71E8EA6701AFDBEFBEEDB6FF60100CAD8CD37DFFCF6C18307473524C3FB4ADE7EFBEDC7CD3E0040199B3A75EA89CECECE510DC9F0FBE280ED36FB0000652C994C46E742F8BD661F00A08C4D9D3AF5F8B9382259595979DAEC030094B138E81ACFC53592DFFAD6B78E9A7D008032964C26D76CDAB4E99DD17ED5F65D77DDF52BB30F0050C6C2FB48FEE0073F786DB4DF47320E491F93080050CEC227DB4C9B36EDE0687EB2CD8C19333A93C9E425661F00A0CCA552A9BACD9B37EF1AADCFDABEFDF6DB5F33EB0000E323246FB8F5D65BF79D3E7DFAD4D90EC9D9B3677F10FFBE9BCD3A00C038914C26372C5BB66CE3D98CC87FFDD77FED9A366DDACE8A8A8AC9661C0060FC84E425A954AA75F7EEDD6F9D8D887CFBEDB7A35B6FBDB523FE1D979A6D008071269148242B2B2B9B0E1E3CF8F65978DFC876A7B40100C6B16432999E3A75EA81D75E7BED8D113A1279FAB6DB6E3B1247EA77CD2E00C038178E4CC60EFFF4A73F5D7BFAF4E933FEFCC4679E79E6DD9B6FBEF9BD10A76615006082E8BD66B2AEB2B272CFC68D1BEBE32E1CF62BBAFFE33FFEE3C81D77DCB12FFE19FFD7359100001337286F0C41194E77DF7FFFFD9BEAEAEAB6343737BF7DE2C489F742347676769E6A6D6D3DB87DFBF6DF2C5AB468473A9D6E899FDF108E427A75360000994FC089037156F86CEE78EC8F47F8749AA87734C5E3F978DCED136B00001896381C4F39F20800C0998464673A9D3EDF4C00005092542AF5DBBFFAABBFFA2F66020080922493C9F7A74E9DFA7133010040A92179E8965B6EF9AF660200805243B2251EFFCD4C0000506A48BE3D75EAD48BCD040000A586E4BE4422F1C7660200805243728F8F410400E04C42F2B54422F13933010040A921F94A3CFED44C0000506A48EE4824125F34130000941A920DF1F873330100404952A9D4A69B6EBAE92A330100404992C9E4BA78FCA5990000A024894462EDD4A953AF351300009424994C3E1FC7E4756602008092C411599B4AA56E3013000094248EC87F8963728A990000A024C964F2A93826536602008092C40DF98B442231CD4C000050926432F9B378DC662600002849229158924AA5A69B0900004A924C267F128F1966020080922412898752A9D42C330100404992C9E483F1B8DB4C00005092542AF58378DC6726000028493299FC5E3CE69A0900004A9248241E083169260000284938AD1D87E4FF3213000094249148DC13C7E48FCC04000025096FFD13DE02C84C000050923822672693C987CD04000025091F8F183E26D14C000050926432F9AD782C37130000942491484C4BA552BF301300009424994C4E8DC7FF36130000942491484C49A552FF6226000028493299FC463CFE8F990000A0248944E2BA38249F371300009424954A7D250EC917CD040000258923F22FE3B1CE4C00005092542AF53FE390DC6826000028491C917F1E8F063301004049A64E9DFA3FE290FC773301004049E288FCD378BC126EA7D3E9F3E3DB975456567EDACC0000D03F1C37C4637F3C0EC6232A327E6EA60000E823954ADD3E484086712A1C9534530000F451515131B9F78864B1907CD42C010050D02047251D8D0400A0B8DEA3927B0A84E41AB30300C0A07A3F63BB4F48A652A9BF303300000C298EC72D79115967460000186E4856E41D91AC302300009412930DA954AADB4C000050929B6EBAE9DA38264F9B090080511445D1E4C6C6C635DBB76FEFAEAFAF8FEAEAEA8C511EEBD6AD8B366FDEFC5E3C6EB6220180B2112272CB962D515B5B5B74F2E449E31C8DC3870F479B366DFA208ECA1BAD4A00A02C8423912272CCC4E4C9BABABA3D5625005016C2E96C113776461C92A7AC4A00A02C846BF404DC980AC9C8AA0400C655481EEB381835EEFC79F4FABAEF6546B81DEE137F421200109245C7D1F69668F7BFCD8DFEF3857BFA8C705F784C000A49004048161C4DAF3F372022B3A3F9F5E705A09004008464E1B167C30F8B8664784C000A49004048161CBBEBFEB1684886C704A090040084A49014920000231792E155DAC542323C260085240020240B8EBD0D3F291A92E13101282401002159701C69D915ED7E69DEC0D3DAF17DE1310128240100215974EC7F79C580900CF7893F21090008C9E2A3AB2BDABBF5D181A7B5E3FBC263025048020042B2E0A7DAFCA6E1E1A2D74886C77CBA8D90040084649FA39007F7AE8F5E5B3BA768446647784E78AEA39342120098E02139D45148472785240040C1901CCE51C8C18E4E0A422109004CD0903CD388CC0E4128240180091A9286900400109242120040480A490000216908490040481A421200109286900400109242120040480A490000216908490040481A4212001092024E48020008492109002024852400C0395551513159480A490080618BA2E853CDCDCDDB1A1A1AA2FBEFBFFFEF0B05A5902CBF904C2693B7C4E35D2B1C00382B0E1C3830B7B3B3F354D4ABABABEBC355AB56ED9D3163C69F08C9F20CC9DE806C8D471486550E008CA863C78E7DFED0A1436F4745ECDFBFBF73E1C2854BD2E9F4F942B23C42B27F400A49006044C58D787E5353D393DDDDDD3DD1107A7A7ABAD7AE5DFB5E7575F5D785E4D80DC94422717B3885DD3F2085240030620E1D3AF4CD8E8E8E0FA212B5B7B7773DF1C413D17BEFBD27E2C65048163B02292401E00C0CB5439DE8A3A6A626446174062199F9DEF0335A5A5A84DCD809C9313BFC5F2300CA3224CD42719595959FAEAAAAFAE5D6AD5B0FF6F4F49C1E4E447674743C357DFAF40DF7DE7BEFA84664FCE746F3E7CFCFDCAEAFAF8FA64E9D9A19CF3EFB6CE6B1E3C78F17FCBECECECECCE3F3E6CD1BF6EFAAADAD8DFEE88FFEA8E8E36FBCF146F4E69B6F16FC1BC391DA737D6AFBA69B6EFA4EBCF68F8E85A813920008C9712E954ADD10475A537B7B7BDB20D747EE5EBA74E963F19CEE0DCF1FED6B2443A485C00BB73FFEF18F47575C71452622B321F9EAABAF661E3B72E44874D5555765C6B469D3328FFFE8473FCA3C67E6CC99997F2F5BB62CF3EF1D3B76E47EFEEFFDDEEF45D75E7B6DE6F1B973E7667EC73FFCC33FE47EFEB66DDB06FC3DE1FBB3519B7DDEE38F3F1E3DFDF4D399DBCDCDCDE7FAC536F7C7E30321090042F2AC9A3265CAEF5756562E8E23A8ADBBBBFB445E4376EEDBB76F49FCD8EE4422F1503A9DFE5878FE6885E4BBEFBE9B8BB4471E79245AB16245E668E1FEFDFBFB44DD9A356B72FF3E7AF468EEC861FEFD5BB66C291A77E1673CF5D45399DBE1F75D7CF1C57D1E5BBD7A759FE787F7D80C5F0F1F3E1C555454F409C9F03504E65879FB9FDE23941F0849001092677BCE2EAFAEAEDED5D8D8D872E2C4894D73E6CC591DDFB72DDC9FFFBCD13C22993D3D1D62ADD811C9575E79A5CFF7BCF3CE3B99FB172F5EDCE7E784A38DE1FE422179D96597153D22B961C3865C9C66EF6B6A6ACADCFEE637BF99BB2FFF76F67BC6D01B928723944785240008C9B3267C924D2A959A15E62F7C1D0B9F6C930DC9458B1645E79D775E347BF6EC5C4886EB3527E59DDE7EF9E59733FF0E2F0A0AB7F37FC60B2FBC90F97ADB6DB70DF8F9D9A38E831D91CC5E8B19EEDBB56B57E6DF7FF8877F185D73CD35B9BFE7820B2EC844A68F4814920008C9091D94C51E1BAD90DCBB776FB470E1C24CB8AD5CB9327774329CF29E9477DD64FE78EBADB7FA4460389D1D7E4EB8BD69D3A6A2A13A9C902C743A3DDCFEB33FFBB3DC3599E1DFE134BA901492000849CE614886600CA7AD27F59E4A0E4719C3ED708A7952EFABA443E48553D185BE3F5C4B997D71CD60D72D4E1AE6A9EDFCE7872392E1E7F70FD449FDAED91492B643008424E72024F3E36CF7EEDDB9286C6D6DCD7C7DE9A59786F5BD930A5C17D9FF39D9D0EC7F4472F9F2E5059F7FE18517E6FE8EF0821B47248524004292311692E155D8937A8F0086AFE13475B8C631DCCEBF06B2FF086FD933A9F7DAC9708430DC0EB1175E693DD8EFEB1F92C5C233ACAFECEDF0963F8E480A49008424632C247B23294AA7D3D1071F7C907BD14B7883F2E9D3A7671EBBE8A28B32D742862384E13474384218DE2EA87F908653E1BDEBA2E8D1CC708AFBCA2BAF1CF46FCA8FD1F0B3C21B9487DF1FDE9E6852EF11532129240110929CE390348424000849216908490010924252480A492109809044480A492109004252480A492109004252481A42120084A49034842400084984A490149200084984A490149200202485A490149200202485A421240140480A494348DA0E011092084921292401109208492129240140480A4943480280901492869004002129240D212924011092084921292401109208492129240140480A4943480280901492869004002129240D212924011092084921292401109208492129240140480A4943480280901492869004002139B1D4D7D70BB8B1333AE3903C25240140489685CD9B371F6C6B6B13716360B4B4B4AC8A43728F900400215916D6AF5F7FFDC68D1B3B0E1D3A74621C8458D91E890C11B96EDDBA77E271A3900400215936E278B9AEAEAE6E6738AD1AAED12BC7B163C78EA8A6A626AAADAD2DC7BF3FCCFB9EB11A9142120021C9B81545D1F9EFBFFF7E7B2CAAAAAAFAA51911920020241996A6A6A627A35E5BB76E6D49A5523798152109004292411D3B76ECF3DDDDDD3D519E050B1634A5D3E98F991D2109004292A25A5B5B1BA37E3A3A3A5A2B2B2B179B1D2109004292820E1C3830372AA2B6B6B6355E37979B252109809D981D187DC4ADF8A9AEAEAE0F8B85644F4FCFC9EAEAEA5D15151593CD9690044048424E7373F3B668088D8D8D4DA9546A96D91292000849C869686818AA23A3CECECE8D61EDA4D3E9F3CD989004404842C6030F3C3063B053DBA123E7CC99B3DA11492109809D981D1803AC5AB5EAD7C52A72DFBE7D4BE275B3CD35924212003B313B3006983265CA67E360EC2CF0429BDD959595BBBD6A5B48028090A4A8071F7CF0E1381CBBF34372F9F2E53F4B24120F991D2109004292A2C2A9EBB56BD7B6E5BD19F953F17AD9EB936D8424000849863473E6CCABDBDBDBBBE211555555ADF359DB4212008424C3B674E9D2176B6A6AA24422516B368424000849862D9CCA0EEB24BC00C76C084900109258274212000402D6899004008180752224014020609D20240110085827D6899004008180752224014020609D084900100858274212000402D6094212008100D6899004008180752224014020609D08490010085827E65648022010B04E1092000804B04E8424000804AC132109000201EB4448028040C03A4148022010B04E1092000804B04E8424000804AC132109000201EB4448028040C03A414802201018A76BE2F96CDC0C32769A292109809D981D18FDD7C4E5F138355848261289EBCC949004C04ECC0E8C42EBE2C54142725B4545C564B3242401B013B303A3D0BAB8BC5848A652A91BCC9090040021C9606BA3D0B5923B1D8D1492002024196A6D0CB856D2B5914212008424C3128763ADA39142120084246712925FCABB36F22B664448028090A4943592B956D2D148210900429252D7C8E5D68990040021398AA2289ADCD8D8B866FBF6EDDDF5F5F5515D5D9D31CA63DDBA75D1E6CD9BDF8BC7CD4212008464D90811B965CB96A8ADAD2D3A79F2A4718EC6E1C387A34D9B367D1047E58D42120084645908472245E49889C9937575757B84240008C9B2104E678BB8B133E2903C25240140489685708D9E801B5321198DD56DD076088090E48C42F258C7C1A871E7CFA3D7D77D2F33C2ED709FF813920020248564D171B4BD25DAFD6F73A3FF7CE19E3E23DC171E138042120084A4902C389A5E7F6E40446647F3EBCF0B40210900425248161E7B36FCB0684886C704A09004002129240B8EDD75FF583424C36302504802809014924252480A49008424231792E155DAC542323C26008524000849215970EC6DF849D1900C8F0940210900425248161C475A7645BB5F9A37F0B4767C5F784C000A4900109242B2E8D8FFF28A012119EE137F42120084A4902C3EBABAA2BD5B1F1D785A3BBE2F3C260085240008492159F0536D7ED3F070D16B24C3633EDD464802809014927D8E421EDCBB3E7A6DED9CA211991DE139E1B98E4E0A49001092133C24873A0AE9E8A49004002149C1901CCE51C8C18E4E0A4221090042728286E499466476084221090042728286A42124852400421221292485240042D22C08492129240140480A4943480280901492869004002129240D21292401109208492129240140480A492129240140480A494348028090149286900400212924059C90149200084984A490149200202485A490149200202485A43162215951513159480280901492C6B043328AA24F3537376F6B686888EEBFFFFEBF1FCDA0149200084984649986E4810307E67676769E8A7A7575757DB86AD5AABD3366CCF8132109004252481A0342F2D8B1639F3F74E8D0DB5111FBF7EFEF5CB870E192743A7DBE9004002129248564388D7D7E5353D393DDDDDD3DD1107A7A7ABAD7AE5DFB5E7575F5D7852400084921398143F2D0A143DFECE8E8F8202A517B7B7BD7A38F3E5A9F4AA5FE40480280901492136CD4D6D646353535210AA33308C9CCF766A3EF6C0C5B0C004292B31E92F18F8E162D5A34E473EEBEFBEECCEDD5AB57479D9D9DB9FB57AE5C39E8F7DE71C71D99E765C7B5D75E3BE4EF9A3B77EEA0CFD9B66D5BE6794D4D4D51454545664C9B362D7AF6D96733F7EFDFBF3FF7DC050B16F4F9FD575E79E5881D91ACACACFC745555D52FB76EDD7AB0A7A7E7F47022B2A3A3E3A9E9D3A76F482412B5F1F672896D1000ECC4CA2624376DDA9409AE6C785D74D14599B80AB7C378FAE9A7A3CF7CE63303E26EF9F2E5B9DB2B56ACC8DD0E6139DC908C036A5861FBE31FFF78C8E73CFCF0C399DB478F1ECDFCFBADB7DE8A8E1C3952F06FFAEA57BF9AFB1B962C5932E22FB649A55237CC9F3FBFA9BDBDBD6D90EB23772F5DBAF4B1781BD91B9E6F1B04003BB1B20BC9FEA115FEFDFDEF7F3FF7EF8F7CE423D17DF7DD97B91D8EEC658FF25D75D55599800CB7DF7CF3CDDCF7EEDAB52BF375F1E2C54386E4E1C3877FE790DCB2654BF4C20B2FE49EFBF2CB2FE78E424ECA3B729A3FF6EEDD1B9D77DE79237E4432FFBFCF9429537EBFB2B272711CE26DDDDDDD27F21AB273DFBE7D4BE2C77627128987D2E9F4C76C83006027569621198EE0D5D7D7E78E4086B8BAEDB6DB32B7BFF18D6F648E54168ABBFC23929FFCE427A3975E7A29733B1CBD0C473987734472B8A17BE9A59766FE9E70DA3CFCFB95575EC93C164E654FEA3D22FA894F7C229A3D7B76EE7B366CD890F9FAC8238F0C38A21AC6D7BEF6B5CCE35FF8C217CEEAFB48C6DBC0E5D5D5D5BB1A1B1B5B4E9C38B169CE9C39ABE3FBB685FB6D8300602756D621990DAF356BD6E46E87680BB75F7CF1C5E8C20B2F2CF8FC7044327BF42F5CA3D8FF14F3502179C515570CFB6F1BEC88E41B6FBC11854F8CC98669B85E33DC0E711C42F3E28B2F8EAEB9E69A01DF377FFEFC5CF89EED4FB6099F64934AA56685ED217C1DED4FB6B1B500202439AB21F9E52F7F79C011C970BDE4F5D75F9F7B5E386D1D4E1587E72C5BB6AC60840EF71AC9910AC9702D64784E78E5F3BBEFBE9B3BB51EFEF70CF602A059B366E58E768EF7CFDAB6B500202439E721D9DADA9A0BB7EC51CBFE21990DB9E6E6E6113BB55D2C248F1F3F9EFB59E16F082119AEE9CC9ED60EF72D5CB8B0E0F78623AAE139975D76D9A885A46D1000ECC4C65D488653D8F9E1968DC4F0229A70EA78A86B24433CE6BFC825045CF62D81060BC9F0AAEA9178D576F85D9FFBDCE732D74E86E7BFF3CE3BB9DB854EB5BFFAEAAB67F555DBB64100B0139B3021D93FDCB22159E88539D9B7D779E2892772CF0F237B6DE2BC79F3325FB3AFF41E2C24EFBCF3CE3E8F856B1AC3FB4A8691FF3E90575F7D75EEDF215227F59E42CF1E1DBDE0820B32F138A9F73476F64538E16F0C5F1F7FFCF13EBF27BCCFA4900400212924473124C308EF2B39A9DF0B6CB2B7873366CE9CD9E70DC1F34F9D678F2E96F2F786980C5F3FFAD18F668E9E8679F9E217BF987B3C7BA4347CCD7F914D768448159200602726248D73FA59DBB64100B0131392869004003B31216908495B0B0042122129246D8300084984A490B40D02809D989034842400D8890949434802809D98903484A46D10002189901492B641008424425248DA0601C04E4C481A421200ECC484A4212401C04E4C481A42D23608809044480A49DB200042122129246D8300602726240D210900766242D2109200202485A421246D8300084984A490B40D022024EDC484A490B40D02809D989034842400D8890949434802809014928690B40D022024119242D23608007662425248DA0601C04E4C481A421200ECC4C68BFAFA7A01377646671C92A76C830060275616366FDE7CB0ADAD4DC48D81D1D2D2B22A0EC93DB64100B0132B0BEBD7AFBF7EE3C68D1D870E1D3A310E42AC6C8F4486885CB76EDD3BF1B8D1360800766265238E97EBEAEAEA7686D3AAE11ABD721C3B76EC886A6A6AA2DADADA72FCFBC3BCEF19AB11691B044048326E455174FEFBEFBFDF1E8BAAAAAA7E69466C83006027C6B03435353D19F5DABA756B4B2A95BAC1ACD80601C04E8C411D3B76ECF3DDDDDD3D519E050B1634A5D3E98F991DDB2000D88951546B6B6B63D44F4747476B6565E562B3631B04003B310A3A70E0C0DCA888DADADAD678DD5C6E966C8300D889D989D147DC8A9FEAEAEAFAB05848F6F4F49CACAEAEDE55515131D96CD90601B013839CE6E6E66DD1101A1B1B9B52A9D42CB3651B04C04E0C721A1A1A86EAC8A8B3B37363583BE974FA7C33661B04C04E0C321E78E08119839DDA0E1D3967CE9CD58E48DA0601B013B313638055AB56FDBA5845EEDBB76F49BC6EB6B946D23608809D989D18034C9932E5B37130761678A1CDEECACACADD5EB56D1B04003B318A7AF0C1071F8EC3B13B3F24972F5FFEB34422F190D9B10D02809D18458553D76BD7AE6DCB7B33F2A7E2F5B2D727DBD80601C04E8C21CD9C39F3EAF6F6F6AE7844555555EB7CD6B66D1000ECC418B6A54B97BE585353132512895AB3611B04003B31862D9CCA0EEB24BC00C76CD80601C04E0CEBC4DC02809D18D689B905003B31AC13730B0076625827985B00ECC4B04EAC13730B0076625827E61600ECC4B04ECC2D00D889619D985B00B013C33AC1DC02602706D689B905003B31AC13730B0076625827E61600ECC4B04ECCADB905C04E0CEB04730B809D185827E61600ECC4B04ECC2D00D889619D985B00B013C33AC1DC026027867582B905C04E0CAC13730B0076625827E61600ECC4B04ECC2D00D889619D606E01B013C33AC1DC02602706D689B905003B31AC13730B0076625827E61600ECC4B04E30B700D889619D606E01B013B313C33A31B70060278675626E01C04E0CEBC4DC02809D18D609E616003B31AC13CC2D00D889619D985B00B013C33A31B70060278675626E01C04E0CEB04730B809D18D609E61600ECC4B04ECC2D00D889619D985B00B013C33A31B7006027867582B905C04E8C09B8269E0FEB6288B1D34CD90601B013B313A3FF9AB83C1EA7060BC94422719D99B20D026027662746A175F1E22021B9ADA2A262B259B20D026027662746A1757179B1904CA552379821DB2000D88931D8DA2874ADE44E47236D83006027C6506B63C0B592AE8DB40D02809D18C3128763ADA391B64100B013E34C42F24B79D7467EC58CD80601C04E8C52D648E65A4947236D8300602746A96BE472EBC43608007662A32C8AA2C98D8D8D6BB66FDFDE5D5F5F1FD5D5D519A33CD6AD5B176DDEBCF9BD78DC6C1B04003BB1B2112272CB962D515B5B5B74F2E449E31C8DC3870F479B366DFA208ECA1B6D830060275616C2914811396662F2645D5DDD1EDB2000D8899585703A5BC48D9D1187E429DB2000D8899585708D9E801B532119D90601C04E6C5C85E4B18E8351E3CE9F47AFAFFB5E6684DBE13EF127240140480AC9A2E3687B4BB4FBDFE646FFF9C23D7D46B82F3C2600852400084921597034BDFEDC8088CC8EE6D79F178042120084A4902C3CF66CF861D1900C8F0940210900425248161CBBEBFEB1684886C704A090040021292485A490B40D02202419B9900CAFD22E1692E1310128240140480AC982636FC34F8A8664784C000A4900109242B2E038D2B22BDAFDD2BC81A7B5E3FBC263025048028090149245C7FE97570C08C9709FF813920020248564F1D1D515EDDDFAE8C0D3DAF17DE1310128240140480AC9829F6AF39B86878B5E23191EF3E93642120084A490EC7314F2E0DEF5D16B6BE7148DC8EC08CF09CF7574524802809DD8040FC9A18E423A3A292401404852302487731472B0A39382504802809DD8040DC9338DC8EC1084421200ECC42668481A42D23608809044480A49DB200042122129246D8300602726240D210900766242D2109200202485A421246D8300084984A490B40D022024EDC484A490B40D02809D989034842400D889094943480280901492024E48DA06011092084921691B04003B312129246D8300602726248D1109C98A8A8AC9B64100B0131392C6B043328AA24F3537376F6B686888EEBFFFFEBF1FCDA0B40D0220241192651A92070E1C98DBD9D9792AEAD5D5D5F5E1AA55ABF6CE9831E34F6C8300602726248D012179ECD8B1CF1F3A74E8EDA888FDFBF7772E5CB870493A9D3EDF360800766242524886463CBFA9A9E9C9EEEEEE9E68083D3D3DDD6BD7AE7DAFBABAFAEBB64100B01313921378ECD8B123EAE8E8F8202A517B7B7BD7A38F3E5A9F4AA5FEC036080076624272828D969696A8A6A626446174062199F9DEB0BD9C8D614B01404832E22119FF8868D1A245433EE7EEBBEFCEDC5EBD7A75D4D9D999BB7FE5CA95837EEF1D77DC91795E765C7BEDB543FEAEB973E796F4F70FF5FC6DDBB6659ED7D4D41455545464C6B469D3A2679F7D3673FFFEFDFB73CF5DB060419FBFF7CA2BAF2C693E9F79E699A8AAAAEA975BB76E3DD8D3D3737A3811D9D1D1F1D4F4E9D337241289DA787BB9C4AA06002139264372D3A64D9980CA86D445175D9489A5703B8CA79F7E3AFACC673E3320D6962F5F9EBBBD62C58ADCED1096C30DC938968615863FFEF18F4B0AC9A19E1F9EF3F0C30F676E1F3D7A34F3EFB7DE7A2B3A72E448C1FF0D5FFDEA57737FF392254BCEE8C536A954EA86F9F3E737B5B7B7B70D727DE4EEA54B973E166F237BC3F3AD66001092633A24FB8753F8F7F7BFFFFDDCBF3FF2918F44F7DD775FE6763852973D6A77D55557650232DC7EF3CD3773DFBB6BD7AECCD7C58B170F1992870F1F1EF590DCB2654BF4C20B2FE49EFBF2CB2FE78E424ECA3BD29A3FF6EEDD1B9D77DE7967744432FF55DB53A64CF9FDCACACAC5719CB77577779FC86BC8CE7DFBF62D891FDB9D48241E4AA7D31FB3920140488EF9900C47E4EAEBEB734720432CDD76DB6D99DBDFF8C63732472A0BC55AFE11C94F7EF293D14B2FBD94B91D8E5E86A39CC3392239DC30BCF4D24B337F4F386D1EFEFDCA2BAF9CD1F3C3A9EC49BD47503FF1894F44B367CFCE7DCF860D1B325F1F79E491014760C3F8DAD7BE9679FC0B5FF8C2EFFC3E92F13670797575F5AEC6C6C69613274E6C9A3367CEEAF8BE6DE17E2B18008464D9846436A4D6AC5993BB1D222CDC7EF1C517A30B2FBCB0E0F3C311C9ECD1BC70CD61FF53C64385E415575C3162A7AA4B79FE1B6FBC11854F93C9866CB8BE33DC0E311D42F3E28B2F8EAEB9E69A01DF377FFEFC5C288FC427DB844FB249A552B3C2F610BE9E8B8F4A040021C98884E497BFFCE5014724C3F592D75F7F7DEE79E1B47538F51B9EB36CD9B282113ADC6B24CF5548866B21C373C2ABA2DF7DF7DDDCA9F8F0BF7FB0170CCD9A352B77B4B3DC3F6B1B008424A31E92ADADADB910CB1EB5EC1F92D9306B6E6E1EB153DB231592C78F1FCFFDEEF03787900CD780664F6B87FB162E5C58F07BC311D8F09CCB2EBB6C444312001092651D92E114767E88652331BC88269C0A1EEA1AC9108FF92F5A0941967D4BA0C14232BC4AFA5CBC6A3BFC6D9FFBDCE732D74E86E7BFF3CE3BB9DB854ECDBFFAEAABBFF3ABB6010021392E43B27F886543B2D00B73B26F97F3C4134FE49E1F46F65AC379F3E665BE665FE93D5848DE79E79D7D1E0BD72886F7950C23FF7D1DAFBEFAEADCBF43A44EEA3D855EEAF3B347532FB8E0824C3C4EEA3D8D9D7D114EF8DF14BE3EFEF8E37DFEAEF03E9342120084A490FC1D42328CF0BE9293FABDC0267B7B3863E6CC997DDEE03BFFD479F66861297F6FA9CF0F3119BE7EF4A31FCD1C6D0DF3F5C52F7E31F778F6C86AF89AFF229BEC08912A240140480A49E3AC0F2109004252481A42120084A49034842400084984A490040021899014920080901492869004002129240D2109004252481A421200842442524802809044480A490040480A4943480280901492869004002129240D21090042122129240140482224852400202485A421240140480A4943480280901492869004002189901492002024ED5885A490040084A4903484240008492169084900109242D210920020241192421200109242524802004252481A42120084E478525F5F2FE0C6CEE88C43F29455090042B22C6CDEBCF9605B5B9B881B03A3A5A565551C927BAC4A0010926561FDFAF5D76FDCB8B1E3D0A14327CA3CC2CAFA486488C875EBD6BD138F1BAD4A00109265238E97EBEAEAEA7686D3AAE11ABD721B3B76EC886A6A6AA2DADADAA81CFFFEDE79DF2322014048328AA2283AFFFDF7DF6F8F45555555BF342300809064589A9A9A9E8C7A6DDDBAB525954ADD6056000021C9A08E1D3BF6F9EEEEEE9E28CF82050B9AD2E9F4C7CC0E00202429AAB5B5B531EAA7A3A3A3B5B2B272B1D901008424051D3870606E54446D6D6D6BBC6E2E374B00202485247DC4ADF8A9AEAEAE0F8B85644F4FCFC9EAEAEA5D15151593CD16000849C8696E6EDE160DA1B1B1B129954ACD325B00202421A7A1A161A88E8C3A3B3B3786B5934EA7CF376300202421E381071E9831D8A9EDD09173E6CC59ED882400084921C900AB56ADFA75B18ADCB76FDF9278DD6C738D2400084921C90053A64CF96C1C8C9D055E68B3BBB2B272B7576D03004292A21E7CF0C187E370ECCE0FC9E5CB97FF2C91483C64760000214951E1D4F5DAB56BDBF2DE8CFCA978BDECF5C93600809064483367CEBCBABDBDBD2B1E515555D53A9FB50D000849866DE9D2A52FD6D4D4448944A2D66C00004292610BA7B2C33A092FC0311B008090C43A01000402D609002010B04E000081807502000804AC13EB040010085827008040C03A01000402D609002010B04E00008100D609002010B04E000081807502000804AC13004020609D00000201AC13004020609D00000201EB040010085827008040C03A010004025827008040C03A01000402D609002010B04E000081807502000804B04E000081807502000804AC13004020609D00000201EB040010080201EB040010085827008040C03A01000402D609002010B04E00000402D609002010B04E000081807502000804AC13004020609D00000804AC13004020609D00000201EB04001008582700804000EB040010085827008040C03A01000402D609002010B04E00008100D609002010B04E000081807502000804AC13004020609D00000201AC13004020609D00000201EB040010085827008040C03A01000402FCFF35F17C5817438C9D660A00448390A4FF9AB83C1EA7060BC94422719D990200D1202429B42E5E1C2424B75554544C364B002018842485D6C5E5C54232954ADD6086000021C9606BA3D0B5923B1D8D0400842443AD8D01D74ABA36120010920C4B1C8EB58E46020042923309C92FE55D1BF91533020008494A5923996B251D8D04008424455556567E3A9148CC8CD7C59A78EC8DC7D1BC53DBFB7B4F75DF1D9E67B60040480A492685B7F489475DBC1E3A87F1A936D9B121FE9E9BCD1E00084926E67FFF4B8678F3F1E18C2D53A64CF9ACD9040021C904914824E2FFFCC9C3F95158595919FDE0073F88D6AF5F1F1D387020FAED6F7F1B05C78F1F8F5A5A5AA2868686E8A1871E8A6EB9E596FE6F527ECCD1490010924C8C88BC2EFF3D224340AE5CB9326A6B6B8B86A3BDBD3DF3FCF07DFD82F276B30B004292F11B91C9FC889C3D7B76E6E8E39908DF77CF3DF7F48F494726014048320EFF7B5F927F3A7BDEBC79B9D3D7672A9CF65EB06041FFD3DC979A6D0010928C23BDAFCCCE1D89FC5D23323F26FB1D99DC62B6014048327E22F286FC6B22CFF474F660A7B9F3AF99748A1B008424E32724734723C30B65CE867FFEE77F765412008424E51689F1F88B628F874FA2C9BEC0261C353C72E4C85909C9F06AEE7E6F0D7489FF3A00202419E3FF1D7B4F27D72512892FF57FBCF7630F33CFF9D18F7E149D4DE17D26F342F26EFF7500404852062199375ECC3F42D9FBD9D999C7366EDC78564332BC6979DEDFF1BCFF3A00202429AF90CC1DA10C4119DFDE9BBD6FA45F64D35FF8049CBCBFA1C97F1D001092946148E68DD3D9DB23F5963F83BD1550DEEFEDF45F0700266E8018E36C8C86FCDF672B030028CFFF876067EFE76A1F7544120080E1846426202B2A2A26F73EEE1A490000060DC96DE1136CB20199F7B8576D0300503024FB1C81ECCFFB48020070467CB20D000067CC676D030070A621794336F2C251C9917ED14DF879E1E7E6BD19FACD661D00609C88036F4336F4AAABAB7B46EAAD80C25BFEDC73CF3D7D8E4616BB5E130080F20CC94BE271381B7CF3E6CDFB9DDF573244E482050BF223F2682A95BAD46C03008C33894422997DE14DF6C8E4999EE60EDFD7EF48A453DA0000E3591C7CE9FC980CD7368617E084575D0FF7D5D9E18535F9D744861147EA77CD2E00C038178E4CC6A33D3F04431886F7990C6F5A1E8E36664F7B87D3D7E1136BC29B8DD7D4D444E974BAFF27E9848F604C9B55008009225C3399FFB6406738B6B826120060E206E58DBD4179AA94800C4721BD3A1B0080CC27E0C44139ABF7B3B9F7C7A3B3371AC3D7A6F0D9D9E1630F7D620D000000000000000000000000000000000000000014F7FF000592D819C2E2E1B40000000049454E44AE426082, '1');
INSERT INTO ACT_GE_BYTEARRAY VALUES ('145015', '1', 'test001.bpmn20.xml', '145014', 0x3C3F786D6C2076657273696F6E3D22312E302220656E636F64696E673D225554462D38223F3E0A3C646566696E6974696F6E7320786D6C6E733D22687474703A2F2F7777772E6F6D672E6F72672F737065632F42504D4E2F32303130303532342F4D4F44454C2220786D6C6E733A7873693D22687474703A2F2F7777772E77332E6F72672F323030312F584D4C536368656D612D696E7374616E63652220786D6C6E733A7873643D22687474703A2F2F7777772E77332E6F72672F323030312F584D4C536368656D612220786D6C6E733A61637469766974693D22687474703A2F2F61637469766974692E6F72672F62706D6E2220786D6C6E733A62706D6E64693D22687474703A2F2F7777772E6F6D672E6F72672F737065632F42504D4E2F32303130303532342F44492220786D6C6E733A6F6D6764633D22687474703A2F2F7777772E6F6D672E6F72672F737065632F44442F32303130303532342F44432220786D6C6E733A6F6D6764693D22687474703A2F2F7777772E6F6D672E6F72672F737065632F44442F32303130303532342F44492220747970654C616E67756167653D22687474703A2F2F7777772E77332E6F72672F323030312F584D4C536368656D61222065787072657373696F6E4C616E67756167653D22687474703A2F2F7777772E77332E6F72672F313939392F585061746822207461726765744E616D6573706163653D22687474703A2F2F7777772E61637469766974692E6F72672F70726F63657373646566223E0A20203C70726F636573732069643D227465737430303122206E616D653D22746573743030312220697345786563757461626C653D2274727565223E0A202020203C73746172744576656E742069643D2273746172744576656E7422206E616D653D22E5BC80E5A78B223E3C2F73746172744576656E743E0A202020203C757365725461736B2069643D22757365725461736B3122206E616D653D22E68F90E4BAA4E794B3E8AFB7222061637469766974693A61737369676E65653D22237B757365726E616D657D223E3C2F757365725461736B3E0A202020203C757365725461736B2069643D22757365725461736B3222206E616D653D22E5AEA1E689B9E38090E4B88AE7BAA7E38091223E0A2020202020203C657874656E73696F6E456C656D656E74733E0A20202020202020203C61637469766974693A7461736B4C697374656E6572206576656E743D226372656174652220636C6173733D22636F6D2E6D732E6C697374656E65722E5461736B4C697374656E6572496D706C223E3C2F61637469766974693A7461736B4C697374656E65723E0A2020202020203C2F657874656E73696F6E456C656D656E74733E0A202020203C2F757365725461736B3E0A202020203C757365725461736B2069643D22757365725461736B3322206E616D653D22E5AEA1E689B9E38090E4B88AE4B88AE7BAA7E38091223E0A2020202020203C657874656E73696F6E456C656D656E74733E0A20202020202020203C61637469766974693A7461736B4C697374656E6572206576656E743D226372656174652220636C6173733D22636F6D2E6D732E6C697374656E65722E5461736B4C697374656E6572496D706C223E3C2F61637469766974693A7461736B4C697374656E65723E0A2020202020203C2F657874656E73696F6E456C656D656E74733E0A202020203C2F757365725461736B3E0A202020203C656E644576656E742069643D22656E644576656E7422206E616D653D22E7BB93E69D9F223E3C2F656E644576656E743E0A202020203C73657175656E6365466C6F772069643D22666C6F77312220736F757263655265663D2273746172744576656E7422207461726765745265663D22757365725461736B31223E3C2F73657175656E6365466C6F773E0A202020203C73657175656E6365466C6F772069643D22666C6F773422206E616D653D22E5908CE6848F2220736F757263655265663D22757365725461736B3322207461726765745265663D22656E644576656E74223E0A2020202020203C636F6E646974696F6E45787072657373696F6E207873693A747970653D2274466F726D616C45787072657373696F6E223E3C215B43444154415B247B6D73673D3D27E5908CE6848F277D5D5D3E3C2F636F6E646974696F6E45787072657373696F6E3E0A202020203C2F73657175656E6365466C6F773E0A202020203C73657175656E6365466C6F772069643D22666C6F773322206E616D653D22E5908CE6848F2220736F757263655265663D22757365725461736B3222207461726765745265663D22757365725461736B33223E0A2020202020203C636F6E646974696F6E45787072657373696F6E207873693A747970653D2274466F726D616C45787072657373696F6E223E3C215B43444154415B247B6D73673D3D27E5908CE6848F277D5D5D3E3C2F636F6E646974696F6E45787072657373696F6E3E0A202020203C2F73657175656E6365466C6F773E0A202020203C73657175656E6365466C6F772069643D22666C6F773222206E616D653D22E68F90E4BAA4E794B3E8AFB72220736F757263655265663D22757365725461736B3122207461726765745265663D22757365725461736B32223E0A2020202020203C636F6E646974696F6E45787072657373696F6E207873693A747970653D2274466F726D616C45787072657373696F6E223E3C215B43444154415B247B6D73673D3D27E68F90E4BAA4E794B3E8AFB7277D5D5D3E3C2F636F6E646974696F6E45787072657373696F6E3E0A202020203C2F73657175656E6365466C6F773E0A202020203C73657175656E6365466C6F772069643D22666C6F773622206E616D653D22E9A9B3E59B9E2220736F757263655265663D22757365725461736B3222207461726765745265663D22757365725461736B31223E0A2020202020203C636F6E646974696F6E45787072657373696F6E207873693A747970653D2274466F726D616C45787072657373696F6E223E3C215B43444154415B247B6D73673D3D27E9A9B3E59B9E277D5D5D3E3C2F636F6E646974696F6E45787072657373696F6E3E0A202020203C2F73657175656E6365466C6F773E0A202020203C73657175656E6365466C6F772069643D22666C6F773722206E616D653D22E9A9B3E59B9E2220736F757263655265663D22757365725461736B3322207461726765745265663D22757365725461736B31223E0A2020202020203C636F6E646974696F6E45787072657373696F6E207873693A747970653D2274466F726D616C45787072657373696F6E223E3C215B43444154415B247B6D73673D3D27E9A9B3E59B9E277D5D5D3E3C2F636F6E646974696F6E45787072657373696F6E3E0A202020203C2F73657175656E6365466C6F773E0A202020203C73657175656E6365466C6F772069643D22666C6F773522206E616D653D22E694BEE5BC832220736F757263655265663D22757365725461736B3122207461726765745265663D22656E644576656E74223E0A2020202020203C636F6E646974696F6E45787072657373696F6E207873693A747970653D2274466F726D616C45787072657373696F6E223E3C215B43444154415B247B6D73673D3D27E694BEE5BC83277D5D5D3E3C2F636F6E646974696F6E45787072657373696F6E3E0A202020203C2F73657175656E6365466C6F773E0A20203C2F70726F636573733E0A20203C62706D6E64693A42504D4E4469616772616D2069643D2242504D4E4469616772616D5F74657374303031223E0A202020203C62706D6E64693A42504D4E506C616E652062706D6E456C656D656E743D2274657374303031222069643D2242504D4E506C616E655F74657374303031223E0A2020202020203C62706D6E64693A42504D4E53686170652062706D6E456C656D656E743D2273746172744576656E74222069643D2242504D4E53686170655F73746172744576656E74223E0A20202020202020203C6F6D6764633A426F756E6473206865696768743D2233302E30222077696474683D2233302E302220783D223534322E37352220793D2232332E30223E3C2F6F6D6764633A426F756E64733E0A2020202020203C2F62706D6E64693A42504D4E53686170653E0A2020202020203C62706D6E64693A42504D4E53686170652062706D6E456C656D656E743D22757365725461736B31222069643D2242504D4E53686170655F757365725461736B31223E0A20202020202020203C6F6D6764633A426F756E6473206865696768743D2238302E30222077696474683D223130302E302220783D223530392E37352220793D223131302E30223E3C2F6F6D6764633A426F756E64733E0A2020202020203C2F62706D6E64693A42504D4E53686170653E0A2020202020203C62706D6E64693A42504D4E53686170652062706D6E456C656D656E743D22757365725461736B32222069643D2242504D4E53686170655F757365725461736B32223E0A20202020202020203C6F6D6764633A426F756E6473206865696768743D2238302E30222077696474683D223130302E302220783D223530392E37352220793D223234302E30223E3C2F6F6D6764633A426F756E64733E0A2020202020203C2F62706D6E64693A42504D4E53686170653E0A2020202020203C62706D6E64693A42504D4E53686170652062706D6E456C656D656E743D22757365725461736B33222069643D2242504D4E53686170655F757365725461736B33223E0A20202020202020203C6F6D6764633A426F756E6473206865696768743D2238302E30222077696474683D223130302E302220783D223531302E302220793D223339302E30223E3C2F6F6D6764633A426F756E64733E0A2020202020203C2F62706D6E64693A42504D4E53686170653E0A2020202020203C62706D6E64693A42504D4E53686170652062706D6E456C656D656E743D22656E644576656E74222069643D2242504D4E53686170655F656E644576656E74223E0A20202020202020203C6F6D6764633A426F756E6473206865696768743D2232382E30222077696474683D2232382E302220783D223534352E37352220793D223535352E30223E3C2F6F6D6764633A426F756E64733E0A2020202020203C2F62706D6E64693A42504D4E53686170653E0A2020202020203C62706D6E64693A42504D4E456467652062706D6E456C656D656E743D22666C6F7731222069643D2242504D4E456467655F666C6F7731223E0A20202020202020203C6F6D6764693A776179706F696E7420783D223535382E303137383134343436323533332220793D2235322E3939373630383939303138313637223E3C2F6F6D6764693A776179706F696E743E0A20202020202020203C6F6D6764693A776179706F696E7420783D223535392E303335373134323835373134332220793D223131302E30223E3C2F6F6D6764693A776179706F696E743E0A2020202020203C2F62706D6E64693A42504D4E456467653E0A2020202020203C62706D6E64693A42504D4E456467652062706D6E456C656D656E743D22666C6F7732222069643D2242504D4E456467655F666C6F7732223E0A20202020202020203C6F6D6764693A776179706F696E7420783D223535392E37352220793D223139302E30223E3C2F6F6D6764693A776179706F696E743E0A20202020202020203C6F6D6764693A776179706F696E7420783D223535392E37352220793D223234302E30223E3C2F6F6D6764693A776179706F696E743E0A2020202020203C2F62706D6E64693A42504D4E456467653E0A2020202020203C62706D6E64693A42504D4E456467652062706D6E456C656D656E743D22666C6F7733222069643D2242504D4E456467655F666C6F7733223E0A20202020202020203C6F6D6764693A776179706F696E7420783D223535392E383136363636363636363636362220793D223332302E30223E3C2F6F6D6764693A776179706F696E743E0A20202020202020203C6F6D6764693A776179706F696E7420783D223535392E393333333333333333333333342220793D223339302E30223E3C2F6F6D6764693A776179706F696E743E0A2020202020203C2F62706D6E64693A42504D4E456467653E0A2020202020203C62706D6E64693A42504D4E456467652062706D6E456C656D656E743D22666C6F7734222069643D2242504D4E456467655F666C6F7734223E0A20202020202020203C6F6D6764693A776179706F696E7420783D223535392E393238303537353533393536382220793D223437302E30223E3C2F6F6D6764693A776179706F696E743E0A20202020202020203C6F6D6764693A776179706F696E7420783D223535392E3737353137393831353338392220793D223535352E30303030323236343337303036223E3C2F6F6D6764693A776179706F696E743E0A2020202020203C2F62706D6E64693A42504D4E456467653E0A2020202020203C62706D6E64693A42504D4E456467652062706D6E456C656D656E743D22666C6F7735222069643D2242504D4E456467655F666C6F7735223E0A20202020202020203C6F6D6764693A776179706F696E7420783D223530392E37352220793D223135302E30223E3C2F6F6D6764693A776179706F696E743E0A20202020202020203C6F6D6764693A776179706F696E7420783D223432322E37352220793D223135302E30223E3C2F6F6D6764693A776179706F696E743E0A20202020202020203C6F6D6764693A776179706F696E7420783D223432322E37352220793D223536392E30223E3C2F6F6D6764693A776179706F696E743E0A20202020202020203C6F6D6764693A776179706F696E7420783D223534352E37352220793D223536392E30223E3C2F6F6D6764693A776179706F696E743E0A2020202020203C2F62706D6E64693A42504D4E456467653E0A2020202020203C62706D6E64693A42504D4E456467652062706D6E456C656D656E743D22666C6F7736222069643D2242504D4E456467655F666C6F7736223E0A20202020202020203C6F6D6764693A776179706F696E7420783D223630392E37352220793D223238302E30223E3C2F6F6D6764693A776179706F696E743E0A20202020202020203C6F6D6764693A776179706F696E7420783D223634382E37352220793D223238302E30223E3C2F6F6D6764693A776179706F696E743E0A20202020202020203C6F6D6764693A776179706F696E7420783D223634382E37352220793D223135302E30223E3C2F6F6D6764693A776179706F696E743E0A20202020202020203C6F6D6764693A776179706F696E7420783D223630392E37352220793D223135302E30223E3C2F6F6D6764693A776179706F696E743E0A2020202020203C2F62706D6E64693A42504D4E456467653E0A2020202020203C62706D6E64693A42504D4E456467652062706D6E456C656D656E743D22666C6F7737222069643D2242504D4E456467655F666C6F7737223E0A20202020202020203C6F6D6764693A776179706F696E7420783D223631302E302220793D223433302E30223E3C2F6F6D6764693A776179706F696E743E0A20202020202020203C6F6D6764693A776179706F696E7420783D223634372E37352220793D223433302E30223E3C2F6F6D6764693A776179706F696E743E0A20202020202020203C6F6D6764693A776179706F696E7420783D223634372E37352220793D223135302E30223E3C2F6F6D6764693A776179706F696E743E0A20202020202020203C6F6D6764693A776179706F696E7420783D223630392E37352220793D223135302E30223E3C2F6F6D6764693A776179706F696E743E0A2020202020203C2F62706D6E64693A42504D4E456467653E0A202020203C2F62706D6E64693A42504D4E506C616E653E0A20203C2F62706D6E64693A42504D4E4469616772616D3E0A3C2F646566696E6974696F6E733E, '0');
INSERT INTO ACT_GE_BYTEARRAY VALUES ('145016', '1', 'test001.test001.png', '145014', 0x89504E470D0A1A0A0000000D4948445200000292000002510806000000F6F4577C00002C954944415478DAEDDD7F709CE561E071CFE04C60DA1B9299E612AEE940A6F98399662E2943AEA1299C860E433221854C30BB6B81D91222536C5ACB85105C8CEBA4BE38C133C42204DB3884181FB5EBE1C48F505C64F9E7C9766D42A93198C446064BC2B28C91887F48C696DE7B9F3DEDCE4ADA95B48E2C6BA5CF67E619AD77573FF2F0BC7DBF7DDF7777274D0200000000000000000000000000000000000000000000000000000000000000000000000000000000000000000000000000000000000000000000000046CA638F3DF6DF6B6A6A9E9A3F7FFE81BBEEBAEBE4ADB7DEDA934C26A35B6EB9259A3163C6A97FFAA77F6A7FF4D147EB76EEDC998AA268B219030098E0EEB9E79EF4BDF7DEDBF2777FF7773D4B972E8DB66FDF1EB5B4B4449D9D9D5110BEB6B5B545BFFAD5AFA25FFCE217D1AC59B3A279F3E69D5CB66CD9A3660F006002AAAAAAFAE3D9B367FFFAEEBBEFEE099178FAF4E968B85E7DF5D568CE9C39611C7FE69967BE6E3601002688EAEAEA3BBEFDED6F7FF8FCF3CF971490FDAD5DBB36BAE38E3BA2152B56AC34AB0000E3DC9C3973D277DE79E787BFF9CD6FA291F0F6DB6F4777DD7557F4E4934FFED2EC02008C53E974FA96BFF99BBF3919AE791C49E1E785987CECB1C7969A6500807126994C5EF2D77FFDD7C746EA4864A12393D3A74FEF59BE7CF95F9A6D008071E4F6DB6FFFF7E79E7BAE3B3A8BC23593DFF9CE77DACD3600C038914AA56EF8DBBFFDDBA31F7EF86174B6DD7BEFBDD1A2458B169875008071A0AAAA6A67788B9FD1B06BD7AEE8BBDFFDEE07661D00A0CC5556567EFADBDFFEF607BFCBDBFC942ABC69F9534F3DF517661F00A08C251289993FF9C94F8E44A368E5CA95D10F7FF843EF2D090050CE6EBDF5D6E7C2C71E8EA6701AFDBEFBEEDB6FF60100CAD8CD37DFFCF6C18307473524C3FB4ADE7EFBEDC7CD3E0040199B3A75EA89CECECE510DC9F0FBE280ED36FB0000652C994C46E742F8BD661F00A08C4D9D3AF5F8B9382259595979DAEC030094B138E81ACFC53592DFFAD6B78E9A7D008032964C26D76CDAB4E99DD17ED5F65D77DDF52BB30F0050C6C2FB48FEE0073F786DB4DF47320E491F93080050CEC227DB4C9B36EDE0687EB2CD8C19333A93C9E425661F00A0CCA552A9BACD9B37EF1AADCFDABEFDF6DB5F33EB0000E323246FB8F5D65BF79D3E7DFAD4D90EC9D9B3677F10FFBE9BCD3A00C038914C26372C5BB66CE3D98CC87FFDD77FED9A366DDACE8A8A8AC9661C0060FC84E425A954AA75F7EEDD6F9D8D887CFBEDB7A35B6FBDB523FE1D979A6D008071269148242B2B2B9B0E1E3CF8F65978DFC876A7B40100C6B16432999E3A75EA81D75E7BED8D113A1279FAB6DB6E3B1247EA77CD2E00C038178E4CC60EFFF4A73F5D7BFAF4E933FEFCC4679E79E6DD9B6FBEF9BD10A76615006082E8BD66B2AEB2B272CFC68D1BEBE32E1CF62BBAFFE33FFEE3C81D77DCB12FFE19FFD7359100001337286F0C41194E77DF7FFFFD9BEAEAEAB6343737BF7DE2C489F742347676769E6A6D6D3DB87DFBF6DF2C5AB468473A9D6E899FDF108E427A75360000994FC089037156F86CEE78EC8F47F8749AA87734C5E3F978DCED136B00001896381C4F39F20800C0998464673A9D3EDF4C00005092542AF5DBBFFAABBFFA2F66020080922493C9F7A74E9DFA7133010040A92179E8965B6EF9AF660200805243B2251EFFCD4C0000506A48BE3D75EAD48BCD040000A586E4BE4422F1C7660200805243728F8F410400E04C42F2B54422F13933010040A921F94A3CFED44C0000506A48EE4824125F34130000941A920DF1F873330100404952A9D4A69B6EBAE92A330100404992C9E4BA78FCA5990000A024894462EDD4A953AF351300009424994C3E1FC7E4756602008092C411599B4AA56E3013000094248EC87F8963728A990000A024C964F2A93826536602008092C40DF98B442231CD4C000050926432F9B378DC662600002849229158924AA5A69B0900004A924C267F128F1966020080922412898752A9D42C330100404992C9E483F1B8DB4C00005092542AF58378DC6726000028493299FC5E3CE69A0900004A9248241E083169260000284938AD1D87E4FF3213000094249148DC13C7E48FCC04000025096FFD13DE02C84C000050923822672693C987CD04000025091F8F183E26D14C000050926432F9AD782C37130000942491484C4BA552BF301300009424994C4E8DC7FF36130000942491484C49A552FF6226000028493299FC463CFE8F990000A0248944E2BA38249F371300009424954A7D250EC917CD040000258923F22FE3B1CE4C00005092542AF53FE390DC6826000028491C917F1E8F063301004049A64E9DFA3FE290FC773301004049E288FCD378BC126EA7D3E9F3E3DB975456567EDACC0000D03F1C37C4637F3C0EC6232A327E6EA60000E823954ADD3E484086712A1C9534530000F451515131B9F78864B1907CD42C010050D02047251D8D0400A0B8DEA3927B0A84E41AB30300C0A07A3F63BB4F48A652A9BF303300000C298EC72D79115967460000186E4856E41D91AC302300009412930DA954AADB4C000050929B6EBAE9DA38264F9B090080511445D1E4C6C6C635DBB76FEFAEAFAF8FEAEAEA8C511EEBD6AD8B366FDEFC5E3C6EB6220180B2112272CB962D515B5B5B74F2E449E31C8DC3870F479B366DFA208ECA1BAD4A00A02C8423912272CCC4E4C9BABABA3D5625005016C2E96C113776461C92A7AC4A00A02C846BF404DC980AC9C8AA0400C655481EEB381835EEFC79F4FABAEF6546B81DEE137F421200109245C7D1F69668F7BFCD8DFEF3857BFA8C705F784C000A49004048161C4DAF3F372022B3A3F9F5E705A09004008464E1B167C30F8B8664784C000A49004048161CBBEBFEB1684886C704A090040084A49014920000231792E155DAC542323C260085240020240B8EBD0D3F291A92E13101282401002159701C69D915ED7E69DEC0D3DAF17DE1310128240100215974EC7F79C580900CF7893F21090008C9E2A3AB2BDABBF5D181A7B5E3FBC263025048020042B2E0A7DAFCA6E1E1A2D74886C77CBA8D90040084649FA39007F7AE8F5E5B3BA768446647784E78AEA39342120098E02139D45148472785240040C1901CCE51C8C18E4E0A422109004CD0903CD388CC0E4128240180091A9286900400109242120040480A490000216908490040481A421200109286900400109242120040480A490000216908490040481A4212001092024E48020008492109002024852400C0395551513159480A490080618BA2E853CDCDCDDB1A1A1AA2FBEFBFFFEF0B05A5902CBF904C2693B7C4E35D2B1C00382B0E1C3830B7B3B3F354D4ABABABEBC355AB56ED9D3163C69F08C9F20CC9DE806C8D471486550E008CA863C78E7DFED0A1436F4745ECDFBFBF73E1C2854BD2E9F4F942B23C42B27F400A49006044C58D787E5353D393DDDDDD3DD1107A7A7ABAD7AE5DFB5E7575F5D785E4D80DC94422717B3885DD3F2085240030620E1D3AF4CD8E8E8E0FA212B5B7B7773DF1C413D17BEFBD27E2C65048163B02292401E00C0CB5439DE8A3A6A626446174062199F9DEF0335A5A5A84DCD809C9313BFC5F2300CA3224CD42719595959FAEAAAAFAE5D6AD5B0FF6F4F49C1E4E447674743C357DFAF40DF7DE7BEFA84664FCE746F3E7CFCFDCAEAFAF8FA64E9D9A19CF3EFB6CE6B1E3C78F17FCBECECECECCE3F3E6CD1BF6EFAAADAD8DFEE88FFEA8E8E36FBCF146F4E69B6F16FC1BC391DA737D6AFBA69B6EFA4EBCF68F8E85A813920008C9712E954ADD10475A537B7B7BDB20D747EE5EBA74E963F19CEE0DCF1FED6B2443A485C00BB73FFEF18F47575C71452622B321F9EAABAF661E3B72E44874D5555765C6B469D3328FFFE8473FCA3C67E6CC99997F2F5BB62CF3EF1D3B76E47EFEEFFDDEEF45D75E7B6DE6F1B973E7667EC73FFCC33FE47EFEB66DDB06FC3DE1FBB3519B7DDEE38F3F1E3DFDF4D399DBCDCDCDE7FAC536F7C7E30321090042F2AC9A3265CAEF5756562E8E23A8ADBBBBFB445E4376EEDBB76F49FCD8EE4422F1503A9DFE5878FE6885E4BBEFBE9B8BB4471E79245AB16245E668E1FEFDFBFB44DD9A356B72FF3E7AF468EEC861FEFD5BB66C291A77E1673CF5D45399DBE1F75D7CF1C57D1E5BBD7A759FE787F7D80C5F0F1F3E1C555454F409C9F03504E65879FB9FDE23941F0849001092677BCE2EAFAEAEDED5D8D8D872E2C4894D73E6CC591DDFB72DDC9FFFBCD13C22993D3D1D62ADD811C9575E79A5CFF7BCF3CE3B99FB172F5EDCE7E784A38DE1FE422179D96597153D22B961C3865C9C66EF6B6A6ACADCFEE637BF99BB2FFF76F67BC6D01B928723944785240008C9B3267C924D2A959A15E62F7C1D0B9F6C930DC9458B1645E79D775E347BF6EC5C4886EB3527E59DDE7EF9E59733FF0E2F0A0AB7F37FC60B2FBC90F97ADB6DB70DF8F9D9A38E831D91CC5E8B19EEDBB56B57E6DF7FF8877F185D73CD35B9BFE7820B2EC844A68F4814920008C9091D94C51E1BAD90DCBB776FB470E1C24CB8AD5CB9327774329CF29E9477DD64FE78EBADB7FA4460389D1D7E4EB8BD69D3A6A2A13A9C902C743A3DDCFEB33FFBB3DC3599E1DFE134BA901492000849CE614886600CA7AD27F59E4A0E4719C3ED708A7952EFABA443E48553D185BE3F5C4B997D71CD60D72D4E1AE6A9EDFCE7872392E1E7F70FD449FDAED91492B643008424E72024F3E36CF7EEDDB9286C6D6DCD7C7DE9A59786F5BD930A5C17D9FF39D9D0EC7F4472F9F2E5059F7FE18517E6FE8EF0821B47248524004292311692E155D8937A8F0086AFE13475B8C631DCCEBF06B2FF086FD933A9F7DAC9708430DC0EB1175E693DD8EFEB1F92C5C233ACAFECEDF0963F8E480A49008424632C247B23294AA7D3D1071F7C907BD14B7883F2E9D3A7671EBBE8A28B32D742862384E13474384218DE2EA87F908653E1BDEBA2E8D1CC708AFBCA2BAF1CF46FCA8FD1F0B3C21B9487DF1FDE9E6852EF11532129240110929CE390348424000849216908490010924252480A492109809044480A492109004252480A492109004252481A42120084A49034842400084984A490149200084984A490149200202485A490149200202485A421240140480A494348DA0E011092084921292401109208492129240140480A4943480280901492869004002129240D212924011092084921292401109208492129240140480A4943480280901492869004002129240D212924011092084921292401109208492129240140480A4943480280901492869004002139B1D4D7D70BB8B1333AE3903C25240140489685CD9B371F6C6B6B13716360B4B4B4AC8A43728F900400215916D6AF5F7FFDC68D1B3B0E1D3A74621C8458D91E890C11B96EDDBA77E271A3900400215936E278B9AEAEAE6E6738AD1AAED12BC7B163C78EA8A6A626AAADAD2DC7BF3FCCFB9EB11A9142120021C9B81545D1F9EFBFFF7E7B2CAAAAAAFAA51911920020241996A6A6A627A35E5BB76E6D49A5523798152109004292411D3B76ECF3DDDDDD3D519E050B1634A5D3E98F991D2109004292A25A5B5B1BA37E3A3A3A5A2B2B2B179B1D2109004292820E1C3830372AA2B6B6B6355E37979B252109809D981D187DC4ADF8A9AEAEAE0F8B85644F4FCFC9EAEAEA5D15151593CD9690044048424E7373F3B668088D8D8D4DA9546A96D91292000849C869686818AA23A3CECECE8D61EDA4D3E9F3CD989004404842C6030F3C3063B053DBA123E7CC99B3DA11492109809D981D1803AC5AB5EAD7C52A72DFBE7D4BE275B3CD35924212003B313B3006983265CA67E360EC2CF0429BDD959595BBBD6A5B48028090A4A8071F7CF0E1381CBBF34372F9F2E53F4B24120F991D2109004292A2C2A9EBB56BD7B6E5BD19F953F17AD9EB936D8424000849863473E6CCABDBDBDBBBE211555555ADF359DB4212008424C3B674E9D2176B6A6AA24422516B368424000849862D9CCA0EEB24BC00C76C084900109258274212000402D6899004008180752224014020609D20240110085827D6899004008180752224014020609D084900100858274212000402D6094212008100D6899004008180752224014020609D08490010085827E65648022010B04E1092000804B04E8424000804AC132109000201EB4448028040C03A4148022010B04E1092000804B04E8424000804AC132109000201EB4448028040C03A414802201018A76BE2F96CDC0C32769A292109809D981D18FDD7C4E5F138355848261289EBCC949004C04ECC0E8C42EBE2C54142725B4545C564B3242401B013B303A3D0BAB8BC5848A652A91BCC9090040021C9606BA3D0B5923B1D8D1492002024196A6D0CB856D2B5914212008424C3128763ADA39142120084246712925FCABB36F22B664448028090A4943592B956D2D148210900429252D7C8E5D68990040021398AA2289ADCD8D8B866FBF6EDDDF5F5F5515D5D9D31CA63DDBA75D1E6CD9BDF8BC7CD4212008464D90811B965CB96A8ADAD2D3A79F2A4718EC6E1C387A34D9B367D1047E58D42120084645908472245E49889C9937575757B84240008C9B2104E678BB8B133E2903C25240140489685708D9E801B5321198DD56DD076088090E48C42F258C7C1A871E7CFA3D7D77D2F33C2ED709FF813920020248564D171B4BD25DAFD6F73A3FF7CE19E3E23DC171E138042120084A4902C389A5E7F6E40446647F3EBCF0B40210900425248161E7B36FCB0684886C704A09004002129240B8EDD75FF583424C36302504802809014924252480A49008424231792E155DAC542323C26008524000849215970EC6DF849D1900C8F0940210900425248161C475A7645BB5F9A37F0B4767C5F784C000A4900109242B2E8D8FFF28A012119EE137F42120084A4902C3EBABAA2BD5B1F1D785A3BBE2F3C260085240008492159F0536D7ED3F070D16B24C3633EDD464802809014927D8E421EDCBB3E7A6DED9CA211991DE139E1B98E4E0A49001092133C24873A0AE9E8A49004002149C1901CCE51C8C18E4E0A4221090042728286E499466476084221090042728286A42124852400421221292485240042D22C08492129240140480A4943480280901492869004002129240D21292401109208492129240140480A492129240140480A494348028090149286900400212924059C90149200084984A490149200202485A490149200202485A43162215951513159480280901492C6B043328AA24F3537376F6B686888EEBFFFFEBF1FCDA0149200084984649986E4810307E67676769E8A7A7575757DB86AD5AABD3366CCF8132109004252481A0342F2D8B1639F3F74E8D0DB5111FBF7EFEF5CB870E192743A7DBE9004002129248564388D7D7E5353D393DDDDDD3DD1107A7A7ABAD7AE5DFB5E7575F5D7852400084921398143F2D0A143DFECE8E8F8202A517B7B7BD7A38F3E5A9F4AA5FE40480280901492136CD4D6D646353535210AA33308C9CCF766A3EF6C0C5B0C004292B31E92F18F8E162D5A34E473EEBEFBEECCEDD5AB57479D9D9DB9FB57AE5C39E8F7DE71C71D99E765C7B5D75E3BE4EF9A3B77EEA0CFD9B66D5BE6794D4D4D51454545664C9B362D7AF6D96733F7EFDFBF3FF7DC050B16F4F9FD575E79E5881D91ACACACFC745555D52FB76EDD7AB0A7A7E7F47022B2A3A3E3A9E9D3A76F482412B5F1F672896D1000ECC4CA2624376DDA9409AE6C785D74D14599B80AB7C378FAE9A7A3CF7CE63303E26EF9F2E5B9DB2B56ACC8DD0E6139DC908C036A5861FBE31FFF78C8E73CFCF0C399DB478F1ECDFCFBADB7DE8A8E1C3952F06FFAEA57BF9AFB1B962C5932E22FB649A55237CC9F3FBFA9BDBDBD6D90EB23772F5DBAF4B1781BD91B9E6F1B04003BB1B20BC9FEA115FEFDFDEF7F3FF7EF8F7CE423D17DF7DD97B91D8EEC658FF25D75D55599800CB7DF7CF3CDDCF7EEDAB52BF375F1E2C54386E4E1C3877FE790DCB2654BF4C20B2FE49EFBF2CB2FE78E424ECA3B729A3FF6EEDD1B9D77DE79237E4432FFBFCF9429537EBFB2B272711CE26DDDDDDD27F21AB273DFBE7D4BE2C77627128987D2E9F4C76C83006027569621198EE0D5D7D7E78E4086B8BAEDB6DB32B7BFF18D6F648E54168ABBFC23929FFCE427A3975E7A29733B1CBD0C473987734472B8A17BE9A59766FE9E70DA3CFCFB95575EC93C164E654FEA3D22FA894F7C229A3D7B76EE7B366CD890F9FAC8238F0C38A21AC6D7BEF6B5CCE35FF8C217CEEAFB48C6DBC0E5D5D5D5BB1A1B1B5B4E9C38B169CE9C39ABE3FBB685FB6D8300602756D621990DAF356BD6E46E87680BB75F7CF1C5E8C20B2F2CF8FC7044327BF42F5CA3D8FF14F3502179C515570CFB6F1BEC88E41B6FBC11854F8CC98669B85E33DC0E711C42F3E28B2F8EAEB9E69A01DF377FFEFC5CF89EED4FB6099F64934AA56685ED217C1DED4FB6B1B500202439AB21F9E52F7F79C011C970BDE4F5D75F9F7B5E386D1D4E1587E72C5BB6AC60840EF71AC9910AC9702D64784E78E5F3BBEFBE9B3BB51EFEF70CF602A059B366E58E768EF7CFDAB6B500202439E721D9DADA9A0BB7EC51CBFE21990DB9E6E6E6113BB55D2C248F1F3F9EFB59E16F082119AEE9CC9ED60EF72D5CB8B0E0F78623AAE139975D76D9A885A46D1000ECC4C65D488653D8F9E1968DC4F0229A70EA78A86B24433CE6BFC825045CF62D81060BC9F0AAEA9178D576F85D9FFBDCE732D74E86E7BFF3CE3BB9DB854EB5BFFAEAAB67F555DBB64100B0139B3021D93FDCB22159E88539D9B7D779E2892772CF0F237B6DE2BC79F3325FB3AFF41E2C24EFBCF3CE3E8F856B1AC3FB4A8691FF3E90575F7D75EEDF215227F59E42CF1E1DBDE0820B32F138A9F73476F64538E16F0C5F1F7FFCF13EBF27BCCFA4900400212924473124C308EF2B39A9DF0B6CB2B7873366CE9CD9E70DC1F34F9D678F2E96F2F786980C5F3FFAD18F668E9E8679F9E217BF987B3C7BA4347CCD7F914D768448159200602726248D73FA59DBB64100B0131392869004003B31216908495B0B0042122129246D8300084984A490B40D02809D989034842400D8890949434802809D98903484A46D10002189901492B641008424425248DA0601C04E4C481A421200ECC484A4212401C04E4C481A42D23608809044480A49DB200042122129246D8300602726240D210900766242D2109200202485A421246D8300084984A490B40D022024EDC484A490B40D02809D989034842400D8890949434802809014928690B40D022024119242D23608007662425248DA0601C04E4C481A421200ECC4C68BFAFA7A01377646671C92A76C830060275616366FDE7CB0ADAD4DC48D81D1D2D2B22A0EC93DB64100B0132B0BEBD7AFBF7EE3C68D1D870E1D3A310E42AC6C8F4486885CB76EDD3BF1B8D1360800766265238E97EBEAEAEA7686D3AAE11ABD721C3B76EC886A6A6AA2DADADA72FCFBC3BCEF19AB11691B044048326E455174FEFBEFBFDF1E8BAAAAAA7E69466C83006027C6B03435353D19F5DABA756B4B2A95BAC1ACD80601C04E8C411D3B76ECF3DDDDDD3D519E050B1634A5D3E98F991DDB2000D88951546B6B6B63D44F4747476B6565E562B3631B04003B310A3A70E0C0DCA888DADADAD678DD5C6E966C8300D889D989D147DC8A9FEAEAEAFAB05848F6F4F49CACAEAEDE55515131D96CD90601B013839CE6E6E66DD1101A1B1B9B52A9D42CB3651B04C04E0C721A1A1A86EAC8A8B3B37363583BE974FA7C33661B04C04E0C321E78E08119839DDA0E1D3967CE9CD58E48DA0601B013B313638055AB56FDBA5845EEDBB76F49BC6EB6B946D23608809D989D18034C9932E5B37130761678A1CDEECACACADD5EB56D1B04003B318A7AF0C1071F8EC3B13B3F24972F5FFEB34422F190D9B10D02809D18458553D76BD7AE6DCB7B33F2A7E2F5B2D727DBD80601C04E8C21CD9C39F3EAF6F6F6AE7844555555EB7CD6B66D1000ECC418B6A54B97BE585353132512895AB3611B04003B31862D9CCA0EEB24BC00C76CD80601C04E0CEBC4DC02809D18D689B905003B31AC13730B0076625827985B00ECC4B04EAC13730B0076625827E61600ECC4B04ECC2D00D889619D985B00B013C33AC1DC02602706D689B905003B31AC13730B0076625827E61600ECC4B04ECCADB905C04E0CEB04730B809D185827E61600ECC4B04ECC2D00D889619D985B00B013C33AC1DC026027867582B905C04E0CAC13730B0076625827E61600ECC4B04ECC2D00D889619D606E01B013C33AC1DC02602706D689B905003B31AC13730B0076625827E61600ECC4B04E30B700D889619D606E01B013B313C33A31B70060278675626E01C04E0CEBC4DC02809D18D609E616003B31AC13CC2D00D889619D985B00B013C33A31B70060278675626E01C04E0CEB04730B809D18D609E61600ECC4B04ECC2D00D889619D985B00B013C33A31B7006027867582B905C04E8C09B8269E0FEB6288B1D34CD90601B013B313A3FF9AB83C1EA7060BC94422719D99B20D026027662746A175F1E22021B9ADA2A262B259B20D026027662746A1757179B1904CA552379821DB2000D88931D8DA2874ADE44E47236D83006027C6506B63C0B592AE8DB40D02809D18C3128763ADA391B64100B013E34C42F24B79D7467EC58CD80601C04E8C52D648E65A4947236D8300602746A96BE472EBC43608007662A32C8AA2C98D8D8D6BB66FDFDE5D5F5F1FD5D5D519A33CD6AD5B176DDEBCF9BD78DC6C1B04003BB1B2112272CB962D515B5B5B74F2E449E31C8DC3870F479B366DFA208ECA1B6D830060275616C2914811396662F2645D5DDD1EDB2000D8899585703A5BC48D9D1187E429DB2000D8899585708D9E801B532119D90601C04E6C5C85E4B18E8351E3CE9F47AFAFFB5E6684DBE13EF127240140480AC9A2E3687B4BB4FBDFE646FFF9C23D7D46B82F3C2600852400084921597034BDFEDC8088CC8EE6D79F178042120084A4902C3CF66CF861D1900C8F0940210900425248161CBBEBFEB1684886C704A090040021292485A490B40D02202419B9900CAFD22E1692E1310128240140480AC982636FC34F8A8664784C000A4900109242B2E038D2B22BDAFDD2BC81A7B5E3FBC263025048028090149245C7FE97570C08C9709FF813920020248564F1D1D515EDDDFAE8C0D3DAF17DE1310128240140480AC9829F6AF39B86878B5E23191EF3E93642120084A490EC7314F2E0DEF5D16B6BE7148DC8EC08CF09CF7574524802809DD8040FC9A18E423A3A292401404852302487731472B0A39382504802809DD8040DC9338DC8EC1084421200ECC42668481A42D23608809044480A49DB200042122129246D8300602726240D210900766242D2109200202485A421246D8300084984A490B40D022024EDC484A490B40D02809D989034842400D889094943480280901492024E48DA06011092084921691B04003B312129246D8300602726248D1109C98A8A8AC9B64100B0131392C6B043328AA24F3537376F6B686888EEBFFFFEBF1FCDA0B40D0220241192651A92070E1C98DBD9D9792AEAD5D5D5F5E1AA55ABF6CE9831E34F6C8300602726248D012179ECD8B1CF1F3A74E8EDA888FDFBF7772E5CB870493A9D3EDF360800766242524886463CBFA9A9E9C9EEEEEE9E68083D3D3DDD6BD7AE7DAFBABAFAEBB64100B01313921378ECD8B123EAE8E8F8202A517B7B7BD7A38F3E5A9F4AA5FEC036080076624272828D969696A8A6A626446174062199F9DEB0BD9C8D614B01404832E22119FF8868D1A245433EE7EEBBEFCEDC5EBD7A75D4D9D999BB7FE5CA95837EEF1D77DC91795E765C7BEDB543FEAEB973E796F4F70FF5FC6DDBB6659ED7D4D41455545464C6B469D3A2679F7D3673FFFEFDFB73CF5DB060419FBFF7CA2BAF2C693E9F79E699A8AAAAEA975BB76E3DD8D3D3737A3811D9D1D1F1D4F4E9D337241289DA787BB9C4AA06002139264372D3A64D9980CA86D445175D9489A5703B8CA79F7E3AFACC673E3320D6962F5F9EBBBD62C58ADCED1096C30DC938968615863FFEF18F4B0AC9A19E1F9EF3F0C30F676E1F3D7A34F3EFB7DE7A2B3A72E448C1FF0D5FFDEA57737FF392254BCEE8C536A954EA86F9F3E737B5B7B7B70D727DE4EEA54B973E166F237BC3F3AD66001092633A24FB8753F8F7F7BFFFFDDCBF3FF2918F44F7DD775FE6763852973D6A77D55557650232DC7EF3CD3773DFBB6BD7AECCD7C58B170F1992870F1F1EF590DCB2654BF4C20B2FE49EFBF2CB2FE78E424ECA3BD29A3FF6EEDD1B9D77DE7967744432FF55DB53A64CF9FDCACACAC5719CB77577779FC86BC8CE7DFBF62D891FDB9D48241E4AA7D31FB3920140488EF9900C47E4EAEBEB734720432CDD76DB6D99DBDFF8C63732472A0BC55AFE11C94F7EF293D14B2FBD94B91D8E5E86A39CC3392239DC30BCF4D24B337F4F386D1EFEFDCA2BAF9CD1F3C3A9EC49BD47503FF1894F44B367CFCE7DCF860D1B325F1F79E491014760C3F8DAD7BE9679FC0B5FF8C2EFFC3E92F13670797575F5AEC6C6C69613274E6C9A3367CEEAF8BE6DE17E2B18008464D9846436A4D6AC5993BB1D222CDC7EF1C517A30B2FBCB0E0F3C311C9ECD1BC70CD61FF53C64385E415575C3162A7AA4B79FE1B6FBC11854F93C9866CB8BE33DC0E311D42F3E28B2F8EAEB9E69A01DF377FFEFC5C288FC427DB844FB249A552B3C2F610BE9E8B8F4A040021C98884E497BFFCE5014724C3F592D75F7F7DEE79E1B47538F51B9EB36CD9B282113ADC6B24CF5548866B21C373C2ABA2DF7DF7DDDCA9F8F0BF7FB0170CCD9A352B77B4B3DC3F6B1B008424A31E92ADADADB910CB1EB5EC1F92D9306B6E6E1EB153DB231592C78F1FCFFDEEF03787900CD780664F6B87FB162E5C58F07BC311D8F09CCB2EBB6C444312001092651D92E114767E88652331BC88269C0A1EEA1AC9108FF92F5A0941967D4BA0C14232BC4AFA5CBC6A3BFC6D9FFBDCE732D74E86E7BFF3CE3BB9DB854ECDBFFAEAABBFF3ABB6010021392E43B27F886543B2D00B73B26F97F3C4134FE49E1F46F65AC379F3E665BE665FE93D5848DE79E79D7D1E0BD72886F7950C23FF7D1DAFBEFAEADCBF43A44EEA3D855EEAF3B347532FB8E0824C3C4EEA3D8D9D7D114EF8DF14BE3EFEF8E37DFEAEF03E9342120084A490FC1D42328CF0BE9293FABDC0267B7B3863E6CC997DDEE03BFFD479F66861297F6FA9CF0F3119BE7EF4A31FCD1C6D0DF3F5C52F7E31F778F6C86AF89AFF229BEC08912A240140480A49E3AC0F2109004252481A42120084A49034842400084984A490040021899014920080901492869004002129240D2109004252481A421200842442524802809044480A490040480A4943480280901492869004002129240D21090042122129240140482224852400202485A421240140480A4943480280901492869004002189901492002024ED5885A490040084A4903484240008492169084900109242D210920020241192421200109242524802004252481A42120084E478525F5F2FE0C6CEE88C43F29455090042B22C6CDEBCF9605B5B9B881B03A3A5A565551C927BAC4A0010926561FDFAF5D76FDCB8B1E3D0A14327CA3CC2CAFA486488C875EBD6BD138F1BAD4A00109265238E97EBEAEAEA7686D3AAE11ABD721B3B76EC886A6A6AA2DADADAA81CFFFEDE79DF2322014048328AA2283AFFFDF7DF6F8F45555555BF342300809064589A9A9A9E8C7A6DDDBAB525954ADD6056000021C9A08E1D3BF6F9EEEEEE9E28CF82050B9AD2E9F4C7CC0E00202429AAB5B5B531EAA7A3A3A3B5B2B272B1D901008424051D3870606E54446D6D6D6BBC6E2E374B00202485247DC4ADF8A9AEAEAE0F8B85644F4FCFC9EAEAEA5D15151593CD16000849C8696E6EDE160DA1B1B1B129954ACD325B00202421A7A1A161A88E8C3A3B3B3786B5934EA7CF376300202421E381071E9831D8A9EDD09173E6CC59ED882400084921C900AB56ADFA75B18ADCB76FDF9278DD6C738D2400084921C90053A64CF96C1C8C9D055E68B3BBB2B272B7576D03004292A21E7CF0C187E370ECCE0FC9E5CB97FF2C91483C64760000214951E1D4F5DAB56BDBF2DE8CFCA978BDECF5C93600809064483367CEBCBABDBDBD2B1E515555D53A9FB50D000849866DE9D2A52FD6D4D4448944A2D66C00004292610BA7B2C33A092FC0311B008090C43A01000402D609002010B04E000081807502000804AC13EB040010085827008040C03A01000402D609002010B04E00008100D609002010B04E000081807502000804AC13004020609D00000201AC13004020609D00000201EB040010085827008040C03A010004025827008040C03A01000402D609002010B04E000081807502000804B04E000081807502000804AC13004020609D00000201EB040010080201EB040010085827008040C03A01000402D609002010B04E00000402D609002010B04E000081807502000804AC13004020609D00000804AC13004020609D00000201EB04001008582700804000EB040010085827008040C03A01000402D609002010B04E00008100D609002010B04E000081807502000804AC13004020609D00000201AC13004020609D00000201EB040010085827008040C03A01000402FCFF35F17C5817438C9D660A00448390A4FF9AB83C1EA7060BC94422719D990200D1202429B42E5E1C2424B75554544C364B002018842485D6C5E5C54232954ADD6086000021C9606BA3D0B5923B1D8D0400842443AD8D01D74ABA36120010920C4B1C8EB58E46020042923309C92FE55D1BF91533020008494A5923996B251D8D04008424455556567E3A9148CC8CD7C59A78EC8DC7D1BC53DBFB7B4F75DF1D9E67B60040480A492685B7F489475DBC1E3A87F1A936D9B121FE9E9BCD1E00084926E67FFF4B8678F3F1E18C2D53A64CF9ACD9040021C904914824E2FFFCC9C3F95158595919FDE0073F88D6AF5F1F1D387020FAED6F7F1B05C78F1F8F5A5A5AA2868686E8A1871E8A6EB9E596FE6F527ECCD1490010924C8C88BC2EFF3D224340AE5CB9326A6B6B8B86A3BDBD3DF3FCF07DFD82F276B30B004292F11B91C9FC889C3D7B76E6E8E39908DF77CF3DF7F48F494726014048320EFF7B5F927F3A7BDEBC79B9D3D7672A9CF65EB06041FFD3DC979A6D0010928C23BDAFCCCE1D89FC5D23323F26FB1D99DC62B6014048327E22F286FC6B22CFF474F660A7B9F3AF99748A1B008424E32724734723C30B65CE867FFEE77F765412008424E51689F1F88B628F874FA2C9BEC0261C353C72E4C85909C9F06AEE7E6F0D7489FF3A00202419E3FF1D7B4F27D72512892FF57FBCF7630F33CFF9D18F7E149D4DE17D26F342F26EFF7500404852062199375ECC3F42D9FBD9D999C7366EDC78564332BC6979DEDFF1BCFF3A00202429AF90CC1DA10C4119DFDE9BBD6FA45F64D35FF8049CBCBFA1C97F1D001092946148E68DD3D9DB23F5963F83BD1550DEEFEDF45F0700266E8018E36C8C86FCDF672B030028CFFF876067EFE76A1F7544120080E1846426202B2A2A26F73EEE1A490000060DC96DE1136CB20199F7B8576D0300503024FB1C81ECCFFB48020070467CB20D000067CC676D030070A621794336F2C251C9917ED14DF879E1E7E6BD19FACD661D00609C88036F4336F4AAABAB7B46EAAD80C25BFEDC73CF3D7D8E4616BB5E130080F20CC94BE271381B7CF3E6CDFB9DDF573244E482050BF223F2682A95BAD46C03008C33894422997DE14DF6C8E4999EE60EDFD7EF48A453DA0000E3591C7CE9FC980CD7368617E084575D0FF7D5D9E18535F9D744861147EA77CD2E00C038178E4CC6A33D3F04431886F7990C6F5A1E8E36664F7B87D3D7E1136BC29B8DD7D4D444E974BAFF27E9848F604C9B55008009225C3399FFB6406738B6B826120060E206E58DBD4179AA94800C4721BD3A1B0080CC27E0C44139ABF7B3B9F7C7A3B3371AC3D7A6F0D9D9E1630F7D620D000000000000000000000000000000000000000014F7FF000592D819C2E2E1B40000000049454E44AE426082, '1');
INSERT INTO ACT_GE_BYTEARRAY VALUES ('40002', '17', 'source', null, 0x7B227265736F757263654964223A223430303031222C2270726F70657274696573223A7B2270726F636573735F6964223A224C6561766562696C6C222C226E616D65223A224C6561766562696C6C222C22646F63756D656E746174696F6E223A22222C2270726F636573735F617574686F72223A22222C2270726F636573735F76657273696F6E223A22222C2270726F636573735F6E616D657370616365223A22687474703A2F2F7777772E61637469766974692E6F72672F70726F63657373646566222C22657865637574696F6E6C697374656E657273223A22222C226576656E746C697374656E657273223A22222C227369676E616C646566696E6974696F6E73223A22222C226D657373616765646566696E6974696F6E73223A22227D2C227374656E63696C223A7B226964223A2242504D4E4469616772616D227D2C226368696C64536861706573223A5B7B227265736F757263654964223A227369642D33453939413232382D313931362D344643322D393135392D324542394437313437414641222C2270726F70657274696573223A7B226F766572726964656964223A2273746172745461736B222C226E616D65223A22E5BC80E5A78B222C22646F63756D656E746174696F6E223A22222C22657865637574696F6E6C697374656E657273223A22222C22696E69746961746F72223A22222C22666F726D6B6579646566696E6974696F6E223A22222C22666F726D70726F70657274696573223A22227D2C227374656E63696C223A7B226964223A2253746172744E6F6E654576656E74227D2C226368696C64536861706573223A5B5D2C226F7574676F696E67223A5B7B227265736F757263654964223A227369642D42443046393141342D314131362D343835422D384245412D374341433432354633343344227D5D2C22626F756E6473223A7B226C6F7765725269676874223A7B2278223A3133352C2279223A3233332E357D2C2275707065724C656674223A7B2278223A3130352C2279223A3230332E357D7D2C22646F636B657273223A5B5D7D2C7B227265736F757263654964223A227369642D45423135313431332D454142452D344538452D424436342D313430384642393041303643222C2270726F70657274696573223A7B226F766572726964656964223A22757365727461736B31222C226E616D65223A22E68F90E4BAA4E794B3E8AFB7222C22646F63756D656E746174696F6E223A22222C226173796E6368726F6E6F7573646566696E6974696F6E223A2266616C7365222C226578636C7573697665646566696E6974696F6E223A2266616C7365222C22657865637574696F6E6C697374656E657273223A22222C226D756C7469696E7374616E63655F74797065223A224E6F6E65222C226D756C7469696E7374616E63655F63617264696E616C697479223A22222C226D756C7469696E7374616E63655F636F6C6C656374696F6E223A22222C226D756C7469696E7374616E63655F7661726961626C65223A22222C226D756C7469696E7374616E63655F636F6E646974696F6E223A22222C226973666F72636F6D70656E736174696F6E223A2266616C7365222C22757365727461736B61737369676E6D656E74223A7B2261737369676E6D656E74223A7B2261737369676E6565223A22237B757365726E616D657D227D7D2C22666F726D6B6579646566696E6974696F6E223A22222C2264756564617465646566696E6974696F6E223A22222C227072696F72697479646566696E6974696F6E223A22222C22666F726D70726F70657274696573223A22222C227461736B6C697374656E657273223A22227D2C227374656E63696C223A7B226964223A22557365725461736B227D2C226368696C64536861706573223A5B5D2C226F7574676F696E67223A5B7B227265736F757263654964223A227369642D34373434344636342D394642422D344331422D384446372D453731434243393644443341227D2C7B227265736F757263654964223A227369642D39374530374546442D383346432D343137312D383731422D333939363839464343464239227D5D2C22626F756E6473223A7B226C6F7765725269676874223A7B2278223A3334302C2279223A3235382E357D2C2275707065724C656674223A7B2278223A3234302C2279223A3137382E357D7D2C22646F636B657273223A5B5D7D2C7B227265736F757263654964223A227369642D30444346333445322D343945382D344638462D424639342D363733324543373432343041222C2270726F70657274696573223A7B226F766572726964656964223A22757365727461736B32222C226E616D65223A22E5AEA1E689B9E38090E4B88AE7BAA7E9A286E5AFBCE38091222C22646F63756D656E746174696F6E223A22222C226173796E6368726F6E6F7573646566696E6974696F6E223A2266616C7365222C226578636C7573697665646566696E6974696F6E223A2266616C7365222C22657865637574696F6E6C697374656E657273223A6E756C6C2C226D756C7469696E7374616E63655F74797065223A224E6F6E65222C226D756C7469696E7374616E63655F63617264696E616C697479223A22222C226D756C7469696E7374616E63655F636F6C6C656374696F6E223A22222C226D756C7469696E7374616E63655F7661726961626C65223A22222C226D756C7469696E7374616E63655F636F6E646974696F6E223A22222C226973666F72636F6D70656E736174696F6E223A2266616C7365222C22757365727461736B61737369676E6D656E74223A22222C22666F726D6B6579646566696E6974696F6E223A22222C2264756564617465646566696E6974696F6E223A22222C227072696F72697479646566696E6974696F6E223A22222C22666F726D70726F70657274696573223A22222C227461736B6C697374656E657273223A7B227461736B4C697374656E657273223A5B7B226576656E74223A22637265617465222C22696D706C656D656E746174696F6E223A22636F6D2E6D732E6C697374656E65722E5461736B4C697374656E6572496D706C222C22636C6173734E616D65223A22636F6D2E6D732E6C697374656E65722E5461736B4C697374656E6572496D706C222C2265787072657373696F6E223A22222C2264656C656761746545787072657373696F6E223A22227D5D7D7D2C227374656E63696C223A7B226964223A22557365725461736B227D2C226368696C64536861706573223A5B5D2C226F7574676F696E67223A5B7B227265736F757263654964223A227369642D46433441313937322D334344392D343344422D393037452D383543423630303045354444227D2C7B227265736F757263654964223A227369642D41304442453234452D393031302D343435412D424544362D354446444232303535363735227D5D2C22626F756E6473223A7B226C6F7765725269676874223A7B2278223A3439302C2279223A3235382E357D2C2275707065724C656674223A7B2278223A3339302C2279223A3137382E357D7D2C22646F636B657273223A5B5D7D2C7B227265736F757263654964223A227369642D44423642423830382D303732322D343030302D413934332D303934423136363431334531222C2270726F70657274696573223A7B226F766572726964656964223A22757365727461736B33222C226E616D65223A22E5AEA1E689B9E38090E4B88AE4B88AE7BAA7E9A286E5AFBCE38091222C22646F63756D656E746174696F6E223A22222C226173796E6368726F6E6F7573646566696E6974696F6E223A2266616C7365222C226578636C7573697665646566696E6974696F6E223A2266616C7365222C22657865637574696F6E6C697374656E657273223A6E756C6C2C226D756C7469696E7374616E63655F74797065223A224E6F6E65222C226D756C7469696E7374616E63655F63617264696E616C697479223A22222C226D756C7469696E7374616E63655F636F6C6C656374696F6E223A22222C226D756C7469696E7374616E63655F7661726961626C65223A22222C226D756C7469696E7374616E63655F636F6E646974696F6E223A22222C226973666F72636F6D70656E736174696F6E223A2266616C7365222C22757365727461736B61737369676E6D656E74223A22222C22666F726D6B6579646566696E6974696F6E223A22222C2264756564617465646566696E6974696F6E223A22222C227072696F72697479646566696E6974696F6E223A22222C22666F726D70726F70657274696573223A22222C227461736B6C697374656E657273223A7B227461736B4C697374656E657273223A5B7B226576656E74223A22637265617465222C22696D706C656D656E746174696F6E223A22636F6D2E6D732E6C697374656E65722E5461736B4C697374656E6572496D706C222C22636C6173734E616D65223A22636F6D2E6D732E6C697374656E65722E5461736B4C697374656E6572496D706C222C2265787072657373696F6E223A22222C2264656C656761746545787072657373696F6E223A22227D5D7D7D2C227374656E63696C223A7B226964223A22557365725461736B227D2C226368696C64536861706573223A5B5D2C226F7574676F696E67223A5B7B227265736F757263654964223A227369642D37423041324334382D303042342D343941452D424430322D323031443442334442383732227D2C7B227265736F757263654964223A227369642D43373444443046382D324544372D344446452D424645302D394136433736343945373242227D5D2C22626F756E6473223A7B226C6F7765725269676874223A7B2278223A3635392C2279223A3235377D2C2275707065724C656674223A7B2278223A3534302C2279223A3138307D7D2C22646F636B657273223A5B5D7D2C7B227265736F757263654964223A227369642D34424642343031452D433934322D343938372D424232362D304633423438434643314642222C2270726F70657274696573223A7B226F766572726964656964223A22656E645461736B222C226E616D65223A22E7BB93E69D9F222C22646F63756D656E746174696F6E223A22222C22657865637574696F6E6C697374656E657273223A22227D2C227374656E63696C223A7B226964223A22456E644E6F6E654576656E74227D2C226368696C64536861706573223A5B5D2C226F7574676F696E67223A5B5D2C22626F756E6473223A7B226C6F7765725269676874223A7B2278223A3832342E333939393933383936343834342C2279223A3233347D2C2275707065724C656674223A7B2278223A3739362E333939393933383936343834342C2279223A3230367D7D2C22646F636B657273223A5B5D7D2C7B227265736F757263654964223A227369642D42443046393141342D314131362D343835422D384245412D374341433432354633343344222C2270726F70657274696573223A7B226F766572726964656964223A22666C6F7731222C226E616D65223A22222C22646F63756D656E746174696F6E223A22222C22636F6E646974696F6E73657175656E6365666C6F77223A22222C22657865637574696F6E6C697374656E657273223A22222C2264656661756C74666C6F77223A2266616C7365227D2C227374656E63696C223A7B226964223A2253657175656E6365466C6F77227D2C226368696C64536861706573223A5B5D2C226F7574676F696E67223A5B7B227265736F757263654964223A227369642D45423135313431332D454142452D344538452D424436342D313430384642393041303643227D5D2C22626F756E6473223A7B226C6F7765725269676874223A7B2278223A3233392E3835393337352C2279223A3231382E357D2C2275707065724C656674223A7B2278223A3133352E3630393337352C2279223A3231382E357D7D2C22646F636B657273223A5B7B2278223A31352C2279223A31357D2C7B2278223A35302C2279223A34307D5D2C22746172676574223A7B227265736F757263654964223A227369642D45423135313431332D454142452D344538452D424436342D313430384642393041303643227D7D2C7B227265736F757263654964223A227369642D46433441313937322D334344392D343344422D393037452D383543423630303045354444222C2270726F70657274696573223A7B226F766572726964656964223A22666C6F7733222C226E616D65223A22E5908CE6848F222C22646F63756D656E746174696F6E223A22222C22636F6E646974696F6E73657175656E6365666C6F77223A22247B6F7574636F6D653D3D27E5908CE6848F277D222C22657865637574696F6E6C697374656E657273223A22222C2264656661756C74666C6F77223A2266616C7365227D2C227374656E63696C223A7B226964223A2253657175656E6365466C6F77227D2C226368696C64536861706573223A5B5D2C226F7574676F696E67223A5B7B227265736F757263654964223A227369642D44423642423830382D303732322D343030302D413934332D303934423136363431334531227D5D2C22626F756E6473223A7B226C6F7765725269676874223A7B2278223A3533392E39333335393337352C2279223A3231382E357D2C2275707065724C656674223A7B2278223A3439302E38343337352C2279223A3231382E357D7D2C22646F636B657273223A5B7B2278223A35302C2279223A34307D2C7B2278223A35392E352C2279223A33382E357D5D2C22746172676574223A7B227265736F757263654964223A227369642D44423642423830382D303732322D343030302D413934332D303934423136363431334531227D7D2C7B227265736F757263654964223A227369642D34373434344636342D394642422D344331422D384446372D453731434243393644443341222C2270726F70657274696573223A7B226F766572726964656964223A22666C6F7732222C226E616D65223A22E68F90E4BAA4222C22646F63756D656E746174696F6E223A22222C22636F6E646974696F6E73657175656E6365666C6F77223A22247B6F7574636F6D653D3D27E68F90E4BAA4277D222C22657865637574696F6E6C697374656E657273223A22222C2264656661756C74666C6F77223A66616C73657D2C227374656E63696C223A7B226964223A2253657175656E6365466C6F77227D2C226368696C64536861706573223A5B5D2C226F7574676F696E67223A5B7B227265736F757263654964223A227369642D30444346333445322D343945382D344638462D424639342D363733324543373432343041227D5D2C22626F756E6473223A7B226C6F7765725269676874223A7B2278223A3338392E37383132352C2279223A3231382E357D2C2275707065724C656674223A7B2278223A3334302E32313837352C2279223A3231382E357D7D2C22646F636B657273223A5B7B2278223A35302C2279223A34307D2C7B2278223A35302C2279223A34307D5D2C22746172676574223A7B227265736F757263654964223A227369642D30444346333445322D343945382D344638462D424639342D363733324543373432343041227D7D2C7B227265736F757263654964223A227369642D39374530374546442D383346432D343137312D383731422D333939363839464343464239222C2270726F70657274696573223A7B226F766572726964656964223A22666C6F7735222C226E616D65223A22E694BEE5BC83222C22646F63756D656E746174696F6E223A22222C22636F6E646974696F6E73657175656E6365666C6F77223A22247B6F7574636F6D653D3D27E694BEE5BC83277D222C22657865637574696F6E6C697374656E657273223A22222C2264656661756C74666C6F77223A66616C73652C2273686F776469616D6F6E646D61726B6572223A66616C73657D2C227374656E63696C223A7B226964223A2253657175656E6365466C6F77227D2C226368696C64536861706573223A5B5D2C226F7574676F696E67223A5B7B227265736F757263654964223A227369642D34424642343031452D433934322D343938372D424232362D304633423438434643314642227D5D2C22626F756E6473223A7B226C6F7765725269676874223A7B2278223A3830362E323130333439343832343937372C2279223A3230352E383030303033303531373537387D2C2275707065724C656674223A7B2278223A3239302C2279223A3131302E38303030303330353137353738317D7D2C22646F636B657273223A5B7B2278223A35302C2279223A34307D2C7B2278223A3239302C2279223A3131302E38303030303330353137353738317D2C7B2278223A3830362E323130333439343832343937372C2279223A3131302E38303030303330353137353738317D2C7B2278223A392E3831303335353538363031333331362C2279223A302E383030303033303531373537383132357D5D2C22746172676574223A7B227265736F757263654964223A227369642D34424642343031452D433934322D343938372D424232362D304633423438434643314642227D7D2C7B227265736F757263654964223A227369642D41304442453234452D393031302D343435412D424544362D354446444232303535363735222C2270726F70657274696573223A7B226F766572726964656964223A22666C6F7736222C226E616D65223A22E9A9B3E59B9E222C22646F63756D656E746174696F6E223A22222C22636F6E646974696F6E73657175656E6365666C6F77223A22247B6F7574636F6D653D3D27E9A9B3E59B9E277D222C22657865637574696F6E6C697374656E657273223A22222C2264656661756C74666C6F77223A2266616C7365227D2C227374656E63696C223A7B226964223A2253657175656E6365466C6F77227D2C226368696C64536861706573223A5B5D2C226F7574676F696E67223A5B7B227265736F757263654964223A227369642D45423135313431332D454142452D344538452D424436342D313430384642393041303643227D5D2C22626F756E6473223A7B226C6F7765725269676874223A7B2278223A3434302C2279223A3332312E383030303033303531373537387D2C2275707065724C656674223A7B2278223A3239302C2279223A3235392E30343435333234313832353130347D7D2C22646F636B657273223A5B7B2278223A35302C2279223A34307D2C7B2278223A3434302C2279223A3332312E383030303033303531373537387D2C7B2278223A3239302C2279223A3332312E383030303033303531373537387D2C7B2278223A35302C2279223A34307D5D2C22746172676574223A7B227265736F757263654964223A227369642D45423135313431332D454142452D344538452D424436342D313430384642393041303643227D7D2C7B227265736F757263654964223A227369642D43373444443046382D324544372D344446452D424645302D394136433736343945373242222C2270726F70657274696573223A7B226F766572726964656964223A22666C6F7737222C226E616D65223A22E9A9B3E59B9E222C22646F63756D656E746174696F6E223A22222C22636F6E646974696F6E73657175656E6365666C6F77223A22247B6F7574636F6D653D3D27E9A9B3E59B9E277D222C22657865637574696F6E6C697374656E657273223A22222C2264656661756C74666C6F77223A2266616C7365227D2C227374656E63696C223A7B226964223A2253657175656E6365466C6F77227D2C226368696C64536861706573223A5B5D2C226F7574676F696E67223A5B7B227265736F757263654964223A227369642D45423135313431332D454142452D344538452D424436342D313430384642393041303643227D5D2C22626F756E6473223A7B226C6F7765725269676874223A7B2278223A3539392E352C2279223A3430392E383030303033303531373537387D2C2275707065724C656674223A7B2278223A3239302C2279223A3235372E363130353437343832393637347D7D2C22646F636B657273223A5B7B2278223A35392E352C2279223A33382E357D2C7B2278223A3539392E352C2279223A3430392E383030303033303531373537387D2C7B2278223A3239302C2279223A3430392E383030303033303531373537387D2C7B2278223A35302C2279223A34307D5D2C22746172676574223A7B227265736F757263654964223A227369642D45423135313431332D454142452D344538452D424436342D313430384642393041303643227D7D2C7B227265736F757263654964223A227369642D37423041324334382D303042342D343941452D424430322D323031443442334442383732222C2270726F70657274696573223A7B226F766572726964656964223A22666C6F7734222C226E616D65223A22E5908CE6848F222C22646F63756D656E746174696F6E223A22222C22636F6E646974696F6E73657175656E6365666C6F77223A22247B6F7574636F6D653D3D27E5908CE6848F277D222C22657865637574696F6E6C697374656E657273223A22222C2264656661756C74666C6F77223A2266616C7365227D2C227374656E63696C223A7B226964223A2253657175656E6365466C6F77227D2C226368696C64536861706573223A5B5D2C226F7574676F696E67223A5B7B227265736F757263654964223A227369642D34424642343031452D433934322D343938372D424232362D304633423438434643314642227D5D2C22626F756E6473223A7B226C6F7765725269676874223A7B2278223A3739352E383332303235363437313633342C2279223A3232307D2C2275707065724C656674223A7B2278223A3635392E353932313836303933333330342C2279223A3231382E357D7D2C22646F636B657273223A5B7B2278223A35392E352C2279223A33382E357D2C7B2278223A3732372E363939393936393438323432322C2279223A3231382E357D2C7B2278223A3732372E363939393936393438323432322C2279223A3232307D2C7B2278223A31342C2279223A31347D5D2C22746172676574223A7B227265736F757263654964223A227369642D34424642343031452D433934322D343938372D424232362D304633423438434643314642227D7D5D2C22626F756E6473223A7B226C6F7765725269676874223A7B2278223A313230302C2279223A313035307D2C2275707065724C656674223A7B2278223A302C2279223A307D7D2C227374656E63696C736574223A7B2275726C223A227374656E63696C736574732F62706D6E322E302F62706D6E322E302E6A736F6E222C226E616D657370616365223A22687474703A2F2F62336D6E2E6F72672F7374656E63696C7365742F62706D6E322E3023227D2C227373657874656E73696F6E73223A5B5D7D, null);
INSERT INTO ACT_GE_BYTEARRAY VALUES ('40003', '9', 'source-extra', null, 0x89504E470D0A1A0A0000000D494844520000036A000001CC0806000000A4F15BD1000000206348524D00007A26000080840000FA00000080E8000075300000EA6000003A98000017709CBA513C0000000467414D410000B18E7CFB5193000000017352474200AECE1CE900000006624B474400FF00FF00FFA0BDA793000000097048597300000EC400000EC401952B0E1B000020004944415478DAEDDD09985C559500E0D7D93A0B4B5893B0135922209B202A280CB20D83808AA63128DB200AC2A08888A204D051104645184060D82789C43102B2C96050185176080801430890050259493A5BF7DC53FD2A543ADD9D0EE9ADAAFFFFFBCE57DBEB4EE7D6AD57E7BC7BDF7D590600000000000000000000000000000000000000000000000000000000000000000000000000000000000000000000000000000000000000000000000000000000000000000000000000000000000000000000000000000000000000000000000000000000000000000000000000000000000000000000000000000000000000000000000000000000000000000000000000000000000000000000000000000000000000000000000000000000000000000000000000000000000000000000000000000000000000000000000000000000000000000000000000000000000000000000000000000000000000000000000000000000000000000000000000000000000000000000000000000000000000000000000000000000000000000000000000000000000000000000000000000000000000000000000000000000000000000000000000000000000000000000000000000000000000000000000000000000000000000000000000000000000000004087A9D2044067AAA9A9D92ADD1CA7250080E486D1A3474FD60C59D64B13009D2C8AB4F3340300901BA909146A40D772BE2600806EC9415B851AD0558BB4D1A3478FD40C00D0FDD4D4D428D61AE9A109000000146A00000028D4000000146A00000028D4000000146A00000028D4000000146A00000028D4000000146A00000028D400000050A801000028D400000050A801000028D400000050A801000028D400000050A801000028D400000050A8010000A05003000050A8010000A05003000050A8010000A05003000050A8010000A05003000050A8010000A05003000040A1060000A05003000040A1060000A05003000040A106741DFBA618D2E8B9BD537C4CD3000028D480CED1BBE4FEC4145F4DF1708A199A060040A106748E87F2DBAB534C48F1748ABE8D622DCD0400D07ABD3401D046BE93E2E7292EC9563C08D43B7FBC4F8A059A090040A106B4BF1D534C4D312BDFA7EC9D3F3F34C524CD0300B0FA4C7D04D6C49D293648312E7FDC2F33CD1100608D195103D6C46159C3396867A4B83C45FF14FF9B62408ABA14A352FC5833010028D4808E3739C57FA4B838C5D159C334C898FA382F2FDC3EA58900005ACFD447A0AD14CF479B55F2DC5B799176BEE6010050A8011D6BDDFCF6A892E70E2FB97FAB26020050A8011DA736C50B4D3C7F59C9FD899A090040A10674BEBA92FB9B6A0E0000851AD0B1C6660D2B3E36E59F52FC4C130100B49E551F81B6F08D148FA4E893354C85FC628AE7B3866BACFD3AC5469A080040A106748C18952F4E71DC3DC5D27CBFB2678AD959C3F2FC8A340000851AD081EE4AB17D8A67539C94176E23521C90628FACE19A6A7BA5F8ABA6020050A8011DE390FC76AD141F4D716C8A93535C923F7F618AEFA778345B71711100005A603111A02DC46221F7A7B828C5C7536C9362CBAC61DA63146B6769220000851AD071FAA6F8617E7F468A37F37D4B5C047BFFFCB9DF6746F001005A4DE204AC6991F6628A834B9E9B94627E7EFF9914C352BC91352C34020080420D68671FCA1AA638464CC8F7297579511671428A312966692A0000851AD0311E2DB9BF5313AF6F9EE28214A7A658A0B900005AC7396A405B78B599E75F4B717C8A4D34110080420DE85A5ED60400000A35000000851A0000000A35000000851A0000000A35000000851A0000000A35000000146A0000005D572F4D0095E7BEFBEEDBB5BABAFAC4AAAAAA83172F5EBC757D7D7D97FDACCF9F3F3F9B387162B6DD76DB9D77E289279ED7859BB5AE478F1ECFD5D5D5DD9BEEFFE6C0030F7C44BFAAF71DA25F01D04EAA3401548E7BEFBD7758FFFEFD6F4B09F47643860CE9B3EEBAEB666BAFBD769612418DB3A6D9745D5DA1A89C356BD6CCA953A72E4922B9FEC6C1071F3C41BF42BF02583335353523D34D1CB03D7FF4E8D123B588420D2AC6934F3EF9AF73E6CCF9CF2DB6D8A2F7269B6C925555F978B7A729C9ABAFBEDA3FDD3DFE80030EB853BF42BF5A7DA9F8EFFBCA2BAF7C3D15ABC72C58B060FB77DF7DB76F14AF74A144B1AAAABEBABAFAED3E7DFAFC6DC9922597ECB3CF3E7FD42A28D4146AC06A24D329D1B96AD8B0613DD759671D0DD241529BCF7BFAE9A7E7A7C4F22B959854EB57FA557B4A05DA5767CE9C79696D6D6DFFC1830767466ABBA6E2A8EFDCB973B3E9D3A72F5EB66CD9DF172E5C788C515F146AEDAFA72680F2F6C4134F7C2C7D81FE76871D76683699AE9DFB463677FA33D982D9930B8F7BF71DA8E1DA409F3E7DAAD75F7FFDA5D3A64D3BEC98638EB9E7965B6E7953BF42BF5AB52953A68C9B3C79F29943860CE93D6CD8B06CE0C08159DFBE7D8DD87641F19E54575767B11FD864934D7AA6427AF0BC79F38E3FF6D86327DC78E38D2F6A21DACA4E3BEDB45FBA897870C28409E3B588551FA1ECD5D6D68EDE628B2D7A34954CD7D7D765D3FF3E2E7BF5D1ABB3375FBA277BEBE5FBB2298F5D934D7B6E6C565FB754E3B581B5D65A6BBDCD36DBECE594BCFC4CBFD2AFF4ABD61569298ED871C71DB34D37DD54715666620AF42EBBECD22FF5CD9BEFBFFFFEC3B40828D480264C9830E1A865CB966D1E5F9C4D99FDDA23D9EC371E2B24D6A5E64C7B2A7B67CAFF69C0363274E8D08FF7ECD973AB3FFCE10F1FD5AFF42BFDAA7931DD71D2A449476CBFFDF65953070116CD9F91BDFED4CDD9C43F5E90BDF8C0C86CCA13D717466EE95A060C1890EDBCF3CE6BA722FBE67BEFBD77272D020A35A091C58B177F6DF0E0C155CD1D919EF7E673CDFE6C4BAFB1FA36DC70C357D2CDE7F42BFD4ABF6A5A2C1C12E7A46DB1C516CD1669AF3DF15FD9FC992F6675CB1617466717BCF38F6CCAE3D729D6BA68B1B6D5565BD5F5ECD9F332AD010A35A07162B368D187E304FCE62CA99DD3EC6BCB16BFAB01DBD0A0418336C81AE6D6EB57E8574D88D51D63E190E6466ADF79F5CFD9D226FA4F146D335F19AF3374419B6DB6D9FABD7AF5DAB692467D41A106B489050B16AC1BABA4D1F9D659679D1DD2CDAEFA15FA55D36209FE58DDB1B991DA852D8C9AC5681B5DD3C61B6F3C3DAB90515F50A8016D26964DB6947517D999F6E8D137DDF4D2AFD0AF9A3D00B07D4B23B5F5CB9634FFC3F5AEADD6556DB8E1869B661532EA0B5D4D2F4D00159CE4F5AA6EF6B5AA9EBD3510FA151D262E666DA4B6F2A4F77448BAD9484B80420D580D7DD7D9B4D92943FDD6D95403A15FD1618CD456A6FC3D954FB25A860F1FFE9DAAAAAA1F37F3F279353535E7357AAE5B5E04DB1E132AD8A0ED0FCBFAAFFF81959EEFBFDED6D9A061876B20F42BBA8CDEFDD66BF6B55ED546E2A0C20AFCA75667FB54D4BDDC2DDB4957810AFE80F7EC93F5EEBB6E930951BC06FA155DC5FA5B7C3CEBD567C04ACFF7ECDD2F5B7FCB7D3410549051A346DD936E66B566DBFAFAFAD9D5D5D563156A40455930EB956CC13B93567A7EFECC8985D740BFA2AB586BA30F660336DCBEC9E7D7DE78470D0415261560BF69E5A6E36FB8E1865A851A50213BBFBA6CFA0B77142E14BBA476F64AAF2F5B3CBFF0DAF4BF8F2B5CA308F42BBA82654B16AEF4DCD245F3340C5466A1366615AFD7E777AFEBAE6DE4E44FA83031A231EDF9DF664B16BEB3CA6D67BFF158611464939D3E5F38BF08F42B3AC3E277DFCAA6BF707B9323B2EFBEFD5236E5B16BB2C11F3C32EB33C0E2825029FAF7EFFF506D6DED5B5933AB8656355C74717EBF7EFD1EEAAE6D64440D2AC8B4E7FF277BED89EB5B954C172D5D34B7300A32EDB9B11A10FD8A0E3767EA13A9AF5CDBE2B4D905B35FCD26FFEDCA6CD694FF2B8CEC02E52F9FCEF8FB556C36366D375BA1065444C2F37E939839D39ED280E857749818457BEDC91B0B0702962E7E7795DBC774DA1913EF2A1C34A89D374D034265B8B1A9274BA63DFEBE3B378EA98F5041361CBABF4640BFA22CC408D9FB39973146DE5E7DF4EA6CFBFD476A442873D3A74F7F68D0A041F3AAAAAA56B8064771DA63DFBE7DEF54A801126AD0AFE8406BB2E04C7DDD520D081560FCF8F14B6B6A6A6254EDEB4DBC7C4F775DED51A106D0794E8C2FA0146FA4D82645E9853C3F9CE2F1167EF6F41437A498AB1929B1698AB753B494D4EC9AA2B9B9A89F4F1127EC77D89CC26107FCD0BBA68F76E93E4AC7A8AFAFBFB7AAAAAAA9426D4C776F1B851A40C7FB68F6DE72C3315CB57349F21285D8212DFCECF329BE9BE23BF9E3B8C2F46E29FEAA59BBB55D527C32C59F9A79BD6F9EE81E5DF2DC2752AC9DE702DBE5F1748A4FA7B82DC5FD9A157D94F63663C68C7B060D1A343D156B834B8AB7D9FDFAF5EBF6EFAF420DA0E36C94272B7164F9C814BD532C6BB4CDAC46FBE8CF650D236C4BF2ED5F4A3139C596F9369BA5D831DFC67CB0EEEDC91477357A6EADFCC0C09FF28302A5FE9CDFFE478A6FE7F7E300C2B125FD4F9F421FA55DE5D31F6396C971C5E752D1767F775EED51A15681468C18B1D9C08103BFDCAB57AF4FCF9B376FE8E2C58B072E5DBAB44F8F1E3D96F4E9D367767D7DFDE38B162DFADF9E3D7B8EBEF5D65B5FD762D0E1E27A313175E7E89264E54B29EE4B313F7F3CBC64FB48408A533F62A4AD5F8A8BF2C771A4F94329FE2BC5C39A96DCBE59C308C4AA96E93C3C6B1899C8F2BEB8458A1D52FC343F08B06D8A834A9263D047694F37362AD46ED5240AB58A70DA69A78DE8DDBBF7F94B962CD97CC71D77ECB5EBAEBBF6D87CF3CDB3F5D75F3FEBDBB76F565B5BDB3B156E1BBDF6DA6B873CFEF8E31F79F4D147CF39E69863FEBE6CD9B2AB468D1A758B16840E559B272851840DCD1A46C90ECADE9BFAD8D4D1E1CFE7B797367A3E8E403F98E20B295ED5B4E4FDE1632926E68FE39CC7E79AD8EEF6147BE5C96FAC8D3F2CEF975BE43FF3ABCCB432F4513A48CA571F49F9EAF2C7D5D5D5F76815855A59FBCA57BEF281010306FCBE478F1E1FF8E217BFD86B975D76C97AF6ECD954E72FC4461B6D94EDBEFBEEEB9F74D249D9934F3EB9EBB5D75EFBE3A38F3EFA6B4B972E3DF6B6DB6E7B598B42C77C1FA5D83CC588143352CCCB565C182446D02ECE1A8E1AC708DC6753BC98359C8F7168F6DE48DC25298ECA1A8E26AFA750A3449C947F727E7FA714CF36B3DD90AC61EAED9F9A3830304333A28FD2516275C79A9A9A7FA4BB1F88C23C156DCFA6C771CE5A4C8D8D0A6E7A7D7DFD535555550F77A799610AB532F5FDEF7FFF9BD3A74FFFC9FEFBEFDFFB9FFFF99F9B2CD05AB2DB6EBB0DB8E28A2B068C1B372E1B3B76EC5F52C1F60DA36BD0EE2221B92045AC4B7E738A4129F6CC93902B537C2DDF6E7CF6DEC8DAFF94FCFC7A79A1174793E3DA32AFE501A5A2EF14A7D2D6E607039A1323BAD58D9EEB91479DA6441FA5BDA51C34CED93E3515625BE44F0DC81A56442E8AEFBDAD5291B655BA3D72D9B2653F4D45DCF8F4F8BA4ACF5D156A65E8AAABAE3A77C28409E79F75D6593DB6DD76DB35FA5D471E79E466BBEEBAEB829123475E923E287D5387BF560B43BB9990358C825D9D3F8EA5AA8FCB8BAE48380EC81ACEDD8845472E6FE2E77F97E2CCAC610AD0499A93666C92358CBE861D5AD86E41BEED5ED98A9785982109461FA5BDA5622B0AAF2B538176C8FBF8F1FDD2CFED977EC7C9A9703BBE52678629D4CACC4F7FFAD3F3529176DE0F7EF083AA98CAD816B6DA6AABFE175F7C71CF54F85D988AB55A236BD0AE4A138BC3B2867333FAE68FEF5AC5CF46D212A37293B296AF4544F716E73216CFEF78216B18C1EDD3C47653F2FE3431EF9771DED07959C3CA7CFF9A354CB77D5B73A28FD2D6860F1F5E53555575792AB636283E17B3C376DA69A76CAFBDF6CAB6D9669B6CE0C081D9DA6BAF9D2D58B0209B3D7B763679F2E4EC6F7FFB5BF6C4134F644B962C29FED83EE9E79E8C53792A317F55A8955791B6F3CB2FBFFC8333CF3CB3CD8AB4A28D37DEB87AE4C891BDCF3DF7DC4B53677F2C75F617B438B4DB7EB7477E7FB73CE988189AB57C8438AEB5F6C514DFCB1A8E408F4B11AB62DDA168A391D293F067660D23B46B37CE93522C4A31274F745FCEDEBBF0FA7E297E9B62748A033527FA286D5CA41D968AB49B5391D6AB58A0C5693C071D7450D6547EDBBF7FFF426CB2C926D9C73FFEF142D1F6FBDFFF3EBBFBEEBBB365CB0A57B8592BFDAE9B2B71669842AD8CBCFDF6DBF71C76D8616B3CDDB1395B6FBDF506871F7EF853E3C68DBB266B58FA1B687BB1E4F406F9EDCFF3E7CECF1AAE0B1485D76679E1755C8A69F96771933C41295EE43A46D4C6A7F872D6700E5BBC1E178075BE5AF715A3B2EF36F17C2C54B37D8AD8AF974E978D6CE83FF30300E7640DD7E60BB148435CCB6F46DEBF401FA52D8BB41849BBB9588344F175C6196764B15A796BC548DB881123B24F7EF293D92F7FF9CBECB5D71ABEFA52B1764DA5CD0C53A895894B2FBDF45BD3A64D1B7CF0C107B7F70768D77BEEB9E7A5D4D18F310512DAC5FFE4D1F842AD37E6D1781FFD6033BF677E9EC4FCA726255B71D199C61E4DB16BA3E78AE7403E954753A66956F451DA4A7E4EDA2F8BF5C7F6DB6F9F9D79E69985E98DEF47147723478ECC7EFEF39F67CF3EFB6CB158BBB2926686F5D06DCAC3ECD9B3BF973A5E55EFDEBDDBFDDF3AE59453523FAF3F59AB77C84EEBDC58ED68BFFDF673D0A4FB59DA46DBE857D85F015D5E5555558C9A6E18F763246D4D8AB4A29812D968442EA6415E53296D66675B06EEBBEFBE4FDD71C71D03E33A691D61CF3DF7DCAE4F9F3EFDE2C8C7E8D1A3277B07DAD5856987920D1A3468766AEF3BD34EECD6A54B973E74DB6DB7CDD734E85774F77E75EDB5D7665FFEF297B3F49DD4E2367BEFBD77F6C10F7E307BFAE9A7B3E277E5942953B22DB6D8A2C5DF5F5757978D1A356A85E7860F1F9EF5EAD5747A74C9259764C71E7B6CD6DAF3C45BB3FDAC59B3B23FFFF9CFD9E1871FDEAADF99DA3CFBED6F7F9B7DFEF39FCFE202C1F1B8D4CD37DF1C4575B6DE7AEB151EFFFDEF7FCFDE7CF3CD952EE3F3D24B2F15CE0B1A3C78F0F2E7E2F7FDE637BF792F494CED10ED016B2A0EF2A4FD47AC6C5CE88B515CAD6991565AAC9D76DA69D939E79C533C676D9F4A99196644AD0C4C9A34E9EBCD5DCCBABDA42FBC28D08ED2FA1D23253C03D3CD31692776777A9F27A72FD9EBD34EE690E38E3BAE6F57FA3BAFBFFEFA6CEAD4A985FBFFF8C73F56782D56616AC915575C91CD9D3BB7D5FFD6238F3C92C575FE9A337DFAF46CFEFC95F3C3B3CF3E5B876ABA5FBDD2D6FD2A12E4C58B17AF729B48144324D1459144AF4A24D1B7DE7AEB0AD138296D9C14BFF5D65B2DFECE488A6FBFFDF656FF1FE3DF4B85C8F22436FA5C695C79E59585DF5914FFD7071F7C307BE8A1875688F8EC449F2D15BFAFF4FF3666CC986EBFBF7AFDF515AF613B60C080ECB1C71E6B719B98F2543C9AFE8D6F7C63799F8C022FFAD0AADEDF134E386179BCF1C61BCD1669C5FEBC3A8B79B566FBD1A347673D7AF428AC6C177DED820B2EC8EEB9E79E42ECBFFFFE717EFA0ADB4721152BDF85F87B63BFFAA73FFD29FBF18F7F5C78EE4B5FFAD20A09F033CF3C93CD9B372FFBC8473EB242C43EB6715ED1B76FDFC2F6C5F638F5D453ED4829688311F5E59D290E10ACCE3969AD11BFEFB0C30E5BFEB852668619512B0329F1F8E8810776ECA2467BEFBDF7C09454ED1BB98F77A0C3C54213C7A59DCC7129919B9F768E635362F4BB69D3A6DD397EFCF8A59DF987457270FCF1C717EEFFF18F7F2C2448F1C51E2EBFFCF2ECCE3BEF6CA9F8CF2EBAE8A2EC473FFA51E17124534F3DF5542161684AACEA54B2FCEE4A36DC70C3B80E60E1DF8C44B858B43DFEF8E385042712B0871F7E7879F24261BAC91AF5AB489037DB6CB39592E85885ABB96DA28FC4D1FD62121DEF4D8C8E4412FDC0030F1412D45525D145175E78E12A93E86F7DEB5BAB4C8AE30B3D92E258352C0AAB621FBCF8E28B0B89F2061B6CB042521CFFC718BD88A4B85FBF7E857E1B7D2B8EDE46525CFC0C1493E2689758BDAC548C72942611A549719C5F1122B92EC3D18B36DD5FC5FBB3C30E3B2CEF173112B4EEBAEB16FA4D882238DE9F789FA37F144794E2C05114349B6EBAE9F2D1B7789F5BEA5F8DC592E0DFFEF6B75BDC66754F3F58D5F6F1B74F9A3429FBDAD7BE5638D815FD2CFAE121871C5218F14A49F10AFD31445BFCE0073F281C94FAFEF7BF9FA5B62E14A43142B1D65A6B15FAEB1E7BECB17CFB688309132614461D4AC5CF455F8D030DC5D1B7E2E7EC77BFFB5DF6CA2BAFD86B52AA38A2BE30EDA7EE4BFDEAAAD68EA88F183162B365CB96ED17F78B2B3CB687F8DCDC75D75DC5DC619F4A9819A6502B03E98B6A832DB7DCB243FFCD6DB7DD36F6DAEB69FD4EB75631091A3C78F0CCA38F3EFAFEF4F8C6EAEAEAF137DC7043872DC91EA314917047A21AA311B1136C7C24B6F48BBE383567F7DD772F242AB17D5C1325FA7171242512FAE79F7FBEB04D31F98E2942E9FF58B81FC9C6C2850B971F19FED9CF7E56487637DE78E3869D57FA9928D4422425C56439462662671DC55B241CB45DBF2AF7245A525C1EFBAB430F3D7485C23FFACA873EF4A1C2E3587C60EBADB72EDC8FFE3563C68CC2FB116D1ACFC7C865B471695FF8EC673F9B5D77DD752BB47B537EF8C31FAEF67F3846494BA70EAEEEF6B14FFBCE77BE53F89BE3DFBFE69A6B0AFFA770D5555765DFFDEE7757F8F9D8AF453F8DFF6B1CC0FDDEF7BE57E83BA79C724AE120557307CDE2DA54FBECB3CF4A9F87E8AF8F3EFAE80A0716E2331A9F61A36934A5AAAAAA5FBA39227DCE8F4879C0BBA918BA3B3D775D4B9FF3D4D78E4CDB14BEE86386D8FAEBAFDF2E7F5BAC061939C55FFFFAD7E2533133ACAC071C146A6560EEDCB9BDA2F375A49458AF9F3E847DD20770A477A0CBD830BD273134511309CAF0E1C35F5ED534AFB612537762D424A66645525B2C880E38E08042B21A8AD3C38A455424C121A63C46C1551CE988442312D9E38E3B6E859198100957F1F78798AE53FAEF158BB4A2E2484D88918F488423212E160E3367CE5CAD246A4DC4BF15C97F197E6656AB5F9573125D8E497177E95745D116FFFEEFFF5E48B6428C78C6E8791C248A8BDDC634BF62C11EFB9E8868C348FC629BE2F95EC5839BF1BBE27D5D55FF8A7D472CF5DD8AEFC6E5FB973973E61446567FF2939FAC5498B766FB38D071C71D7764EBACB34E617439FA601C2888830671402BFE3F71C02BA69BC7C18268C7E87F71302B0E6ADD78E38D85FF77EC63633F79D2492715FA74E9BEB87800230E2834FE1B633F1DDBBEFAEAAB2B8D007FE10B5F6875A156C67DB4BDDDD00DCEF31F10C550FAAC1F95FAE7E2D4076E8F73571B8FA8A7E7F62DDE6F6E164D5B89DF5F52A895FDCC30855A1958B4685155E9D49A8E903A79FFF4C18ABBE77907BAEC51AD6D622AE2E73EF7B90EF9F7A20F46A2195FEE912C440272FFFDF72F1FC96A6A4A5AF1A4F4187D28F5894F7CA250E4FDF77FFFF70A27FB47E2524C6A1A8FA8959EDF1323342FBEF86276DE79E715129D3FFCE10FCBCF03295D7427A65A9E7BEEB92B8D92B487480E9F7CF2C9B2FFCCB4D4AFCA39892ED7A4B83BF4ABC6E2F35D2C9AE3C04BF1805014CED17EA5E27D8DED635F72CC31C714FA5271518EF8D9ABAFBEBAD922AA548CD8B646BCBFA50793563555B5A5EDE3C0D3D8B1630BFBC998421B8FE3C046FCDD31C536FE4FC5FE563C7015DB85583C25A6EF163F8BA1B9F34563E641F4BFD2737A63DF1DD3D1E3404BE9C197A2F89C54575777AB7D5F3BE94EC56B9F62D13678F0E077D3BE332E2DF3CB18694BFBD3E5975E183A7468BBFE115B6DB555E9C35DCBBD51156A652075F2FAD4C93BB4584B5F5A0BD217489FF4E5FA23EF40BB7ADF5F6CE9BD99B4C71E7B0CEDA83F3412D7B8A864AC903668D0A04201155FE645318216E7EC7CF39BDF2C144DB110C876DB6D5748CC22792E261B31A21153E822498FC4BDB4508B44A5A511B5A20F7CE0038588BF25464C227989C43B76D0C5F339E3DC9F48B8575504B495283E23894C09CBF995DCAFCA35892ED7A4B8BBF4AB5231FA582CB863F43DFA4D7CFFC5FD2143862CDF2EFA5CF4A178FD8B5FFCE24A7D29B66D4DFF0AC545923A5A14F5D16F77DE79E7C28220B1EF8C8300314A1BE70347711BABD985782D46B1E33315FD34A6E2969EBFDED4C1B2623F8C91E15231ED3C467DDF79E79DC20583E35A54A5A27F2F5AB4A8C5D536BB681FED4ADFEBE795CEFAE86606A4822D76768746EE90D4175F68EF19628D7EFF860A35DA5DFA125F3A7BF6ECDE1D35852B4F78DE8911B594508FF40EB49FB4136F75E293767A73D27BF28798569092BA7B622EF809279C50DF117FE773CF3D979D7FFEF9852FED1123461412F04830E28B3E9288F8A20F31EA514C168AE78F8528C862671DD36322518DC5264A179C680B31D5A174E18998A6D951455AE1DB60C30D0B89FCD9679F3DB292FB553927D1E5981477977EB5426292DAB65830971E0C88283D18106D1AF16FFFF66F2DFEBE9872B9AA95175F78E1859516C2696F71A0E0E4934F2EEC13A3588F7E13AB88C6FF371644887ED9787A785C7B2AFEC6E241AE68A718A98D3E1423CFC5DF5BDAF7860D1B96DD7BEFBD85DF1F072542DCC6F9A531ADF7C31FFEF04A7F5B9C37598EFBBE2EF2BDBE42B1A6451A8ED514EFB4D592FCCD69F4BDD2B7DC1B4EA1560636DE78E3B7D397D3E08E2CD45E7AE9A5586FFA55ADDFE922F38BAC784CFA62BD3F253BB33BE38FD871C71D0BA360C5E9593105ECA69B6E2A2418311D32A692C508449CAB100B3534F6E94F7FBAB0B25D4C578C44A439A5E797359EFA18C56173C94E2C7412FF7E71C9EA627148DBF7AB724DA22B2529EE0EFBAB187D6CEA60404C458DF3205725F6153115B728CE0B6C6A24B3B11851EDC8556263DF994F192CECBBE280584CC38DFF637CCEF6DC73CFC23EB571511FFD36F6C1C5CF564C498E91E218D98A030BBFF8C52F966F5F3C1F286637C40C83E2FE374670A30F17CF316EAC78F08DF7E5860AFD7FB5B6E88C9DE20A2B45555555D5D5D7D7179E8BEFEAF62CD662F64389DA726F74855A194849CC23E9CBEAC8D64EFF690B0F3FFC707CC13EA8F53BC5BB29E2C497DFA7E4E4CE8E5CDD715549455124B6B1FA5F3EA56185E9664D89235C918444A2DAD214DE28FE22392E2A9DFAD8F8BC9E4243BDFB6E610A654CA78C919ED2E9662D5D6FAB1B176763D7B45F956B122D292E9FFD55E925164A0F0634160574EC038AFBA1289AE3D209F1FEC401A3D87F8428F26334BF74EA6A53E2BD8CA9DAA5AB78AEF24395F639D12F63C6414B978E686AFBF82CC448EDB6DB6E5B18758ECB459C79E69985F37163919AD496D951471D955D76D965CB0F52C467EDC4134F2C4C21FEA77FFAA7C2018438D73252FAB832000013E949444154A67AC7EF8D5579E360421C182B3D3737CEDD3DF8E0830BE795C639A28DAFE9572ACEC72C598C81D5942F2032B2D2FE5F2D8DA8A7226C592AC68A4B41F7488F67A7C7F71747D4D367F4D9F4FC36F1625C7AA73D0BB5F8FD25662AD4687743870EBDFC8E3BEE3832AEB6DE5117BD4E3BF3ADF2A48E0E10D384D2CD1F5332595CCA7A7657FB1BA3F0298E1E4432148968AC9C17CB9DC7F3CD2DB51EA35D311A1717718D2421128F58A0E15FFEE55F562ADA4A8BB4960AC5A218A18B842412A4484A4A0BC6C68B3C74D37E15FD687C5BF6AB724DA225C5E5B9BF8A056262A197A60E02C4418258C822168429F6C15840A858F87FF5AB5F2DAC341A85727317D78DFDCA11471CB1C2C1A2E88BF17CF4E1786F4AA7A4463F8C1904A53EF5A94F158AFCF8775667FBD8DFC5F99E71BE6D9CC7F899CF7CA6F05988CF4D5C8E24445F8CBE79FAE9A72F3F27386E63FF1B0BE6C4CF15FB7988BE1AFBC378BEF14227311D3DB68D3E3E7EFCF8C2EF682C16048AD78A6D521C158626C489BA85CE9E1769CD8EA8A722EFA962A11639435B5FECBA54E981C04857146AB4BB830E3AE87F538231FBE9A79F1EB8AA64A62D3CFAE8A313172F5EFC66375856B62BF87EDAC14D4E09E1D8AE3272D69C981A16D7C28ADBE2793CB1A2622C791EABE2453215894A2CB51ED374E31CA548E42309295EE43A46D4E23CB65B6EB9A5B0D25DBC1E2BED3535A52D12FBD26965CDF4D595CE738A843C92A38EBA744177EE57E594444B8ACB737F1597F16869418B780F8A0BD484D2D1D9558DF41792A0F4FEFDFAD7BF6EF2B5E8C3ADF91DA55677FBE88F210E7834BE3C4988FEDED4F7FEFEFBEF5FD8BE78698C52D106CDED3BE3B3183310229A12FD3D3E97D00A7DB256CED4A8AFAF7F30ED3BE29A6685190DFBEEBB6FBBFD51A5A740641530334CA15626060E1CF8A351A3465DBCCB2EBB54B5F7A8DA95575E59973E50576BF5F6978AE11F96CBDF1A8967448CAC954EF18995F18AABE315C536CD2DA71E894224E9112D89C465552B8E951669B1704588D5FC8A85A17E2589961497F7FEAA35AB0E568AD5B900FCAAB65FDDDF05ADF57E666AA47DF9B865CB96C511B15E4F3FFD746161A5F6B8E8754C7B8C037025CA7E66984F729938F3CC332F491F8A37EFBEFBEE76FD77C68C19F3D4C2850B674E9B366DB456A7B9E4B92DB669EB04AD2DFE4DBA4F122D2906582D31A2FEA57EFDFA0D49B9E267468D1A35AEB5D39E6FBDF5D6D7D3CF8E8FFB711A4F7BE5B271FE74CCF4C83D540933C364366564A38D363AE8CE3BEF7C72FBEDB7EF11E759B4B5575E79E5EDDB6FBF7D93B8827CE915E50100E8BEDA6044FD8A1407C49D28D462D64D5B9EAB16D7798D53338A2A656698C38065E4ACB3CE7A669B6DB6B9E0B2CB2EAB6FEBF36FDE7CF3CD4523478E5C525F5F7FE6A851A35ED0DA0000B48518814B37E3E37E8CAAC5224CC545A5D6542CC91FABE7C6EFCD3D542933C3146AE557AC9DBFE5965B5E72C10517D4C549FA6D61F2E4C90BBEFDED6FCF59B468D12FD207E916AD0C00401B3B3ECB97CC9F3A756A76E9A597AE71B116455A147D31A2969B5F55557552A5CC0C53A89567B1F6EDF5D65BEFAC8B2EBA68690CF3961C41586DE3C68D7BFDDC73CF5D908AB4B3C78C19F313AD0B00405B8B73C6EAEBEB63D9E842111597D8193972646991B55AE2E7E2E7E3324045A948FB5A25CD0C53A895A90B2FBCF03F7AF6EC39EC81071E78F9ECB3CF5E16ABE8AC8EB4FDFCD34E3BEDB5DB6EBBEDB5BABABA4FA40FCF0D5A150080F63266CC9898927852B1588B91B573CE3927161C697CB1EA66C576717DD6F8B9D2222F1581E754DACC308B8994B15FFDEA57FF4837DB9E7AEAA9C7DE74D34D3FA8ADADDD7CF7DD77EF1D175B8DEB010D1C38B070C1D6B8E06C0C2DC787E189279E98FD97BFFCA52E3DF7F292254BAE9C3E7DFA2D160E0100A023C4E0C0F0E1C3E39A6B575655550D8C996131432C1619891CF6231FF9483674E8D0421EBBF6DA6B17A63746711617B37EFCF1C70B4BF0476E5B22AEE7765A2A026FA8B4B652A855802BAEB8E2C67473E3881123364B9DF7F8679F7DF6D0B973E76EBB68D1A275EBEAEA7AF5E8D16349AF5EBDE6A60FC313E9B9FBD2B6635DCC1A0080CE10236B3535358FA4DCF49AFAFAFAC26A9051B04511D6E85A68ABF2509C9356A90BE129D42A485CA722DD5C980700007449F9A0C181A9603B2A155B27A7826DBFD5A84D1E4A715DA5CF0C53A80100009D55B08D4D37636366585D5DDD51A960DB3B3DDE23C5E0147D53C43CC7582DF2A9140F66DD686698420D0000E854F9CCB09FE74166D547000000851A1D62BB147B377AEE8C14C34A1EEF953F0700009D61788A2D4B1EC76CBF8B5BF173F774873AC6D4C7F2F589146BA7D83FC5AC144F660DF3784F48F19F291A5FEA7D976CC5A1E4C3F3ED0000A0B3F2D931258F636190FEF9FD3E2916E7F9ED8E59C3796A45F1FCE6258FBF92E2923C2756A8D1E9FE9CDF6E90625A8AFB53AC95176E77956CB7698ADD526C96E2D0145BA51895FFCC1B290EC93BF55F352900001D64D714D7670D33C1B6CB9FABCB73D5C859F7CC1A0615DE4AF1785EC02DC8B77B37C5ABF9FD4129BE57890D64EA63E5EA93DF4631F6728AB812FCF8145B640D43CA2FE71F821EF9876498260300A083F2D418487836C529291E4D7167D630D83039BF3D3F2FD28AEEC873D7884D4AEEFFB2526B1A236AE569871443F3A30EBBE4C55774F8BE2547218E4831326B18398B0B09FE266B186DFBBFFC6717A578386B183A7E3B0F0000686F7DF362EB9C3C478D3C34CE578B537762D4ECC8ACE1149F9B4B7EE6CDECBD59635F2AB9FFA13C2756A8D1253C9F4788A1E238A132AEC85E3AF5B174FAE34679C1F6B11417A59891350C131F90BF1EC59EA98F00007484B929FE2BCF41E3749E1870B83B7FFEAE92FCB5D4C659C360447190E2F83CA7FD58A53692A98FE56FC7BC486B491C65D83BEFE073F3E26E5649413754330200D0816E49B14DD6B0C05D0C1E9D95BD379DF1B359C394C85297660D5324E3749D2959C3ACB0BBF2824DA14697B35E8AA9ADD82EE6F87E386B581D674FCD060040273B38C5E5D97B8306D3B2F70611EE4B31A9D1F60FA4F8618A6FE68F639B9FA45858A90D64EA63798BA5482F6AC57631743C206B98EFFBF5AC6198F8E359C3DC5FFD0000808EB4415E70C54CAF58D131562FFF4CF6DE69397D9BC865FF35C577B2F796E08F85467E95354C998C22EEDABCD853A8D1E99D3B2E58FD8B14B525CF473136B1898E1D73777F9C3F8E6B4CC410730C1D17A74C9AFA0800404789C543E2FA69CF943CF77A5EB085587761CF92BC7758492E1B16E7B731EAF62F59C3796BD32AAD91146AE5DBB9EF6AE2F91829BBACD17371B4E1F646CF357E7CB92605A03DF5E8D1A3BEAEAEAE2ADD6A8C0A92DED3B896D5A65A82F7E199468FAF2FB93F3FC51F4BF2DE3F37DAB6F4BCB45825F22F15B9DFD447A0AC139FF892D4105D235989D1EDA5FA15FA55D3FAF6EDFBE6BC79F3BCA91566D6AC5913D2CD535A828EDE3D768B3CCFFB0CE5AB7FFFFE73243E5DC3DCB9739FAF946445BFD2AFDA43EFDEBD1F9A33678E37B5C24C9F3E3DCE311AAF2540A10694A8AEAE7E5CE2D335CC9831E3ED4A4956F42BFDAA3DD4D6D65E3C6DDAB425F5F5F5DED8CA31F99D77DE8973837EA32940A10694E8D3A7CF95D3A74FAF97F874BE9933676E5D29C98A7EA55FB5874F7EF2937F4B7DEA99A953A77A632BC4840913FE90DED3A9071E78E0235A03146A40899D76DA696CCF9E3D5F93F874AE499326FDDFB265CB26574AB2A25FE957EDA5B6B6F698C993272F983B77AE37B8CCCD9E3DFB77EFBCF3CEA7EBEAEABEA13540A10634A16FDFBE3553A64CA993F8748EF9F3E7CF7AFDF5D7B7A9B46445BFD2AFDAC3C1071FFC42FA3F1DF1DC73CFCDD1B7CABB487BF6D9673F54555575527A4F276811681F3D350194B7ABAFBEFAF533CE3863C6D4A953FF79EDB5D7EE515D5DAD513A2E995EF0F4D34F47B6F995830E3AE821FD0AFD6AD56EBAE9A649C71C73CC633366CC383225FAEFAEB3CE3AFDD2AD37BE3C4C9E3061C26D93274FDE3FBD67A71C70C001776A1250A8012DB8EAAAAB1E3FFDF4D3A74E9932E5D01E494AAC33894FFB4A6D3DE585175EC8EAEBEB4FAAD46445BFD2AFDAB3581B3162C4B83973E6EC3275EAD4756A6B6B27A62E56555D5DBD56B9F7B199336766F7DE7B6FB6D1461BC50AAA65FF5EC575D2DE79E79D875F79E595C75F7CF1C50D162E5CD82B3D37A2120F224057E31B172A484A0E86A5C4606C4AF2B61D3264489F75D75D378BE4DA0566DB245989918EB866D0CC94582E499E4FCF9DD11DA6FDE857FA557BBAEFBEFB764DC5D9E7D2DDFD52EC91A26F39FF7F9E78E289ECC9279FCC76DB6DB76CF7DD77AF84B728AEE3179788189FE237160E01851AB086894F7575F58929F93978F1E2C55BA704BB5757FD5B5F7AE9A5EC91471EC9F6DA6BAF6CBBEDB6EBD239752A4C9E4B49F4BDDD355929A77E15C5CFC489130B7D6AADB5D6D2AFE83035353523D3CD7929CE1F3D7AF4482D0228D480724D6A16A59B3E2996A4A4A68F1641B28CBE0760D547A0131D77DC7103F3222DF4CE1F030028D43401D059162D5A745CE9E3DADADAAF6B150000851AD089EAEBEBBFD5E8A993B50A0080420DE8DC426D93464F6D72F4D1470FD2320080420DA013D4D4D49C5BB5F205937AD4D5D59DA5750080EEAE9726003AC988669EFF6C8A6F691EA0931C9FE22FABD866618A573515D09E8CA8011D6EBFFDF68B0BDA0E6BEAB5AAAAAAADACFE0874A237B2868B3C37175BA4E8AD9980F666440DE87043860C39A1BEBEBEB997AB162D5A7476BA3D474B756B4635E82C2FA798D444BEB434BF5FD7C4EB000A35A0FCA522EDBBAB78FD28855AB7F7464962DC94A19265DA59EC8386973C7E3AC5B19A0550A8011529A63DC66A8F2BAF23B242A1F681134F3C71CBEBAEBBCE6849F7655483CE3626C58F1D1800146A40B7B0F1C61B9F5ED552959615CE53AB9A3F7FFE09E9EE795AACDB33AA0180420DA0BDF5ECD9F3E416CE4F2B2DD6146A04A31A74965D53FCBAE4F1DF537C49B3000A35A022A5226D682BB7DB34A6498E1F3FBE56AB019DE0F614FF236702146A40C5FBC217BEF0EDD66E1BD31F070D1A7471BA7BBA96EBD68C6AD0D1764AD1BF85D787E6AF4FD05480420DA808A9F6DA7F35B7DF59AB757B4635E86813F3DBA6561DED51F23A80420DA80C63C68C39A4F173353535E3D3CDBE291E1C3D7AF47E5A899C510D3ACB0B9A00E80A7A680200BAA018B588118DDA266271C9EBD0198ED604407B33A2064057645483CECC8DE220C025291E48F17A8A674A5E8F83DCD7A518A5A980F664440D8072655483B6F6B1148FA488F363E7A5B82BC5A9295E49312CDF665CD6B0C80D80420D806EA738E32346350ECD13E7C6DF5FD76926DAD85F527C32C5EF529C9F3F77728AADF37EF8D7143FCD2C280228D400E8868C6AD099D64DF1D1460702A2AF7D38C5B1293EAD89808EE01C3500BA9AE2A8C67359C348463839BFFD668A1B537C2B33AA41FB3828EF6317A5D83C4575DED746E4AFDF9735AC3A3A495301EDC9881A005D91510D3ACB8DF9EDC4BC9F1D9AF7BB2D53F449717F8A333413D0DE8CA801D01519D5A033EC95E2EAFCFEC214D7A6989EE28D143BA6B825C56629F6D35480420D80EEA87454E394FCFBEAC91453524CCB1A46352E4B71BAA6A20DC5622147A47835EF736B670D175F8F0302B1B8C827F2030737A4F894E602146A0074274635E86CD7A7B834C59CAC61419B2CEF8771CAC8BA8A3440A1064077645483CE14FDEDDCAC61BAED7A29CE4AF1F51493531C96E2764D0428D400E8CE8C6AD01926347A5C3C2F72568A059A07E828567D04A02B2A8E6A44625C1CD588DBC959C3A8C6044D4427784B13001DC5881A005D91510D00BA35236A00941BA31A0028D400000050A801000028D400000050A8010000A05003000050A8010000A05003000050A8010000A05003000050A8010000A05003000050A8010000A05003000040A1060000A05003000040A1060000A05003000040A1060000A05003000040A1060000A05003000040A106000080420D000040A106000080420D000040A106000080420D000040A106000080420D0000A03BEAA509802E62DF9A9A9A919A8136729E260040A10620B9060050A80195A1AAAAEAA9FAFAFA7DD3DD07538CD722B4B11B3401000A3580D5948AB4D9F9DDF1A3478F1EA94500002C26020000A05003000040A1060000A05003000040A1060000A05003000040A1060000A05003000040A1060000A050D3040000000A35000000146A0000000A35000000146A0000000A35000000146A0000000A35000000146A0000000A35000000146A00000028D4000000146A00000028D4000000146A00000028D4000000146A00000028D4000000146A00000028D400000050A801000028D400000050A801000028D400000050A801000028D400000050A801000028D400000050A8010000A05003000050A8010000A05003000050A8010000A05003000050A8010000A05003000050A8010000A05003000040A1060000A05003000040A1060000A05003000040A1060000A05003000040A1060000A05003000040A106000080420D000040A106000080420D000040A106000080420D000040A106000080420D000040A106000080420D000000851A000080420D000000851A000080420D000000851A000080420D000000851A000080420D000000851A0000000A35000000851A0000000A35000000851A0000000A35000000851A0000000A35000000851A0000000A35000000146A0000005D4F2F4D007411E7D5D4D46805A0ECF7659A0050A801121C0000851A409BBB411300F66D0000000000000000000000000000000000000000000000000000000000000000000000000000000000000000000000000000000000000000000000000000000000000000000000000000000000000000000000000000000000000000000000000000000000000000000000000000000000000000000000000000000000000000000000000000000000000000000000000000000000000000000000000000000000000000000000EFD3FF03731B5E84FEB2CD440000000049454E44AE426082, null);

-- ----------------------------
-- Table structure for `ACT_GE_PROPERTY`
-- ----------------------------
DROP TABLE IF EXISTS `ACT_GE_PROPERTY`;
CREATE TABLE `ACT_GE_PROPERTY` (
  `NAME_` varchar(64) COLLATE utf8_bin NOT NULL,
  `VALUE_` varchar(300) COLLATE utf8_bin DEFAULT NULL,
  `REV_` int(11) DEFAULT NULL,
  PRIMARY KEY (`NAME_`)
) ENGINE=InnoDB DEFAULT CHARSET=utf8 COLLATE=utf8_bin;

-- ----------------------------
-- Records of ACT_GE_PROPERTY
-- ----------------------------
INSERT INTO ACT_GE_PROPERTY VALUES ('next.dbid', '147501', '60');
INSERT INTO ACT_GE_PROPERTY VALUES ('schema.history', 'create(5.22.0.0)', '1');
INSERT INTO ACT_GE_PROPERTY VALUES ('schema.version', '5.22.0.0', '1');

-- ----------------------------
-- Table structure for `ACT_HI_ACTINST`
-- ----------------------------
DROP TABLE IF EXISTS `ACT_HI_ACTINST`;
CREATE TABLE `ACT_HI_ACTINST` (
  `ID_` varchar(64) COLLATE utf8_bin NOT NULL,
  `PROC_DEF_ID_` varchar(64) COLLATE utf8_bin NOT NULL,
  `PROC_INST_ID_` varchar(64) COLLATE utf8_bin NOT NULL,
  `EXECUTION_ID_` varchar(64) COLLATE utf8_bin NOT NULL,
  `ACT_ID_` varchar(255) COLLATE utf8_bin NOT NULL,
  `TASK_ID_` varchar(64) COLLATE utf8_bin DEFAULT NULL,
  `CALL_PROC_INST_ID_` varchar(64) COLLATE utf8_bin DEFAULT NULL,
  `ACT_NAME_` varchar(255) COLLATE utf8_bin DEFAULT NULL,
  `ACT_TYPE_` varchar(255) COLLATE utf8_bin NOT NULL,
  `ASSIGNEE_` varchar(255) COLLATE utf8_bin DEFAULT NULL,
  `START_TIME_` datetime(3) NOT NULL,
  `END_TIME_` datetime(3) DEFAULT NULL,
  `DURATION_` bigint(20) DEFAULT NULL,
  `TENANT_ID_` varchar(255) COLLATE utf8_bin DEFAULT '',
  PRIMARY KEY (`ID_`),
  KEY `ACT_IDX_HI_ACT_INST_START` (`START_TIME_`),
  KEY `ACT_IDX_HI_ACT_INST_END` (`END_TIME_`),
  KEY `ACT_IDX_HI_ACT_INST_PROCINST` (`PROC_INST_ID_`,`ACT_ID_`),
  KEY `ACT_IDX_HI_ACT_INST_EXEC` (`EXECUTION_ID_`,`ACT_ID_`)
) ENGINE=InnoDB DEFAULT CHARSET=utf8 COLLATE=utf8_bin;

-- ----------------------------
-- Records of ACT_HI_ACTINST
-- ----------------------------
INSERT INTO ACT_HI_ACTINST VALUES ('125002', 'Leavebill:1:122538', '125001', '125001', 'startTask', null, null, '', 'startEvent', null, '2019-11-09 01:31:42.271', '2019-11-09 01:31:42.294', '23', '');
INSERT INTO ACT_HI_ACTINST VALUES ('125004', 'Leavebill:1:122538', '125001', '125001', 'usertask1', '125005', null, '', 'userTask', '', '2019-11-09 01:31:42.294', '2019-11-09 01:31:58.700', '16406', '');
INSERT INTO ACT_HI_ACTINST VALUES ('125009', 'Leavebill:1:122538', '125001', '125001', 'usertask2', '125010', null, '', 'userTask', '', '2019-11-09 01:31:58.700', '2019-11-09 01:32:32.512', '33812', '');
INSERT INTO ACT_HI_ACTINST VALUES ('125013', 'Leavebill:1:122538', '125001', '125001', 'usertask3', '125014', null, '', 'userTask', '', '2019-11-09 01:32:32.512', '2019-11-09 01:33:00.152', '27640', '');
INSERT INTO ACT_HI_ACTINST VALUES ('125017', 'Leavebill:1:122538', '125001', '125001', 'endTask', null, null, '', 'endEvent', null, '2019-11-09 01:33:00.152', '2019-11-09 01:33:00.152', '0', '');
INSERT INTO ACT_HI_ACTINST VALUES ('127502', 'Leavebill:1:122538', '127501', '127501', 'startTask', null, null, '', 'startEvent', null, '2019-11-09 12:31:36.185', '2019-11-09 12:31:36.212', '27', '');
INSERT INTO ACT_HI_ACTINST VALUES ('127504', 'Leavebill:1:122538', '127501', '127501', 'usertask1', '127505', null, '', 'userTask', '', '2019-11-09 12:31:36.213', '2019-11-09 13:04:14.876', '1958663', '');
INSERT INTO ACT_HI_ACTINST VALUES ('130003', 'Leavebill:1:122538', '127501', '127501', 'usertask2', '130004', null, '', 'userTask', '', '2019-11-09 13:04:14.877', '2019-11-09 13:15:14.727', '659850', '');
INSERT INTO ACT_HI_ACTINST VALUES ('132502', 'Leavebill:1:122538', '127501', '127501', 'usertask3', '132503', null, '', 'userTask', '', '2019-11-09 13:15:14.728', '2019-11-09 13:16:38.059', '83331', '');
INSERT INTO ACT_HI_ACTINST VALUES ('132506', 'Leavebill:1:122538', '127501', '127501', 'endTask', null, null, '', 'endEvent', null, '2019-11-09 13:16:38.059', '2019-11-09 13:16:38.059', '0', '');
INSERT INTO ACT_HI_ACTINST VALUES ('135002', 'Leavebill:1:122538', '135001', '135001', 'startTask', null, null, '', 'startEvent', null, '2019-11-09 14:08:12.669', '2019-11-09 14:08:12.697', '28', '');
INSERT INTO ACT_HI_ACTINST VALUES ('135004', 'Leavebill:1:122538', '135001', '135001', 'usertask1', '135005', null, '', 'userTask', '', '2019-11-09 14:08:12.699', '2019-11-09 14:08:39.429', '26730', '');
INSERT INTO ACT_HI_ACTINST VALUES ('135009', 'Leavebill:1:122538', '135001', '135001', 'usertask2', '135010', null, '', 'userTask', '', '2019-11-09 14:08:39.429', '2019-11-09 14:09:04.246', '24817', '');
INSERT INTO ACT_HI_ACTINST VALUES ('135013', 'Leavebill:1:122538', '135001', '135001', 'usertask1', '135014', null, '', 'userTask', '', '2019-11-09 14:09:04.246', null, null, '');
INSERT INTO ACT_HI_ACTINST VALUES ('137502', 'Leavebill:1:122538', '137501', '137501', 'startTask', null, null, '', 'startEvent', null, '2019-11-10 07:35:17.698', '2019-11-10 07:35:17.726', '28', '');
INSERT INTO ACT_HI_ACTINST VALUES ('137504', 'Leavebill:1:122538', '137501', '137501', 'usertask1', '137505', null, '', 'userTask', '', '2019-11-10 07:35:17.727', '2019-11-10 07:35:36.607', '18880', '');
INSERT INTO ACT_HI_ACTINST VALUES ('137509', 'Leavebill:1:122538', '137501', '137501', 'usertask2', '137510', null, '', 'userTask', '', '2019-11-10 07:35:36.607', '2019-11-10 07:35:58.921', '22314', '');
INSERT INTO ACT_HI_ACTINST VALUES ('137513', 'Leavebill:1:122538', '137501', '137501', 'usertask3', '137514', null, '', 'userTask', '', '2019-11-10 07:35:58.921', null, null, '');
INSERT INTO ACT_HI_ACTINST VALUES ('142502', 'Leavebill:2:140011', '142501', '142501', 'startTask', null, null, '', 'startEvent', null, '2019-11-10 13:37:14.364', '2019-11-10 13:37:14.407', '43', '');
INSERT INTO ACT_HI_ACTINST VALUES ('142504', 'Leavebill:2:140011', '142501', '142501', 'usertask1', '142505', null, '', 'userTask', '', '2019-11-10 13:37:14.408', '2019-11-10 13:37:46.998', '32590', '');
INSERT INTO ACT_HI_ACTINST VALUES ('142509', 'Leavebill:2:140011', '142501', '142501', 'usertask2', '142510', null, '', 'userTask', '', '2019-11-10 13:37:46.998', '2019-11-10 13:38:15.851', '28853', '');
INSERT INTO ACT_HI_ACTINST VALUES ('142513', 'Leavebill:2:140011', '142501', '142501', 'usertask3', '142514', null, '', 'userTask', '', '2019-11-10 13:38:15.851', '2019-11-10 13:38:45.866', '30015', '');
INSERT INTO ACT_HI_ACTINST VALUES ('142517', 'Leavebill:2:140011', '142501', '142501', 'usertask1', '142518', null, '', 'userTask', '', '2019-11-10 13:38:45.866', '2019-11-10 13:39:31.231', '45365', '');
INSERT INTO ACT_HI_ACTINST VALUES ('142520', 'Leavebill:2:140011', '142501', '142501', 'usertask2', '142521', null, '', 'userTask', '', '2019-11-10 13:39:31.231', '2019-11-10 13:39:51.043', '19812', '');
INSERT INTO ACT_HI_ACTINST VALUES ('142523', 'Leavebill:2:140011', '142501', '142501', 'usertask3', '142524', null, '', 'userTask', '', '2019-11-10 13:39:51.044', '2019-11-10 13:40:16.194', '25150', '');
INSERT INTO ACT_HI_ACTINST VALUES ('142526', 'Leavebill:2:140011', '142501', '142501', 'usertask1', '142527', null, '', 'userTask', '', '2019-11-10 13:40:16.194', null, null, '');
INSERT INTO ACT_HI_ACTINST VALUES ('142530', 'Leavebill:2:140011', '142528', '142528', 'startTask', null, null, '', 'startEvent', null, '2019-11-10 13:41:35.305', '2019-11-10 13:41:35.321', '16', '');
INSERT INTO ACT_HI_ACTINST VALUES ('142532', 'Leavebill:2:140011', '142528', '142528', 'usertask1', '142533', null, '', 'userTask', '', '2019-11-10 13:41:35.321', '2019-11-10 13:41:58.828', '23507', '');
INSERT INTO ACT_HI_ACTINST VALUES ('142537', 'Leavebill:2:140011', '142528', '142528', 'usertask2', '142538', null, '', 'userTask', '', '2019-11-10 13:41:58.828', '2019-11-10 13:42:17.772', '18944', '');
INSERT INTO ACT_HI_ACTINST VALUES ('142541', 'Leavebill:2:140011', '142528', '142528', 'usertask3', '142542', null, '', 'userTask', '', '2019-11-10 13:42:17.772', '2019-11-10 13:42:41.029', '23257', '');
INSERT INTO ACT_HI_ACTINST VALUES ('142544', 'Leavebill:2:140011', '142528', '142528', 'usertask1', '142545', null, '', 'userTask', '', '2019-11-10 13:42:41.029', '2019-11-10 13:43:08.055', '27026', '');
INSERT INTO ACT_HI_ACTINST VALUES ('142547', 'Leavebill:2:140011', '142528', '142528', 'usertask2', '142548', null, '', 'userTask', '', '2019-11-10 13:43:08.055', '2019-11-10 13:43:31.657', '23602', '');
INSERT INTO ACT_HI_ACTINST VALUES ('142550', 'Leavebill:2:140011', '142528', '142528', 'usertask3', '142551', null, '', 'userTask', '', '2019-11-10 13:43:31.657', '2019-11-10 13:43:57.260', '25603', '');
INSERT INTO ACT_HI_ACTINST VALUES ('142553', 'Leavebill:2:140011', '142528', '142528', 'endTask', null, null, '', 'endEvent', null, '2019-11-10 13:43:57.261', '2019-11-10 13:43:57.261', '0', '');
INSERT INTO ACT_HI_ACTINST VALUES ('142555', 'Leavebill:2:140011', '142554', '142554', 'startTask', null, null, '', 'startEvent', null, '2019-11-10 13:46:18.646', '2019-11-10 13:46:18.659', '13', '');
INSERT INTO ACT_HI_ACTINST VALUES ('142557', 'Leavebill:2:140011', '142554', '142554', 'usertask1', '142558', null, '', 'userTask', '', '2019-11-10 13:46:18.659', '2019-11-10 13:46:38.985', '20326', '');
INSERT INTO ACT_HI_ACTINST VALUES ('142562', 'Leavebill:2:140011', '142554', '142554', 'usertask2', '142563', null, '', 'userTask', '', '2019-11-10 13:46:38.985', '2019-11-10 13:47:03.712', '24727', '');
INSERT INTO ACT_HI_ACTINST VALUES ('142566', 'Leavebill:2:140011', '142554', '142554', 'usertask3', '142567', null, '', 'userTask', '', '2019-11-10 13:47:03.712', '2019-11-10 13:47:30.386', '26674', '');
INSERT INTO ACT_HI_ACTINST VALUES ('142570', 'Leavebill:2:140011', '142554', '142554', 'usertask1', '142571', null, '', 'userTask', '', '2019-11-10 13:47:30.386', '2019-11-10 13:48:12.783', '42397', '');
INSERT INTO ACT_HI_ACTINST VALUES ('142573', 'Leavebill:2:140011', '142554', '142554', 'usertask2', '142574', null, '', 'userTask', '', '2019-11-10 13:48:12.784', '2019-11-10 13:48:38.155', '25371', '');
INSERT INTO ACT_HI_ACTINST VALUES ('142576', 'Leavebill:2:140011', '142554', '142554', 'usertask3', '142577', null, '', 'userTask', '', '2019-11-10 13:48:38.155', '2019-11-10 13:49:01.487', '23332', '');
INSERT INTO ACT_HI_ACTINST VALUES ('142579', 'Leavebill:2:140011', '142554', '142554', 'endTask', null, null, '', 'endEvent', null, '2019-11-10 13:49:01.487', '2019-11-10 13:49:01.487', '0', '');
INSERT INTO ACT_HI_ACTINST VALUES ('142582', 'Leavebill:2:140011', '142580', '142580', 'startTask', null, null, '', 'startEvent', null, '2019-11-10 14:44:34.517', '2019-11-10 14:44:34.538', '21', '');
INSERT INTO ACT_HI_ACTINST VALUES ('142584', 'Leavebill:2:140011', '142580', '142580', 'usertask1', '142585', null, '', 'userTask', '', '2019-11-10 14:44:34.538', '2019-11-10 14:44:57.007', '22469', '');
INSERT INTO ACT_HI_ACTINST VALUES ('142588', 'Leavebill:2:140011', '142580', '142580', 'usertask2', '142589', null, '', 'userTask', '', '2019-11-10 14:44:57.007', '2019-11-10 14:45:22.419', '25412', '');
INSERT INTO ACT_HI_ACTINST VALUES ('142592', 'Leavebill:2:140011', '142580', '142580', 'usertask3', '142593', null, '', 'userTask', '', '2019-11-10 14:45:22.419', '2019-11-10 14:45:44.824', '22405', '');
INSERT INTO ACT_HI_ACTINST VALUES ('142596', 'Leavebill:2:140011', '142580', '142580', 'usertask1', '142597', null, '', 'userTask', '', '2019-11-10 14:45:44.824', '2019-11-10 14:46:13.333', '28509', '');
INSERT INTO ACT_HI_ACTINST VALUES ('142599', 'Leavebill:2:140011', '142580', '142580', 'usertask2', '142600', null, '', 'userTask', '', '2019-11-10 14:46:13.333', '2019-11-10 14:46:36.716', '23383', '');
INSERT INTO ACT_HI_ACTINST VALUES ('142602', 'Leavebill:2:140011', '142580', '142580', 'usertask3', '142603', null, '', 'userTask', '', '2019-11-10 14:46:36.716', '2019-11-10 14:47:08.403', '31687', '');
INSERT INTO ACT_HI_ACTINST VALUES ('142605', 'Leavebill:2:140011', '142580', '142580', 'endTask', null, null, '', 'endEvent', null, '2019-11-10 14:47:08.403', '2019-11-10 14:47:08.403', '0', '');

-- ----------------------------
-- Table structure for `ACT_HI_ATTACHMENT`
-- ----------------------------
DROP TABLE IF EXISTS `ACT_HI_ATTACHMENT`;
CREATE TABLE `ACT_HI_ATTACHMENT` (
  `ID_` varchar(64) COLLATE utf8_bin NOT NULL,
  `REV_` int(11) DEFAULT NULL,
  `USER_ID_` varchar(255) COLLATE utf8_bin DEFAULT NULL,
  `NAME_` varchar(255) COLLATE utf8_bin DEFAULT NULL,
  `DESCRIPTION_` varchar(4000) COLLATE utf8_bin DEFAULT NULL,
  `TYPE_` varchar(255) COLLATE utf8_bin DEFAULT NULL,
  `TASK_ID_` varchar(64) COLLATE utf8_bin DEFAULT NULL,
  `PROC_INST_ID_` varchar(64) COLLATE utf8_bin DEFAULT NULL,
  `URL_` varchar(4000) COLLATE utf8_bin DEFAULT NULL,
  `CONTENT_ID_` varchar(64) COLLATE utf8_bin DEFAULT NULL,
  `TIME_` datetime(3) DEFAULT NULL,
  PRIMARY KEY (`ID_`)
) ENGINE=InnoDB DEFAULT CHARSET=utf8 COLLATE=utf8_bin;

-- ----------------------------
-- Records of ACT_HI_ATTACHMENT
-- ----------------------------

-- ----------------------------
-- Table structure for `ACT_HI_COMMENT`
-- ----------------------------
DROP TABLE IF EXISTS `ACT_HI_COMMENT`;
CREATE TABLE `ACT_HI_COMMENT` (
  `ID_` varchar(64) COLLATE utf8_bin NOT NULL,
  `TYPE_` varchar(255) COLLATE utf8_bin DEFAULT NULL,
  `TIME_` datetime(3) NOT NULL,
  `USER_ID_` varchar(255) COLLATE utf8_bin DEFAULT NULL,
  `TASK_ID_` varchar(64) COLLATE utf8_bin DEFAULT NULL,
  `PROC_INST_ID_` varchar(64) COLLATE utf8_bin DEFAULT NULL,
  `ACTION_` varchar(255) COLLATE utf8_bin DEFAULT NULL,
  `MESSAGE_` varchar(4000) COLLATE utf8_bin DEFAULT NULL,
  `FULL_MSG_` longblob,
  PRIMARY KEY (`ID_`)
) ENGINE=InnoDB DEFAULT CHARSET=utf8 COLLATE=utf8_bin;

-- ----------------------------
-- Records of ACT_HI_COMMENT
-- ----------------------------
INSERT INTO ACT_HI_COMMENT VALUES ('125007', 'comment', '2019-11-09 01:31:55.989', '', '125005', '125001', 'AddComment', '[]', 0x5BE68F90E4BAA45DE68891E68891E68891E68891E68891E68891);
INSERT INTO ACT_HI_COMMENT VALUES ('125012', 'comment', '2019-11-09 01:32:32.196', '', '125010', '125001', 'AddComment', '[]', 0x5BE5908CE6848F5DE5A5BDE5989E);
INSERT INTO ACT_HI_COMMENT VALUES ('125016', 'comment', '2019-11-09 01:32:59.818', '', '125014', '125001', 'AddComment', '[]', 0x5BE5908CE6848F5DE4BDA0E4BDA0E4BDA0E4BDA0);
INSERT INTO ACT_HI_COMMENT VALUES ('130001', 'comment', '2019-11-09 13:04:13.289', '', '127505', '127501', 'AddComment', '[]', 0x5BE68F90E4BAA45DE5B88CE69C9BE9A286E5AFBCE689B9E58786E5958A);
INSERT INTO ACT_HI_COMMENT VALUES ('132501', 'comment', '2019-11-09 13:15:12.894', '', '130004', '127501', 'AddComment', '[]', 0x5BE5908CE6848F5DE5A5BDE5989E);
INSERT INTO ACT_HI_COMMENT VALUES ('132505', 'comment', '2019-11-09 13:16:37.243', '', '132503', '127501', 'AddComment', '[]', 0x5BE5908CE6848F5DE5A5BD);
INSERT INTO ACT_HI_COMMENT VALUES ('135007', 'comment', '2019-11-09 14:08:39.167', '', '135005', '135001', 'AddComment', '[]dsafsda', 0x5BE68F90E4BAA45DE5B88CE69C9BE4BDA0E6B395E58DA1E890A8E8A789E5BE97E688BFE997B4E58DA1E7BD97E68B89E698AFE68993E58F9164736166736461E998BFE696AFE89282E88AAC);
INSERT INTO ACT_HI_COMMENT VALUES ('135012', 'comment', '2019-11-09 14:09:03.984', '', '135010', '135001', 'AddComment', '[]', 0x5BE9A9B3E59B9E5D);
INSERT INTO ACT_HI_COMMENT VALUES ('137507', 'comment', '2019-11-10 07:35:36.131', '', '137505', '137501', 'AddComment', '[]', 0x5BE68F90E4BAA45DE5B88CE69C9BE9A286E5AFBCE689B9E6B3A8);
INSERT INTO ACT_HI_COMMENT VALUES ('137512', 'comment', '2019-11-10 07:35:58.605', '', '137510', '137501', 'AddComment', '[]', 0x5BE5908CE6848F5DE5A5BDE5989E);
INSERT INTO ACT_HI_COMMENT VALUES ('142507', 'comment', '2019-11-10 13:37:46.681', '', '142505', '142501', 'AddComment', '[]', 0x5BE68F90E4BAA45DE5B88CE69C9BE9A286E5AFBCE689B9E58786);
INSERT INTO ACT_HI_COMMENT VALUES ('142512', 'comment', '2019-11-10 13:38:15.523', '', '142510', '142501', 'AddComment', '[]', 0x5BE5908CE6848F5DE5A5BDE5989EEFBC8CE6B2A1E997AEE9A298);
INSERT INTO ACT_HI_COMMENT VALUES ('142516', 'comment', '2019-11-10 13:38:45.468', '', '142514', '142501', 'AddComment', '[]', 0x5BE9A9B3E59B9E5DE4B88DE8A18CEFBC8CE8AFB7E58187E697B6E997B4E5A4AAE995BF);
INSERT INTO ACT_HI_COMMENT VALUES ('142519', 'comment', '2019-11-10 13:39:30.939', '', '142518', '142501', 'AddComment', '[]', 0x5BE68F90E4BAA45DE79C9FE79A84E5B88CE69C9BE9A286E5AFBCE689B9E58786);
INSERT INTO ACT_HI_COMMENT VALUES ('142522', 'comment', '2019-11-10 13:39:50.791', '', '142521', '142501', 'AddComment', '[]', 0x5BE5908CE6848F5DE597AFE5A5BDE79A84);
INSERT INTO ACT_HI_COMMENT VALUES ('142525', 'comment', '2019-11-10 13:40:15.908', '', '142524', '142501', 'AddComment', '[]', 0x5BE9A9B3E59B9E5DE591A2E5A5BDE79A84EFBC8CE697A9E782B9E59B9EE69DA5);
INSERT INTO ACT_HI_COMMENT VALUES ('142535', 'comment', '2019-11-10 13:41:58.581', '', '142533', '142528', 'AddComment', '[]', 0x5BE68F90E4BAA45DE5B88CE69C9BE9A286E5AFBCE883BDE5A49FE689B9E58786);
INSERT INTO ACT_HI_COMMENT VALUES ('142540', 'comment', '2019-11-10 13:42:17.499', '', '142538', '142528', 'AddComment', '[]', 0x5BE5908CE6848F5DE5A5BDE79A84EFBC8CE6B2A1E997AEE9A298);
INSERT INTO ACT_HI_COMMENT VALUES ('142543', 'comment', '2019-11-10 13:42:40.696', '', '142542', '142528', 'AddComment', '[]', 0x5BE9A9B3E59B9E5DE4B88DE5908CE6848FEFBC8CE8AFB7E58187E697B6E997B4E5A4AAE995BFE4BA86);
INSERT INTO ACT_HI_COMMENT VALUES ('142546', 'comment', '2019-11-10 13:43:07.795', '', '142545', '142528', 'AddComment', '[]', 0x5BE68F90E4BAA45DE79C9FE79A84E698AFE59B9EE5AEB6E68EA2E4BAB2EFBC8CE4B88DE698AFE78EA9E6B8B8E6888F);
INSERT INTO ACT_HI_COMMENT VALUES ('142549', 'comment', '2019-11-10 13:43:31.364', '', '142548', '142528', 'AddComment', '[]', 0x5BE5908CE6848F5DE597AFE5A5BDEFBC8CE68891E5908CE6848FE4BA86);
INSERT INTO ACT_HI_COMMENT VALUES ('142552', 'comment', '2019-11-10 13:43:56.972', '', '142551', '142528', 'AddComment', '[]', 0x5BE5908CE6848F5DE591A2E5A5BDE590A7EFBC8CE697A9E782B9E59B9EE69DA5);
INSERT INTO ACT_HI_COMMENT VALUES ('142560', 'comment', '2019-11-10 13:46:38.717', '', '142558', '142554', 'AddComment', '[]', 0x5BE68F90E4BAA45DE5B88CE69C9BE9A286E5AFBCE883BDE5A49FE689B9E6B3A8E5958A);
INSERT INTO ACT_HI_COMMENT VALUES ('142565', 'comment', '2019-11-10 13:47:03.461', '', '142563', '142554', 'AddComment', '[]', 0x5BE5908CE6848F5DE5A5BDE5989EEFBC8CE6B2A1E997AEE9A298);
INSERT INTO ACT_HI_COMMENT VALUES ('142569', 'comment', '2019-11-10 13:47:30.044', '', '142567', '142554', 'AddComment', '[]88', 0x5BE9A9B3E59B9E5DE4B88DE8A18CEFBC8C3838E5A4A9E8AFB7E58187E697B6E997B4E5A4AAE995BFE4BA86);
INSERT INTO ACT_HI_COMMENT VALUES ('142572', 'comment', '2019-11-10 13:48:12.443', '', '142571', '142554', 'AddComment', '[]', 0x5BE68F90E4BAA45DE5B7A5E4BD9CE5A5BDE7B4AFEFBC8CE5B88CE69C9BE694BEE69DBEE4B880E4B88BEFBC8CE5B88CE69C9BE9A286E5AFBCE883BDE5A49FE689B9E58786);
INSERT INTO ACT_HI_COMMENT VALUES ('142575', 'comment', '2019-11-10 13:48:37.789', '', '142574', '142554', 'AddComment', '[]', 0x5BE5908CE6848F5DE5A5BDEFBC8CE591A2E5B0B1E5A5BDE5A5BDE694BEE69DBEE4B880E4B88BE590A7);
INSERT INTO ACT_HI_COMMENT VALUES ('142578', 'comment', '2019-11-10 13:49:01.199', '', '142577', '142554', 'AddComment', '[]~~~', 0x5BE5908CE6848F5DE591A2E5A5BDE590A7EFBC8CE697A9E782B9E59B9EE69DA57E7E7E);
INSERT INTO ACT_HI_COMMENT VALUES ('142586', 'comment', '2019-11-10 14:44:56.804', '', '142585', '142580', 'AddComment', '[]', 0x5BE68F90E4BAA45DE5B88CE69C9BE9A286E5AFBCE883BDE689B9E58786);
INSERT INTO ACT_HI_COMMENT VALUES ('142591', 'comment', '2019-11-10 14:45:22.114', '', '142589', '142580', 'AddComment', '[]', 0x5BE5908CE6848F5DE5A5BDE5989EEFBC8CE6B2A1E997AEE9A298);
INSERT INTO ACT_HI_COMMENT VALUES ('142595', 'comment', '2019-11-10 14:45:44.524', '', '142593', '142580', 'AddComment', '[]', 0x5BE9A9B3E59B9E5DE4B88DE5908CE6848FEFBC8CE697B6E997B4E5A4AAE995BF);
INSERT INTO ACT_HI_COMMENT VALUES ('142598', 'comment', '2019-11-10 14:46:13.063', '', '142597', '142580', 'AddComment', '[]', 0x5BE68F90E4BAA45DE79C9FE79A84E69C89E4BA8BEFBC8CE5B88CE69C9BE883BDE689B9E58786);
INSERT INTO ACT_HI_COMMENT VALUES ('142601', 'comment', '2019-11-10 14:46:36.376', '', '142600', '142580', 'AddComment', '[]', 0x5BE5908CE6848F5DE68891E5908CE6848FE4BA86);
INSERT INTO ACT_HI_COMMENT VALUES ('142604', 'comment', '2019-11-10 14:47:08.108', '', '142603', '142580', 'AddComment', '[]', 0x5BE5908CE6848F5DE591A2E5A5BDE68A8AEFBC8CE697A9E782B9E59B9EE69DA5EFBC8CE5B7A5E4BD9C);

-- ----------------------------
-- Table structure for `ACT_HI_DETAIL`
-- ----------------------------
DROP TABLE IF EXISTS `ACT_HI_DETAIL`;
CREATE TABLE `ACT_HI_DETAIL` (
  `ID_` varchar(64) COLLATE utf8_bin NOT NULL,
  `TYPE_` varchar(255) COLLATE utf8_bin NOT NULL,
  `PROC_INST_ID_` varchar(64) COLLATE utf8_bin DEFAULT NULL,
  `EXECUTION_ID_` varchar(64) COLLATE utf8_bin DEFAULT NULL,
  `TASK_ID_` varchar(64) COLLATE utf8_bin DEFAULT NULL,
  `ACT_INST_ID_` varchar(64) COLLATE utf8_bin DEFAULT NULL,
  `NAME_` varchar(255) COLLATE utf8_bin NOT NULL,
  `VAR_TYPE_` varchar(255) COLLATE utf8_bin DEFAULT NULL,
  `REV_` int(11) DEFAULT NULL,
  `TIME_` datetime(3) NOT NULL,
  `BYTEARRAY_ID_` varchar(64) COLLATE utf8_bin DEFAULT NULL,
  `DOUBLE_` double DEFAULT NULL,
  `LONG_` bigint(20) DEFAULT NULL,
  `TEXT_` varchar(4000) COLLATE utf8_bin DEFAULT NULL,
  `TEXT2_` varchar(4000) COLLATE utf8_bin DEFAULT NULL,
  PRIMARY KEY (`ID_`),
  KEY `ACT_IDX_HI_DETAIL_PROC_INST` (`PROC_INST_ID_`),
  KEY `ACT_IDX_HI_DETAIL_ACT_INST` (`ACT_INST_ID_`),
  KEY `ACT_IDX_HI_DETAIL_TIME` (`TIME_`),
  KEY `ACT_IDX_HI_DETAIL_NAME` (`NAME_`),
  KEY `ACT_IDX_HI_DETAIL_TASK_ID` (`TASK_ID_`)
) ENGINE=InnoDB DEFAULT CHARSET=utf8 COLLATE=utf8_bin;

-- ----------------------------
-- Records of ACT_HI_DETAIL
-- ----------------------------

-- ----------------------------
-- Table structure for `ACT_HI_IDENTITYLINK`
-- ----------------------------
DROP TABLE IF EXISTS `ACT_HI_IDENTITYLINK`;
CREATE TABLE `ACT_HI_IDENTITYLINK` (
  `ID_` varchar(64) COLLATE utf8_bin NOT NULL,
  `GROUP_ID_` varchar(255) COLLATE utf8_bin DEFAULT NULL,
  `TYPE_` varchar(255) COLLATE utf8_bin DEFAULT NULL,
  `USER_ID_` varchar(255) COLLATE utf8_bin DEFAULT NULL,
  `TASK_ID_` varchar(64) COLLATE utf8_bin DEFAULT NULL,
  `PROC_INST_ID_` varchar(64) COLLATE utf8_bin DEFAULT NULL,
  PRIMARY KEY (`ID_`),
  KEY `ACT_IDX_HI_IDENT_LNK_USER` (`USER_ID_`),
  KEY `ACT_IDX_HI_IDENT_LNK_TASK` (`TASK_ID_`),
  KEY `ACT_IDX_HI_IDENT_LNK_PROCINST` (`PROC_INST_ID_`)
) ENGINE=InnoDB DEFAULT CHARSET=utf8 COLLATE=utf8_bin;

-- ----------------------------
-- Records of ACT_HI_IDENTITYLINK
-- ----------------------------
INSERT INTO ACT_HI_IDENTITYLINK VALUES ('125006', null, 'participant', '', null, '125001');
INSERT INTO ACT_HI_IDENTITYLINK VALUES ('125011', null, 'participant', '', null, '125001');
INSERT INTO ACT_HI_IDENTITYLINK VALUES ('125015', null, 'participant', '', null, '125001');
INSERT INTO ACT_HI_IDENTITYLINK VALUES ('127506', null, 'participant', '', null, '127501');
INSERT INTO ACT_HI_IDENTITYLINK VALUES ('130005', null, 'participant', '', null, '127501');
INSERT INTO ACT_HI_IDENTITYLINK VALUES ('132504', null, 'participant', '', null, '127501');
INSERT INTO ACT_HI_IDENTITYLINK VALUES ('135006', null, 'participant', '', null, '135001');
INSERT INTO ACT_HI_IDENTITYLINK VALUES ('135011', null, 'participant', '', null, '135001');
INSERT INTO ACT_HI_IDENTITYLINK VALUES ('137506', null, 'participant', '', null, '137501');
INSERT INTO ACT_HI_IDENTITYLINK VALUES ('137511', null, 'participant', '', null, '137501');
INSERT INTO ACT_HI_IDENTITYLINK VALUES ('137515', null, 'participant', '', null, '137501');
INSERT INTO ACT_HI_IDENTITYLINK VALUES ('142506', null, 'participant', '', null, '142501');
INSERT INTO ACT_HI_IDENTITYLINK VALUES ('142511', null, 'participant', '', null, '142501');
INSERT INTO ACT_HI_IDENTITYLINK VALUES ('142515', null, 'participant', '', null, '142501');
INSERT INTO ACT_HI_IDENTITYLINK VALUES ('142529', null, 'starter', '', null, '142528');
INSERT INTO ACT_HI_IDENTITYLINK VALUES ('142534', null, 'participant', '', null, '142528');
INSERT INTO ACT_HI_IDENTITYLINK VALUES ('142539', null, 'participant', '', null, '142528');
INSERT INTO ACT_HI_IDENTITYLINK VALUES ('142559', null, 'participant', '', null, '142554');
INSERT INTO ACT_HI_IDENTITYLINK VALUES ('142564', null, 'participant', '', null, '142554');
INSERT INTO ACT_HI_IDENTITYLINK VALUES ('142568', null, 'participant', '', null, '142554');
INSERT INTO ACT_HI_IDENTITYLINK VALUES ('142581', null, 'starter', '', null, '142580');
INSERT INTO ACT_HI_IDENTITYLINK VALUES ('142590', null, 'participant', '', null, '142580');
INSERT INTO ACT_HI_IDENTITYLINK VALUES ('142594', null, 'participant', '', null, '142580');

-- ----------------------------
-- Table structure for `ACT_HI_PROCINST`
-- ----------------------------
DROP TABLE IF EXISTS `ACT_HI_PROCINST`;
CREATE TABLE `ACT_HI_PROCINST` (
  `ID_` varchar(64) COLLATE utf8_bin NOT NULL,
  `PROC_INST_ID_` varchar(64) COLLATE utf8_bin NOT NULL,
  `BUSINESS_KEY_` varchar(255) COLLATE utf8_bin DEFAULT NULL,
  `PROC_DEF_ID_` varchar(64) COLLATE utf8_bin NOT NULL,
  `START_TIME_` datetime(3) NOT NULL,
  `END_TIME_` datetime(3) DEFAULT NULL,
  `DURATION_` bigint(20) DEFAULT NULL,
  `START_USER_ID_` varchar(255) COLLATE utf8_bin DEFAULT NULL,
  `START_ACT_ID_` varchar(255) COLLATE utf8_bin DEFAULT NULL,
  `END_ACT_ID_` varchar(255) COLLATE utf8_bin DEFAULT NULL,
  `SUPER_PROCESS_INSTANCE_ID_` varchar(64) COLLATE utf8_bin DEFAULT NULL,
  `DELETE_REASON_` varchar(4000) COLLATE utf8_bin DEFAULT NULL,
  `TENANT_ID_` varchar(255) COLLATE utf8_bin DEFAULT '',
  `NAME_` varchar(255) COLLATE utf8_bin DEFAULT NULL,
  PRIMARY KEY (`ID_`),
  UNIQUE KEY `PROC_INST_ID_` (`PROC_INST_ID_`),
  KEY `ACT_IDX_HI_PRO_INST_END` (`END_TIME_`),
  KEY `ACT_IDX_HI_PRO_I_BUSKEY` (`BUSINESS_KEY_`)
) ENGINE=InnoDB DEFAULT CHARSET=utf8 COLLATE=utf8_bin;

-- ----------------------------
-- Records of ACT_HI_PROCINST
-- ----------------------------
INSERT INTO ACT_HI_PROCINST VALUES ('125001', '125001', 'Leavebill:9', 'Leavebill:1:122538', '2019-11-09 01:31:42.271', '2019-11-09 01:33:00.180', '77909', null, 'startTask', 'endTask', null, null, '', null);
INSERT INTO ACT_HI_PROCINST VALUES ('127501', '127501', 'Leavebill:11', 'Leavebill:1:122538', '2019-11-09 12:31:36.183', '2019-11-09 13:16:38.099', '2701916', null, 'startTask', 'endTask', null, null, '', null);
INSERT INTO ACT_HI_PROCINST VALUES ('135001', '135001', 'Leavebill:10', 'Leavebill:1:122538', '2019-11-09 14:08:12.668', null, null, null, 'startTask', null, null, null, '', null);
INSERT INTO ACT_HI_PROCINST VALUES ('137501', '137501', 'Leavebill:13', 'Leavebill:1:122538', '2019-11-10 07:35:17.697', null, null, null, 'startTask', null, null, null, '', null);
INSERT INTO ACT_HI_PROCINST VALUES ('142501', '142501', 'Leavebill:14', 'Leavebill:2:140011', '2019-11-10 13:37:14.364', null, null, null, 'startTask', null, null, null, '', null);
INSERT INTO ACT_HI_PROCINST VALUES ('142528', '142528', 'Leavebill:15', 'Leavebill:2:140011', '2019-11-10 13:41:35.305', '2019-11-10 13:43:57.299', '141994', '', 'startTask', 'endTask', null, null, '', null);
INSERT INTO ACT_HI_PROCINST VALUES ('142554', '142554', 'Leavebill:16', 'Leavebill:2:140011', '2019-11-10 13:46:18.646', '2019-11-10 13:49:01.498', '162852', null, 'startTask', 'endTask', null, null, '', null);
INSERT INTO ACT_HI_PROCINST VALUES ('142580', '142580', 'Leavebill:17', 'Leavebill:2:140011', '2019-11-10 14:44:34.517', '2019-11-10 14:47:08.422', '153905', '', 'startTask', 'endTask', null, null, '', null);

-- ----------------------------
-- Table structure for `ACT_HI_TASKINST`
-- ----------------------------
DROP TABLE IF EXISTS `ACT_HI_TASKINST`;
CREATE TABLE `ACT_HI_TASKINST` (
  `ID_` varchar(64) COLLATE utf8_bin NOT NULL,
  `PROC_DEF_ID_` varchar(64) COLLATE utf8_bin DEFAULT NULL,
  `TASK_DEF_KEY_` varchar(255) COLLATE utf8_bin DEFAULT NULL,
  `PROC_INST_ID_` varchar(64) COLLATE utf8_bin DEFAULT NULL,
  `EXECUTION_ID_` varchar(64) COLLATE utf8_bin DEFAULT NULL,
  `NAME_` varchar(255) COLLATE utf8_bin DEFAULT NULL,
  `PARENT_TASK_ID_` varchar(64) COLLATE utf8_bin DEFAULT NULL,
  `DESCRIPTION_` varchar(4000) COLLATE utf8_bin DEFAULT NULL,
  `OWNER_` varchar(255) COLLATE utf8_bin DEFAULT NULL,
  `ASSIGNEE_` varchar(255) COLLATE utf8_bin DEFAULT NULL,
  `START_TIME_` datetime(3) NOT NULL,
  `CLAIM_TIME_` datetime(3) DEFAULT NULL,
  `END_TIME_` datetime(3) DEFAULT NULL,
  `DURATION_` bigint(20) DEFAULT NULL,
  `DELETE_REASON_` varchar(4000) COLLATE utf8_bin DEFAULT NULL,
  `PRIORITY_` int(11) DEFAULT NULL,
  `DUE_DATE_` datetime(3) DEFAULT NULL,
  `FORM_KEY_` varchar(255) COLLATE utf8_bin DEFAULT NULL,
  `CATEGORY_` varchar(255) COLLATE utf8_bin DEFAULT NULL,
  `TENANT_ID_` varchar(255) COLLATE utf8_bin DEFAULT '',
  PRIMARY KEY (`ID_`),
  KEY `ACT_IDX_HI_TASK_INST_PROCINST` (`PROC_INST_ID_`)
) ENGINE=InnoDB DEFAULT CHARSET=utf8 COLLATE=utf8_bin;

-- ----------------------------
-- Records of ACT_HI_TASKINST
-- ----------------------------
INSERT INTO ACT_HI_TASKINST VALUES ('125005', 'Leavebill:1:122538', 'usertask1', '125001', '125001', '', null, null, null, '', '2019-11-09 01:31:42.309', null, '2019-11-09 01:31:58.616', '16307', 'completed', '50', null, null, null, '');
INSERT INTO ACT_HI_TASKINST VALUES ('125010', 'Leavebill:1:122538', 'usertask2', '125001', '125001', '', null, null, null, '', '2019-11-09 01:31:58.700', null, '2019-11-09 01:32:32.465', '33765', 'completed', '50', null, null, null, '');
INSERT INTO ACT_HI_TASKINST VALUES ('125014', 'Leavebill:1:122538', 'usertask3', '125001', '125001', '', null, null, null, '', '2019-11-09 01:32:32.512', null, '2019-11-09 01:33:00.088', '27576', 'completed', '50', null, null, null, '');
INSERT INTO ACT_HI_TASKINST VALUES ('127505', 'Leavebill:1:122538', 'usertask1', '127501', '127501', '', null, null, null, '', '2019-11-09 12:31:36.234', null, '2019-11-09 13:04:14.824', '1958590', 'completed', '50', null, null, null, '');
INSERT INTO ACT_HI_TASKINST VALUES ('130004', 'Leavebill:1:122538', 'usertask2', '127501', '127501', '', null, null, null, '', '2019-11-09 13:04:14.877', null, '2019-11-09 13:15:14.636', '659759', 'completed', '50', null, null, null, '');
INSERT INTO ACT_HI_TASKINST VALUES ('132503', 'Leavebill:1:122538', 'usertask3', '127501', '127501', '', null, null, null, '', '2019-11-09 13:15:14.728', null, '2019-11-09 13:16:37.970', '83242', 'completed', '50', null, null, null, '');
INSERT INTO ACT_HI_TASKINST VALUES ('135005', 'Leavebill:1:122538', 'usertask1', '135001', '135001', '', null, null, null, '', '2019-11-09 14:08:12.716', null, '2019-11-09 14:08:39.383', '26667', 'completed', '50', null, null, null, '');
INSERT INTO ACT_HI_TASKINST VALUES ('135010', 'Leavebill:1:122538', 'usertask2', '135001', '135001', '', null, null, null, '', '2019-11-09 14:08:39.429', null, '2019-11-09 14:09:04.211', '24782', 'completed', '50', null, null, null, '');
INSERT INTO ACT_HI_TASKINST VALUES ('135014', 'Leavebill:1:122538', 'usertask1', '135001', '135001', '', null, null, null, '', '2019-11-09 14:09:04.246', null, null, null, null, '50', null, null, null, '');
INSERT INTO ACT_HI_TASKINST VALUES ('137505', 'Leavebill:1:122538', 'usertask1', '137501', '137501', '', null, null, null, '', '2019-11-10 07:35:17.745', null, '2019-11-10 07:35:36.434', '18689', 'completed', '50', null, null, null, '');
INSERT INTO ACT_HI_TASKINST VALUES ('137510', 'Leavebill:1:122538', 'usertask2', '137501', '137501', '', null, null, null, '', '2019-11-10 07:35:36.607', null, '2019-11-10 07:35:58.873', '22266', 'completed', '50', null, null, null, '');
INSERT INTO ACT_HI_TASKINST VALUES ('137514', 'Leavebill:1:122538', 'usertask3', '137501', '137501', '', null, null, null, '', '2019-11-10 07:35:58.921', null, null, null, null, '50', null, null, null, '');
INSERT INTO ACT_HI_TASKINST VALUES ('142505', 'Leavebill:2:140011', 'usertask1', '142501', '142501', '', null, null, null, '', '2019-11-10 13:37:14.422', null, '2019-11-10 13:37:46.925', '32503', 'completed', '50', null, null, null, '');
INSERT INTO ACT_HI_TASKINST VALUES ('142510', 'Leavebill:2:140011', 'usertask2', '142501', '142501', '', null, null, null, '', '2019-11-10 13:37:46.998', null, '2019-11-10 13:38:15.817', '28819', 'completed', '50', null, null, null, '');
INSERT INTO ACT_HI_TASKINST VALUES ('142514', 'Leavebill:2:140011', 'usertask3', '142501', '142501', '', null, null, null, '', '2019-11-10 13:38:15.851', null, '2019-11-10 13:38:45.714', '29863', 'completed', '50', null, null, null, '');
INSERT INTO ACT_HI_TASKINST VALUES ('142518', 'Leavebill:2:140011', 'usertask1', '142501', '142501', '', null, null, null, '', '2019-11-10 13:38:45.866', null, '2019-11-10 13:39:31.180', '45314', 'completed', '50', null, null, null, '');
INSERT INTO ACT_HI_TASKINST VALUES ('142521', 'Leavebill:2:140011', 'usertask2', '142501', '142501', '', null, null, null, '', '2019-11-10 13:39:31.231', null, '2019-11-10 13:39:50.996', '19765', 'completed', '50', null, null, null, '');
INSERT INTO ACT_HI_TASKINST VALUES ('142524', 'Leavebill:2:140011', 'usertask3', '142501', '142501', '', null, null, null, '', '2019-11-10 13:39:51.044', null, '2019-11-10 13:40:16.153', '25109', 'completed', '50', null, null, null, '');
INSERT INTO ACT_HI_TASKINST VALUES ('142527', 'Leavebill:2:140011', 'usertask1', '142501', '142501', '', null, null, null, '', '2019-11-10 13:40:16.194', null, null, null, null, '50', null, null, null, '');
INSERT INTO ACT_HI_TASKINST VALUES ('142533', 'Leavebill:2:140011', 'usertask1', '142528', '142528', '', null, null, null, '', '2019-11-10 13:41:35.346', null, '2019-11-10 13:41:58.785', '23439', 'completed', '50', null, null, null, '');
INSERT INTO ACT_HI_TASKINST VALUES ('142538', 'Leavebill:2:140011', 'usertask2', '142528', '142528', '', null, null, null, '', '2019-11-10 13:41:58.828', null, '2019-11-10 13:42:17.731', '18903', 'completed', '50', null, null, null, '');
INSERT INTO ACT_HI_TASKINST VALUES ('142542', 'Leavebill:2:140011', 'usertask3', '142528', '142528', '', null, null, null, '', '2019-11-10 13:42:17.772', null, '2019-11-10 13:42:40.987', '23215', 'completed', '50', null, null, null, '');
INSERT INTO ACT_HI_TASKINST VALUES ('142545', 'Leavebill:2:140011', 'usertask1', '142528', '142528', '', null, null, null, '', '2019-11-10 13:42:41.030', null, '2019-11-10 13:43:08.019', '26989', 'completed', '50', null, null, null, '');
INSERT INTO ACT_HI_TASKINST VALUES ('142548', 'Leavebill:2:140011', 'usertask2', '142528', '142528', '', null, null, null, '', '2019-11-10 13:43:08.055', null, '2019-11-10 13:43:31.621', '23566', 'completed', '50', null, null, null, '');
INSERT INTO ACT_HI_TASKINST VALUES ('142551', 'Leavebill:2:140011', 'usertask3', '142528', '142528', '', null, null, null, '', '2019-11-10 13:43:31.657', null, '2019-11-10 13:43:57.204', '25547', 'completed', '50', null, null, null, '');
INSERT INTO ACT_HI_TASKINST VALUES ('142558', 'Leavebill:2:140011', 'usertask1', '142554', '142554', '', null, null, null, '', '2019-11-10 13:46:18.671', null, '2019-11-10 13:46:38.945', '20274', 'completed', '50', null, null, null, '');
INSERT INTO ACT_HI_TASKINST VALUES ('142563', 'Leavebill:2:140011', 'usertask2', '142554', '142554', '', null, null, null, '', '2019-11-10 13:46:38.986', null, '2019-11-10 13:47:03.680', '24694', 'completed', '50', null, null, null, '');
INSERT INTO ACT_HI_TASKINST VALUES ('142567', 'Leavebill:2:140011', 'usertask3', '142554', '142554', '', null, null, null, '', '2019-11-10 13:47:03.712', null, '2019-11-10 13:47:30.335', '26623', 'completed', '50', null, null, null, '');
INSERT INTO ACT_HI_TASKINST VALUES ('142571', 'Leavebill:2:140011', 'usertask1', '142554', '142554', '', null, null, null, '', '2019-11-10 13:47:30.386', null, '2019-11-10 13:48:12.743', '42357', 'completed', '50', null, null, null, '');
INSERT INTO ACT_HI_TASKINST VALUES ('142574', 'Leavebill:2:140011', 'usertask2', '142554', '142554', '', null, null, null, '', '2019-11-10 13:48:12.784', null, '2019-11-10 13:48:38.006', '25222', 'completed', '50', null, null, null, '');
INSERT INTO ACT_HI_TASKINST VALUES ('142577', 'Leavebill:2:140011', 'usertask3', '142554', '142554', '', null, null, null, '', '2019-11-10 13:48:38.155', null, '2019-11-10 13:49:01.438', '23283', 'completed', '50', null, null, null, '');
INSERT INTO ACT_HI_TASKINST VALUES ('142585', 'Leavebill:2:140011', 'usertask1', '142580', '142580', '', null, null, null, '', '2019-11-10 14:44:34.570', null, '2019-11-10 14:44:56.975', '22405', 'completed', '50', null, null, null, '');
INSERT INTO ACT_HI_TASKINST VALUES ('142589', 'Leavebill:2:140011', 'usertask2', '142580', '142580', '', null, null, null, '', '2019-11-10 14:44:57.008', null, '2019-11-10 14:45:22.372', '25364', 'completed', '50', null, null, null, '');
INSERT INTO ACT_HI_TASKINST VALUES ('142593', 'Leavebill:2:140011', 'usertask3', '142580', '142580', '', null, null, null, '', '2019-11-10 14:45:22.419', null, '2019-11-10 14:45:44.763', '22344', 'completed', '50', null, null, null, '');
INSERT INTO ACT_HI_TASKINST VALUES ('142597', 'Leavebill:2:140011', 'usertask1', '142580', '142580', '', null, null, null, '', '2019-11-10 14:45:44.824', null, '2019-11-10 14:46:13.296', '28472', 'completed', '50', null, null, null, '');
INSERT INTO ACT_HI_TASKINST VALUES ('142600', 'Leavebill:2:140011', 'usertask2', '142580', '142580', '', null, null, null, '', '2019-11-10 14:46:13.333', null, '2019-11-10 14:46:36.666', '23333', 'completed', '50', null, null, null, '');
INSERT INTO ACT_HI_TASKINST VALUES ('142603', 'Leavebill:2:140011', 'usertask3', '142580', '142580', '', null, null, null, '', '2019-11-10 14:46:36.716', null, '2019-11-10 14:47:08.354', '31638', 'completed', '50', null, null, null, '');

-- ----------------------------
-- Table structure for `ACT_HI_VARINST`
-- ----------------------------
DROP TABLE IF EXISTS `ACT_HI_VARINST`;
CREATE TABLE `ACT_HI_VARINST` (
  `ID_` varchar(64) COLLATE utf8_bin NOT NULL,
  `PROC_INST_ID_` varchar(64) COLLATE utf8_bin DEFAULT NULL,
  `EXECUTION_ID_` varchar(64) COLLATE utf8_bin DEFAULT NULL,
  `TASK_ID_` varchar(64) COLLATE utf8_bin DEFAULT NULL,
  `NAME_` varchar(255) COLLATE utf8_bin NOT NULL,
  `VAR_TYPE_` varchar(100) COLLATE utf8_bin DEFAULT NULL,
  `REV_` int(11) DEFAULT NULL,
  `BYTEARRAY_ID_` varchar(64) COLLATE utf8_bin DEFAULT NULL,
  `DOUBLE_` double DEFAULT NULL,
  `LONG_` bigint(20) DEFAULT NULL,
  `TEXT_` varchar(4000) COLLATE utf8_bin DEFAULT NULL,
  `TEXT2_` varchar(4000) COLLATE utf8_bin DEFAULT NULL,
  `CREATE_TIME_` datetime(3) DEFAULT NULL,
  `LAST_UPDATED_TIME_` datetime(3) DEFAULT NULL,
  PRIMARY KEY (`ID_`),
  KEY `ACT_IDX_HI_PROCVAR_PROC_INST` (`PROC_INST_ID_`),
  KEY `ACT_IDX_HI_PROCVAR_NAME_TYPE` (`NAME_`,`VAR_TYPE_`),
  KEY `ACT_IDX_HI_PROCVAR_TASK_ID` (`TASK_ID_`)
) ENGINE=InnoDB DEFAULT CHARSET=utf8 COLLATE=utf8_bin;

-- ----------------------------
-- Records of ACT_HI_VARINST
-- ----------------------------
INSERT INTO ACT_HI_VARINST VALUES ('125003', '125001', '125001', null, 'username', 'string', '1', null, null, null, '', null, '2019-11-09 01:31:42.271', '2019-11-09 01:33:00.200');
INSERT INTO ACT_HI_VARINST VALUES ('125008', '125001', '125001', null, 'outcome', 'string', '2', null, null, null, '', null, '2019-11-09 01:31:58.453', '2019-11-09 01:33:00.200');
INSERT INTO ACT_HI_VARINST VALUES ('127503', '127501', '127501', null, 'username', 'string', '1', null, null, null, '', null, '2019-11-09 12:31:36.185', '2019-11-09 13:16:38.166');
INSERT INTO ACT_HI_VARINST VALUES ('130002', '127501', '127501', null, 'outcome', 'string', '2', null, null, null, '', null, '2019-11-09 13:04:14.621', '2019-11-09 13:16:38.166');
INSERT INTO ACT_HI_VARINST VALUES ('135003', '135001', '135001', null, 'username', 'string', '0', null, null, null, '', null, '2019-11-09 14:08:12.669', '2019-11-09 14:08:12.669');
INSERT INTO ACT_HI_VARINST VALUES ('135008', '135001', '135001', null, 'outcome', 'string', '1', null, null, null, '', null, '2019-11-09 14:08:39.296', '2019-11-09 14:09:04.125');
INSERT INTO ACT_HI_VARINST VALUES ('137503', '137501', '137501', null, 'username', 'string', '0', null, null, null, '', null, '2019-11-10 07:35:17.698', '2019-11-10 07:35:17.698');
INSERT INTO ACT_HI_VARINST VALUES ('137508', '137501', '137501', null, 'outcome', 'string', '1', null, null, null, '', null, '2019-11-10 07:35:36.339', '2019-11-10 07:35:58.754');
INSERT INTO ACT_HI_VARINST VALUES ('142503', '142501', '142501', null, 'username', 'string', '0', null, null, null, '', null, '2019-11-10 13:37:14.365', '2019-11-10 13:37:14.365');
INSERT INTO ACT_HI_VARINST VALUES ('142508', '142501', '142501', null, 'outcome', 'string', '5', null, null, null, '', null, '2019-11-10 13:37:46.815', '2019-11-10 13:40:16.043');
INSERT INTO ACT_HI_VARINST VALUES ('142531', '142528', '142528', null, 'username', 'string', '1', null, null, null, '', null, '2019-11-10 13:41:35.305', '2019-11-10 13:43:57.328');
INSERT INTO ACT_HI_VARINST VALUES ('142536', '142528', '142528', null, 'outcome', 'string', '5', null, null, null, '', null, '2019-11-10 13:41:58.680', '2019-11-10 13:43:57.328');
INSERT INTO ACT_HI_VARINST VALUES ('142556', '142554', '142554', null, 'username', 'string', '1', null, null, null, '', null, '2019-11-10 13:46:18.646', '2019-11-10 13:49:01.529');
INSERT INTO ACT_HI_VARINST VALUES ('142561', '142554', '142554', null, 'outcome', 'string', '5', null, null, null, '', null, '2019-11-10 13:46:38.828', '2019-11-10 13:49:01.529');
INSERT INTO ACT_HI_VARINST VALUES ('142583', '142580', '142580', null, 'username', 'string', '1', null, null, null, '', null, '2019-11-10 14:44:34.518', '2019-11-10 14:47:08.449');
INSERT INTO ACT_HI_VARINST VALUES ('142587', '142580', '142580', null, 'outcome', 'string', '5', null, null, null, '', null, '2019-11-10 14:44:56.881', '2019-11-10 14:47:08.449');

-- ----------------------------
-- Table structure for `ACT_ID_GROUP`
-- ----------------------------
DROP TABLE IF EXISTS `ACT_ID_GROUP`;
CREATE TABLE `ACT_ID_GROUP` (
  `ID_` varchar(64) COLLATE utf8_bin NOT NULL,
  `REV_` int(11) DEFAULT NULL,
  `NAME_` varchar(255) COLLATE utf8_bin DEFAULT NULL,
  `TYPE_` varchar(255) COLLATE utf8_bin DEFAULT NULL,
  PRIMARY KEY (`ID_`)
) ENGINE=InnoDB DEFAULT CHARSET=utf8 COLLATE=utf8_bin;

-- ----------------------------
-- Records of ACT_ID_GROUP
-- ----------------------------

-- ----------------------------
-- Table structure for `ACT_ID_INFO`
-- ----------------------------
DROP TABLE IF EXISTS `ACT_ID_INFO`;
CREATE TABLE `ACT_ID_INFO` (
  `ID_` varchar(64) COLLATE utf8_bin NOT NULL,
  `REV_` int(11) DEFAULT NULL,
  `USER_ID_` varchar(64) COLLATE utf8_bin DEFAULT NULL,
  `TYPE_` varchar(64) COLLATE utf8_bin DEFAULT NULL,
  `KEY_` varchar(255) COLLATE utf8_bin DEFAULT NULL,
  `VALUE_` varchar(255) COLLATE utf8_bin DEFAULT NULL,
  `PASSWORD_` longblob,
  `PARENT_ID_` varchar(255) COLLATE utf8_bin DEFAULT NULL,
  PRIMARY KEY (`ID_`)
) ENGINE=InnoDB DEFAULT CHARSET=utf8 COLLATE=utf8_bin;

-- ----------------------------
-- Records of ACT_ID_INFO
-- ----------------------------

-- ----------------------------
-- Table structure for `ACT_ID_MEMBERSHIP`
-- ----------------------------
DROP TABLE IF EXISTS `ACT_ID_MEMBERSHIP`;
CREATE TABLE `ACT_ID_MEMBERSHIP` (
  `USER_ID_` varchar(64) COLLATE utf8_bin NOT NULL,
  `GROUP_ID_` varchar(64) COLLATE utf8_bin NOT NULL,
  PRIMARY KEY (`USER_ID_`,`GROUP_ID_`),
  KEY `ACT_FK_MEMB_GROUP` (`GROUP_ID_`),
  CONSTRAINT `ACT_FK_MEMB_GROUP` FOREIGN KEY (`GROUP_ID_`) REFERENCES `ACT_ID_GROUP` (`ID_`),
  CONSTRAINT `ACT_FK_MEMB_USER` FOREIGN KEY (`USER_ID_`) REFERENCES `ACT_ID_USER` (`ID_`)
) ENGINE=InnoDB DEFAULT CHARSET=utf8 COLLATE=utf8_bin;

-- ----------------------------
-- Records of ACT_ID_MEMBERSHIP
-- ----------------------------

-- ----------------------------
-- Table structure for `ACT_ID_USER`
-- ----------------------------
DROP TABLE IF EXISTS `ACT_ID_USER`;
CREATE TABLE `ACT_ID_USER` (
  `ID_` varchar(64) COLLATE utf8_bin NOT NULL,
  `REV_` int(11) DEFAULT NULL,
  `FIRST_` varchar(255) COLLATE utf8_bin DEFAULT NULL,
  `LAST_` varchar(255) COLLATE utf8_bin DEFAULT NULL,
  `EMAIL_` varchar(255) COLLATE utf8_bin DEFAULT NULL,
  `PWD_` varchar(255) COLLATE utf8_bin DEFAULT NULL,
  `PICTURE_ID_` varchar(64) COLLATE utf8_bin DEFAULT NULL,
  PRIMARY KEY (`ID_`)
) ENGINE=InnoDB DEFAULT CHARSET=utf8 COLLATE=utf8_bin;

-- ----------------------------
-- Records of ACT_ID_USER
-- ----------------------------

-- ----------------------------
-- Table structure for `ACT_PROCDEF_INFO`
-- ----------------------------
DROP TABLE IF EXISTS `ACT_PROCDEF_INFO`;
CREATE TABLE `ACT_PROCDEF_INFO` (
  `ID_` varchar(64) COLLATE utf8_bin NOT NULL,
  `PROC_DEF_ID_` varchar(64) COLLATE utf8_bin NOT NULL,
  `REV_` int(11) DEFAULT NULL,
  `INFO_JSON_ID_` varchar(64) COLLATE utf8_bin DEFAULT NULL,
  PRIMARY KEY (`ID_`),
  UNIQUE KEY `ACT_UNIQ_INFO_PROCDEF` (`PROC_DEF_ID_`),
  KEY `ACT_IDX_INFO_PROCDEF` (`PROC_DEF_ID_`),
  KEY `ACT_FK_INFO_JSON_BA` (`INFO_JSON_ID_`),
  CONSTRAINT `ACT_FK_INFO_JSON_BA` FOREIGN KEY (`INFO_JSON_ID_`) REFERENCES `ACT_GE_BYTEARRAY` (`ID_`),
  CONSTRAINT `ACT_FK_INFO_PROCDEF` FOREIGN KEY (`PROC_DEF_ID_`) REFERENCES `ACT_RE_PROCDEF` (`ID_`)
) ENGINE=InnoDB DEFAULT CHARSET=utf8 COLLATE=utf8_bin;

-- ----------------------------
-- Records of ACT_PROCDEF_INFO
-- ----------------------------

-- ----------------------------
-- Table structure for `ACT_RE_DEPLOYMENT`
-- ----------------------------
DROP TABLE IF EXISTS `ACT_RE_DEPLOYMENT`;
CREATE TABLE `ACT_RE_DEPLOYMENT` (
  `ID_` varchar(64) COLLATE utf8_bin NOT NULL,
  `NAME_` varchar(255) COLLATE utf8_bin DEFAULT NULL,
  `CATEGORY_` varchar(255) COLLATE utf8_bin DEFAULT NULL,
  `TENANT_ID_` varchar(255) COLLATE utf8_bin DEFAULT '',
  `DEPLOY_TIME_` timestamp(3) NULL DEFAULT NULL,
  PRIMARY KEY (`ID_`)
) ENGINE=InnoDB DEFAULT CHARSET=utf8 COLLATE=utf8_bin;

-- ----------------------------
-- Records of ACT_RE_DEPLOYMENT
-- ----------------------------
INSERT INTO ACT_RE_DEPLOYMENT VALUES ('122535', 'Leavebill', null, '', '2019-11-09 01:30:53.041');
INSERT INTO ACT_RE_DEPLOYMENT VALUES ('140008', 'Leavebill', null, '', '2019-11-10 13:18:42.027');
INSERT INTO ACT_RE_DEPLOYMENT VALUES ('145010', 'test001', null, '', '2019-11-11 02:01:42.004');
INSERT INTO ACT_RE_DEPLOYMENT VALUES ('145014', 'test001', null, '', '2019-11-11 02:02:33.231');

-- ----------------------------
-- Table structure for `ACT_RE_MODEL`
-- ----------------------------
DROP TABLE IF EXISTS `ACT_RE_MODEL`;
CREATE TABLE `ACT_RE_MODEL` (
  `ID_` varchar(64) COLLATE utf8_bin NOT NULL,
  `REV_` int(11) DEFAULT NULL,
  `NAME_` varchar(255) COLLATE utf8_bin DEFAULT NULL,
  `KEY_` varchar(255) COLLATE utf8_bin DEFAULT NULL,
  `CATEGORY_` varchar(255) COLLATE utf8_bin DEFAULT NULL,
  `CREATE_TIME_` timestamp(3) NULL DEFAULT NULL,
  `LAST_UPDATE_TIME_` timestamp(3) NULL DEFAULT NULL,
  `VERSION_` int(11) DEFAULT NULL,
  `META_INFO_` varchar(4000) COLLATE utf8_bin DEFAULT NULL,
  `DEPLOYMENT_ID_` varchar(64) COLLATE utf8_bin DEFAULT NULL,
  `EDITOR_SOURCE_VALUE_ID_` varchar(64) COLLATE utf8_bin DEFAULT NULL,
  `EDITOR_SOURCE_EXTRA_VALUE_ID_` varchar(64) COLLATE utf8_bin DEFAULT NULL,
  `TENANT_ID_` varchar(255) COLLATE utf8_bin DEFAULT '',
  PRIMARY KEY (`ID_`),
  KEY `ACT_FK_MODEL_SOURCE` (`EDITOR_SOURCE_VALUE_ID_`),
  KEY `ACT_FK_MODEL_SOURCE_EXTRA` (`EDITOR_SOURCE_EXTRA_VALUE_ID_`),
  KEY `ACT_FK_MODEL_DEPLOYMENT` (`DEPLOYMENT_ID_`),
  CONSTRAINT `ACT_FK_MODEL_DEPLOYMENT` FOREIGN KEY (`DEPLOYMENT_ID_`) REFERENCES `ACT_RE_DEPLOYMENT` (`ID_`),
  CONSTRAINT `ACT_FK_MODEL_SOURCE` FOREIGN KEY (`EDITOR_SOURCE_VALUE_ID_`) REFERENCES `ACT_GE_BYTEARRAY` (`ID_`),
  CONSTRAINT `ACT_FK_MODEL_SOURCE_EXTRA` FOREIGN KEY (`EDITOR_SOURCE_EXTRA_VALUE_ID_`) REFERENCES `ACT_GE_BYTEARRAY` (`ID_`)
) ENGINE=InnoDB DEFAULT CHARSET=utf8 COLLATE=utf8_bin;

-- ----------------------------
-- Records of ACT_RE_MODEL
-- ----------------------------
INSERT INTO ACT_RE_MODEL VALUES ('145007', '7', 'test001', 'process', null, '2019-11-11 01:55:20.632', '2019-11-11 02:02:33.453', '1', '{\"name\":\"test001\",\"description\":\"\",\"revision\":1}', '145014', '145008', '145009', '');
INSERT INTO ACT_RE_MODEL VALUES ('40001', '41', 'Leavebill', 'process', null, '2019-11-06 14:42:00.804', '2019-11-10 13:18:42.533', '1', '{\"name\":\"Leavebill\",\"description\":\"\",\"revision\":1}', '140008', '40002', '40003', '');

-- ----------------------------
-- Table structure for `ACT_RE_PROCDEF`
-- ----------------------------
DROP TABLE IF EXISTS `ACT_RE_PROCDEF`;
CREATE TABLE `ACT_RE_PROCDEF` (
  `ID_` varchar(64) COLLATE utf8_bin NOT NULL,
  `REV_` int(11) DEFAULT NULL,
  `CATEGORY_` varchar(255) COLLATE utf8_bin DEFAULT NULL,
  `NAME_` varchar(255) COLLATE utf8_bin DEFAULT NULL,
  `KEY_` varchar(255) COLLATE utf8_bin NOT NULL,
  `VERSION_` int(11) NOT NULL,
  `DEPLOYMENT_ID_` varchar(64) COLLATE utf8_bin DEFAULT NULL,
  `RESOURCE_NAME_` varchar(4000) COLLATE utf8_bin DEFAULT NULL,
  `DGRM_RESOURCE_NAME_` varchar(4000) COLLATE utf8_bin DEFAULT NULL,
  `DESCRIPTION_` varchar(4000) COLLATE utf8_bin DEFAULT NULL,
  `HAS_START_FORM_KEY_` tinyint(4) DEFAULT NULL,
  `HAS_GRAPHICAL_NOTATION_` tinyint(4) DEFAULT NULL,
  `SUSPENSION_STATE_` int(11) DEFAULT NULL,
  `TENANT_ID_` varchar(255) COLLATE utf8_bin DEFAULT '',
  PRIMARY KEY (`ID_`),
  UNIQUE KEY `ACT_UNIQ_PROCDEF` (`KEY_`,`VERSION_`,`TENANT_ID_`)
) ENGINE=InnoDB DEFAULT CHARSET=utf8 COLLATE=utf8_bin;

-- ----------------------------
-- Records of ACT_RE_PROCDEF
-- ----------------------------
INSERT INTO ACT_RE_PROCDEF VALUES ('Leavebill:1:122538', '1', 'http://www.activiti.org/processdef', 'Leavebill', 'Leavebill', '1', '122535', 'Leavebill.bpmn20.xml', 'Leavebill.Leavebill.png', null, '0', '1', '1', '');
INSERT INTO ACT_RE_PROCDEF VALUES ('Leavebill:2:140011', '1', 'http://www.activiti.org/processdef', 'Leavebill', 'Leavebill', '2', '140008', 'Leavebill.bpmn20.xml', 'Leavebill.Leavebill.png', null, '0', '1', '1', '');
INSERT INTO ACT_RE_PROCDEF VALUES ('process:1:145013', '1', 'http://www.activiti.org/processdef', null, 'process', '1', '145010', 'test001.bpmn20.xml', 'test001.process.png', null, '0', '1', '1', '');
INSERT INTO ACT_RE_PROCDEF VALUES ('test001:1:145017', '1', 'http://www.activiti.org/processdef', 'test001', 'test001', '1', '145014', 'test001.bpmn20.xml', 'test001.test001.png', null, '0', '1', '1', '');

-- ----------------------------
-- Table structure for `ACT_RU_EVENT_SUBSCR`
-- ----------------------------
DROP TABLE IF EXISTS `ACT_RU_EVENT_SUBSCR`;
CREATE TABLE `ACT_RU_EVENT_SUBSCR` (
  `ID_` varchar(64) COLLATE utf8_bin NOT NULL,
  `REV_` int(11) DEFAULT NULL,
  `EVENT_TYPE_` varchar(255) COLLATE utf8_bin NOT NULL,
  `EVENT_NAME_` varchar(255) COLLATE utf8_bin DEFAULT NULL,
  `EXECUTION_ID_` varchar(64) COLLATE utf8_bin DEFAULT NULL,
  `PROC_INST_ID_` varchar(64) COLLATE utf8_bin DEFAULT NULL,
  `ACTIVITY_ID_` varchar(64) COLLATE utf8_bin DEFAULT NULL,
  `CONFIGURATION_` varchar(255) COLLATE utf8_bin DEFAULT NULL,
  `CREATED_` timestamp(3) NOT NULL DEFAULT CURRENT_TIMESTAMP(3),
  `PROC_DEF_ID_` varchar(64) COLLATE utf8_bin DEFAULT NULL,
  `TENANT_ID_` varchar(255) COLLATE utf8_bin DEFAULT '',
  PRIMARY KEY (`ID_`),
  KEY `ACT_IDX_EVENT_SUBSCR_CONFIG_` (`CONFIGURATION_`),
  KEY `ACT_FK_EVENT_EXEC` (`EXECUTION_ID_`),
  CONSTRAINT `ACT_FK_EVENT_EXEC` FOREIGN KEY (`EXECUTION_ID_`) REFERENCES `ACT_RU_EXECUTION` (`ID_`)
) ENGINE=InnoDB DEFAULT CHARSET=utf8 COLLATE=utf8_bin;

-- ----------------------------
-- Records of ACT_RU_EVENT_SUBSCR
-- ----------------------------

-- ----------------------------
-- Table structure for `ACT_RU_EXECUTION`
-- ----------------------------
DROP TABLE IF EXISTS `ACT_RU_EXECUTION`;
CREATE TABLE `ACT_RU_EXECUTION` (
  `ID_` varchar(64) COLLATE utf8_bin NOT NULL,
  `REV_` int(11) DEFAULT NULL,
  `PROC_INST_ID_` varchar(64) COLLATE utf8_bin DEFAULT NULL,
  `BUSINESS_KEY_` varchar(255) COLLATE utf8_bin DEFAULT NULL,
  `PARENT_ID_` varchar(64) COLLATE utf8_bin DEFAULT NULL,
  `PROC_DEF_ID_` varchar(64) COLLATE utf8_bin DEFAULT NULL,
  `SUPER_EXEC_` varchar(64) COLLATE utf8_bin DEFAULT NULL,
  `ACT_ID_` varchar(255) COLLATE utf8_bin DEFAULT NULL,
  `IS_ACTIVE_` tinyint(4) DEFAULT NULL,
  `IS_CONCURRENT_` tinyint(4) DEFAULT NULL,
  `IS_SCOPE_` tinyint(4) DEFAULT NULL,
  `IS_EVENT_SCOPE_` tinyint(4) DEFAULT NULL,
  `SUSPENSION_STATE_` int(11) DEFAULT NULL,
  `CACHED_ENT_STATE_` int(11) DEFAULT NULL,
  `TENANT_ID_` varchar(255) COLLATE utf8_bin DEFAULT '',
  `NAME_` varchar(255) COLLATE utf8_bin DEFAULT NULL,
  `LOCK_TIME_` timestamp(3) NULL DEFAULT NULL,
  PRIMARY KEY (`ID_`),
  KEY `ACT_IDX_EXEC_BUSKEY` (`BUSINESS_KEY_`),
  KEY `ACT_FK_EXE_PROCINST` (`PROC_INST_ID_`),
  KEY `ACT_FK_EXE_PARENT` (`PARENT_ID_`),
  KEY `ACT_FK_EXE_SUPER` (`SUPER_EXEC_`),
  KEY `ACT_FK_EXE_PROCDEF` (`PROC_DEF_ID_`),
  CONSTRAINT `ACT_FK_EXE_PARENT` FOREIGN KEY (`PARENT_ID_`) REFERENCES `ACT_RU_EXECUTION` (`ID_`),
  CONSTRAINT `ACT_FK_EXE_PROCDEF` FOREIGN KEY (`PROC_DEF_ID_`) REFERENCES `ACT_RE_PROCDEF` (`ID_`),
  CONSTRAINT `ACT_FK_EXE_PROCINST` FOREIGN KEY (`PROC_INST_ID_`) REFERENCES `ACT_RU_EXECUTION` (`ID_`) ON DELETE CASCADE ON UPDATE CASCADE,
  CONSTRAINT `ACT_FK_EXE_SUPER` FOREIGN KEY (`SUPER_EXEC_`) REFERENCES `ACT_RU_EXECUTION` (`ID_`)
) ENGINE=InnoDB DEFAULT CHARSET=utf8 COLLATE=utf8_bin;

-- ----------------------------
-- Records of ACT_RU_EXECUTION
-- ----------------------------
INSERT INTO ACT_RU_EXECUTION VALUES ('135001', '3', '135001', 'Leavebill:10', null, 'Leavebill:1:122538', null, 'usertask1', '1', '0', '1', '0', '1', '2', '', null, null);
INSERT INTO ACT_RU_EXECUTION VALUES ('137501', '3', '137501', 'Leavebill:13', null, 'Leavebill:1:122538', null, 'usertask3', '1', '0', '1', '0', '1', '2', '', null, null);
INSERT INTO ACT_RU_EXECUTION VALUES ('142501', '7', '142501', 'Leavebill:14', null, 'Leavebill:2:140011', null, 'usertask1', '1', '0', '1', '0', '1', '2', '', null, null);

-- ----------------------------
-- Table structure for `ACT_RU_IDENTITYLINK`
-- ----------------------------
DROP TABLE IF EXISTS `ACT_RU_IDENTITYLINK`;
CREATE TABLE `ACT_RU_IDENTITYLINK` (
  `ID_` varchar(64) COLLATE utf8_bin NOT NULL,
  `REV_` int(11) DEFAULT NULL,
  `GROUP_ID_` varchar(255) COLLATE utf8_bin DEFAULT NULL,
  `TYPE_` varchar(255) COLLATE utf8_bin DEFAULT NULL,
  `USER_ID_` varchar(255) COLLATE utf8_bin DEFAULT NULL,
  `TASK_ID_` varchar(64) COLLATE utf8_bin DEFAULT NULL,
  `PROC_INST_ID_` varchar(64) COLLATE utf8_bin DEFAULT NULL,
  `PROC_DEF_ID_` varchar(64) COLLATE utf8_bin DEFAULT NULL,
  PRIMARY KEY (`ID_`),
  KEY `ACT_IDX_IDENT_LNK_USER` (`USER_ID_`),
  KEY `ACT_IDX_IDENT_LNK_GROUP` (`GROUP_ID_`),
  KEY `ACT_IDX_ATHRZ_PROCEDEF` (`PROC_DEF_ID_`),
  KEY `ACT_FK_TSKASS_TASK` (`TASK_ID_`),
  KEY `ACT_FK_IDL_PROCINST` (`PROC_INST_ID_`),
  CONSTRAINT `ACT_FK_ATHRZ_PROCEDEF` FOREIGN KEY (`PROC_DEF_ID_`) REFERENCES `ACT_RE_PROCDEF` (`ID_`),
  CONSTRAINT `ACT_FK_IDL_PROCINST` FOREIGN KEY (`PROC_INST_ID_`) REFERENCES `ACT_RU_EXECUTION` (`ID_`),
  CONSTRAINT `ACT_FK_TSKASS_TASK` FOREIGN KEY (`TASK_ID_`) REFERENCES `ACT_RU_TASK` (`ID_`)
) ENGINE=InnoDB DEFAULT CHARSET=utf8 COLLATE=utf8_bin;

-- ----------------------------
-- Records of ACT_RU_IDENTITYLINK
-- ----------------------------
INSERT INTO ACT_RU_IDENTITYLINK VALUES ('135006', '1', null, 'participant', '', null, '135001', null);
INSERT INTO ACT_RU_IDENTITYLINK VALUES ('135011', '1', null, 'participant', '', null, '135001', null);
INSERT INTO ACT_RU_IDENTITYLINK VALUES ('137506', '1', null, 'participant', '', null, '137501', null);
INSERT INTO ACT_RU_IDENTITYLINK VALUES ('137511', '1', null, 'participant', '', null, '137501', null);
INSERT INTO ACT_RU_IDENTITYLINK VALUES ('137515', '1', null, 'participant', '', null, '137501', null);
INSERT INTO ACT_RU_IDENTITYLINK VALUES ('142506', '1', null, 'participant', '', null, '142501', null);
INSERT INTO ACT_RU_IDENTITYLINK VALUES ('142511', '1', null, 'participant', '', null, '142501', null);
INSERT INTO ACT_RU_IDENTITYLINK VALUES ('142515', '1', null, 'participant', '', null, '142501', null);

-- ----------------------------
-- Table structure for `ACT_RU_JOB`
-- ----------------------------
DROP TABLE IF EXISTS `ACT_RU_JOB`;
CREATE TABLE `ACT_RU_JOB` (
  `ID_` varchar(64) COLLATE utf8_bin NOT NULL,
  `REV_` int(11) DEFAULT NULL,
  `TYPE_` varchar(255) COLLATE utf8_bin NOT NULL,
  `LOCK_EXP_TIME_` timestamp(3) NULL DEFAULT NULL,
  `LOCK_OWNER_` varchar(255) COLLATE utf8_bin DEFAULT NULL,
  `EXCLUSIVE_` tinyint(1) DEFAULT NULL,
  `EXECUTION_ID_` varchar(64) COLLATE utf8_bin DEFAULT NULL,
  `PROCESS_INSTANCE_ID_` varchar(64) COLLATE utf8_bin DEFAULT NULL,
  `PROC_DEF_ID_` varchar(64) COLLATE utf8_bin DEFAULT NULL,
  `RETRIES_` int(11) DEFAULT NULL,
  `EXCEPTION_STACK_ID_` varchar(64) COLLATE utf8_bin DEFAULT NULL,
  `EXCEPTION_MSG_` varchar(4000) COLLATE utf8_bin DEFAULT NULL,
  `DUEDATE_` timestamp(3) NULL DEFAULT NULL,
  `REPEAT_` varchar(255) COLLATE utf8_bin DEFAULT NULL,
  `HANDLER_TYPE_` varchar(255) COLLATE utf8_bin DEFAULT NULL,
  `HANDLER_CFG_` varchar(4000) COLLATE utf8_bin DEFAULT NULL,
  `TENANT_ID_` varchar(255) COLLATE utf8_bin DEFAULT '',
  PRIMARY KEY (`ID_`),
  KEY `ACT_FK_JOB_EXCEPTION` (`EXCEPTION_STACK_ID_`),
  CONSTRAINT `ACT_FK_JOB_EXCEPTION` FOREIGN KEY (`EXCEPTION_STACK_ID_`) REFERENCES `ACT_GE_BYTEARRAY` (`ID_`)
) ENGINE=InnoDB DEFAULT CHARSET=utf8 COLLATE=utf8_bin;

-- ----------------------------
-- Records of ACT_RU_JOB
-- ----------------------------

-- ----------------------------
-- Table structure for `ACT_RU_TASK`
-- ----------------------------
DROP TABLE IF EXISTS `ACT_RU_TASK`;
CREATE TABLE `ACT_RU_TASK` (
  `ID_` varchar(64) COLLATE utf8_bin NOT NULL,
  `REV_` int(11) DEFAULT NULL,
  `EXECUTION_ID_` varchar(64) COLLATE utf8_bin DEFAULT NULL,
  `PROC_INST_ID_` varchar(64) COLLATE utf8_bin DEFAULT NULL,
  `PROC_DEF_ID_` varchar(64) COLLATE utf8_bin DEFAULT NULL,
  `NAME_` varchar(255) COLLATE utf8_bin DEFAULT NULL,
  `PARENT_TASK_ID_` varchar(64) COLLATE utf8_bin DEFAULT NULL,
  `DESCRIPTION_` varchar(4000) COLLATE utf8_bin DEFAULT NULL,
  `TASK_DEF_KEY_` varchar(255) COLLATE utf8_bin DEFAULT NULL,
  `OWNER_` varchar(255) COLLATE utf8_bin DEFAULT NULL,
  `ASSIGNEE_` varchar(255) COLLATE utf8_bin DEFAULT NULL,
  `DELEGATION_` varchar(64) COLLATE utf8_bin DEFAULT NULL,
  `PRIORITY_` int(11) DEFAULT NULL,
  `CREATE_TIME_` timestamp(3) NULL DEFAULT NULL,
  `DUE_DATE_` datetime(3) DEFAULT NULL,
  `CATEGORY_` varchar(255) COLLATE utf8_bin DEFAULT NULL,
  `SUSPENSION_STATE_` int(11) DEFAULT NULL,
  `TENANT_ID_` varchar(255) COLLATE utf8_bin DEFAULT '',
  `FORM_KEY_` varchar(255) COLLATE utf8_bin DEFAULT NULL,
  PRIMARY KEY (`ID_`),
  KEY `ACT_IDX_TASK_CREATE` (`CREATE_TIME_`),
  KEY `ACT_FK_TASK_EXE` (`EXECUTION_ID_`),
  KEY `ACT_FK_TASK_PROCINST` (`PROC_INST_ID_`),
  KEY `ACT_FK_TASK_PROCDEF` (`PROC_DEF_ID_`),
  CONSTRAINT `ACT_FK_TASK_EXE` FOREIGN KEY (`EXECUTION_ID_`) REFERENCES `ACT_RU_EXECUTION` (`ID_`),
  CONSTRAINT `ACT_FK_TASK_PROCDEF` FOREIGN KEY (`PROC_DEF_ID_`) REFERENCES `ACT_RE_PROCDEF` (`ID_`),
  CONSTRAINT `ACT_FK_TASK_PROCINST` FOREIGN KEY (`PROC_INST_ID_`) REFERENCES `ACT_RU_EXECUTION` (`ID_`)
) ENGINE=InnoDB DEFAULT CHARSET=utf8 COLLATE=utf8_bin;

-- ----------------------------
-- Records of ACT_RU_TASK
-- ----------------------------
INSERT INTO ACT_RU_TASK VALUES ('135014', '1', '135001', '135001', 'Leavebill:1:122538', '', null, null, 'usertask1', null, '', null, '50', '2019-11-09 14:09:04.246', null, null, '1', '', null);
INSERT INTO ACT_RU_TASK VALUES ('137514', '1', '137501', '137501', 'Leavebill:1:122538', '', null, null, 'usertask3', null, '', null, '50', '2019-11-10 07:35:58.921', null, null, '1', '', null);
INSERT INTO ACT_RU_TASK VALUES ('142527', '1', '142501', '142501', 'Leavebill:2:140011', '', null, null, 'usertask1', null, '', null, '50', '2019-11-10 13:40:16.194', null, null, '1', '', null);

-- ----------------------------
-- Table structure for `ACT_RU_VARIABLE`
-- ----------------------------
DROP TABLE IF EXISTS `ACT_RU_VARIABLE`;
CREATE TABLE `ACT_RU_VARIABLE` (
  `ID_` varchar(64) COLLATE utf8_bin NOT NULL,
  `REV_` int(11) DEFAULT NULL,
  `TYPE_` varchar(255) COLLATE utf8_bin NOT NULL,
  `NAME_` varchar(255) COLLATE utf8_bin NOT NULL,
  `EXECUTION_ID_` varchar(64) COLLATE utf8_bin DEFAULT NULL,
  `PROC_INST_ID_` varchar(64) COLLATE utf8_bin DEFAULT NULL,
  `TASK_ID_` varchar(64) COLLATE utf8_bin DEFAULT NULL,
  `BYTEARRAY_ID_` varchar(64) COLLATE utf8_bin DEFAULT NULL,
  `DOUBLE_` double DEFAULT NULL,
  `LONG_` bigint(20) DEFAULT NULL,
  `TEXT_` varchar(4000) COLLATE utf8_bin DEFAULT NULL,
  `TEXT2_` varchar(4000) COLLATE utf8_bin DEFAULT NULL,
  PRIMARY KEY (`ID_`),
  KEY `ACT_IDX_VARIABLE_TASK_ID` (`TASK_ID_`),
  KEY `ACT_FK_VAR_EXE` (`EXECUTION_ID_`),
  KEY `ACT_FK_VAR_PROCINST` (`PROC_INST_ID_`),
  KEY `ACT_FK_VAR_BYTEARRAY` (`BYTEARRAY_ID_`),
  CONSTRAINT `ACT_FK_VAR_BYTEARRAY` FOREIGN KEY (`BYTEARRAY_ID_`) REFERENCES `ACT_GE_BYTEARRAY` (`ID_`),
  CONSTRAINT `ACT_FK_VAR_EXE` FOREIGN KEY (`EXECUTION_ID_`) REFERENCES `ACT_RU_EXECUTION` (`ID_`),
  CONSTRAINT `ACT_FK_VAR_PROCINST` FOREIGN KEY (`PROC_INST_ID_`) REFERENCES `ACT_RU_EXECUTION` (`ID_`)
) ENGINE=InnoDB DEFAULT CHARSET=utf8 COLLATE=utf8_bin;

-- ----------------------------
-- Records of ACT_RU_VARIABLE
-- ----------------------------
INSERT INTO ACT_RU_VARIABLE VALUES ('135003', '1', 'string', 'username', '135001', '135001', null, null, null, null, '', null);
INSERT INTO ACT_RU_VARIABLE VALUES ('135008', '2', 'string', 'outcome', '135001', '135001', null, null, null, null, '', null);
INSERT INTO ACT_RU_VARIABLE VALUES ('137503', '1', 'string', 'username', '137501', '137501', null, null, null, null, '', null);
INSERT INTO ACT_RU_VARIABLE VALUES ('137508', '2', 'string', 'outcome', '137501', '137501', null, null, null, null, '', null);
INSERT INTO ACT_RU_VARIABLE VALUES ('142503', '1', 'string', 'username', '142501', '142501', null, null, null, null, '', null);
INSERT INTO ACT_RU_VARIABLE VALUES ('142508', '6', 'string', 'outcome', '142501', '142501', null, null, null, null, '', null);

-- ----------------------------
-- Table structure for `sys_dept`
-- ----------------------------
DROP TABLE IF EXISTS `sys_dept`;
CREATE TABLE `sys_dept` (
  `id` int(11) NOT NULL AUTO_INCREMENT,
  `pid` int(11) DEFAULT NULL,
  `title` varchar(255) DEFAULT NULL,
  `open` int(11) DEFAULT NULL,
  `remark` varchar(255) DEFAULT NULL,
  `address` varchar(255) DEFAULT NULL,
  `available` int(11) DEFAULT NULL COMMENT '01',
  `ordernum` int(11) DEFAULT NULL COMMENT '',
  `createtime` datetime DEFAULT NULL,
  PRIMARY KEY (`id`) USING BTREE
) ENGINE=InnoDB AUTO_INCREMENT=26 DEFAULT CHARSET=utf8 ROW_FORMAT=DYNAMIC;

-- ----------------------------
-- Records of sys_dept
-- ----------------------------
INSERT INTO sys_dept VALUES ('1', '0', '', '1', 'BOSS', '', '1', '1', '2019-04-10 14:06:32');
INSERT INTO sys_dept VALUES ('2', '1', '', '0', '', '', '1', '2', '2019-04-10 14:06:32');
INSERT INTO sys_dept VALUES ('3', '1', '', '0', '', '', '1', '3', '2019-04-10 14:06:32');
INSERT INTO sys_dept VALUES ('4', '1', '', '0', '', '', '1', '4', '2019-04-10 14:06:32');
INSERT INTO sys_dept VALUES ('5', '2', '', '0', '', '', '1', '5', '2019-04-10 14:06:32');
INSERT INTO sys_dept VALUES ('6', '2', '', '0', '', '', '1', '6', '2019-04-10 14:06:32');
INSERT INTO sys_dept VALUES ('7', '3', '', '0', '', '', '1', '7', '2019-04-10 14:06:32');
INSERT INTO sys_dept VALUES ('8', '2', '', '0', '', '11', '1', '8', '2019-04-10 14:06:32');
INSERT INTO sys_dept VALUES ('9', '2', '', '0', '', '222', '1', '9', '2019-04-10 14:06:32');
INSERT INTO sys_dept VALUES ('10', '2', '', '0', '', '33', '1', '10', '2019-04-10 14:06:32');
INSERT INTO sys_dept VALUES ('24', '4', '33', '1', '333', '33', '1', '12', '2019-09-24 02:11:09');
INSERT INTO sys_dept VALUES ('25', '4', '444', '1', '444', '44', '1', '13', '2019-09-24 02:11:25');

-- ----------------------------
-- Table structure for `sys_leavebill`
-- ----------------------------
DROP TABLE IF EXISTS `sys_leavebill`;
CREATE TABLE `sys_leavebill` (
  `id` int(11) NOT NULL AUTO_INCREMENT COMMENT '',
  `title` varchar(50) DEFAULT NULL COMMENT '',
  `content` varchar(255) DEFAULT NULL COMMENT '',
  `days` double(10,0) DEFAULT NULL COMMENT '',
  `leavetime` datetime DEFAULT NULL COMMENT '',
  `state` int(11) DEFAULT '0' COMMENT '',
  `userid` varchar(11) DEFAULT NULL COMMENT '',
  PRIMARY KEY (`id`)
) ENGINE=InnoDB AUTO_INCREMENT=18 DEFAULT CHARSET=utf8;

-- ----------------------------
-- Records of sys_leavebill
-- ----------------------------
INSERT INTO sys_leavebill VALUES ('2', '111', '1111', '11', '2019-11-06 03:02:00', '0', '1');
INSERT INTO sys_leavebill VALUES ('3', '111', '111', '11', '2019-11-05 11:29:33', '1', '1');
INSERT INTO sys_leavebill VALUES ('4', '111', '2222', '111', '2019-11-05 11:29:54', '2', '1');
INSERT INTO sys_leavebill VALUES ('5', '2222', '333', '1111', '2019-11-06 11:30:05', '3', '1');
INSERT INTO sys_leavebill VALUES ('6', '', '', '2', '2019-11-06 04:34:46', '0', '1');
INSERT INTO sys_leavebill VALUES ('7', '', '', '1', '2019-11-06 05:00:11', '0', '8');
INSERT INTO sys_leavebill VALUES ('9', '', '<br>', '50', '2019-11-07 09:52:05', '2', '5');
INSERT INTO sys_leavebill VALUES ('10', '', '', '2', '2019-11-07 12:47:52', '1', '5');
INSERT INTO sys_leavebill VALUES ('11', '', '<br>', '23', '2019-11-09 12:31:26', '2', '5');
INSERT INTO sys_leavebill VALUES ('13', '', '<br>', '22', '2019-11-10 07:35:13', '1', '5');
INSERT INTO sys_leavebill VALUES ('14', '', '', '100', '2019-11-10 13:37:09', '1', '5');
INSERT INTO sys_leavebill VALUES ('15', '', '', '66', '2019-11-10 13:41:31', '2', '5');
INSERT INTO sys_leavebill VALUES ('16', '', '<br>', '88', '2019-11-10 13:46:13', '2', '5');
INSERT INTO sys_leavebill VALUES ('17', '', ' <br>', '55', '2019-11-10 14:44:30', '2', '5');

-- ----------------------------
-- Table structure for `sys_loginfo`
-- ----------------------------
DROP TABLE IF EXISTS `sys_loginfo`;
CREATE TABLE `sys_loginfo` (
  `id` int(11) NOT NULL AUTO_INCREMENT,
  `loginname` varchar(255) DEFAULT NULL,
  `loginip` varchar(255) DEFAULT NULL,
  `logintime` datetime DEFAULT NULL,
  PRIMARY KEY (`id`) USING BTREE
) ENGINE=InnoDB AUTO_INCREMENT=619 DEFAULT CHARSET=utf8 ROW_FORMAT=DYNAMIC;

-- ----------------------------
-- Records of sys_loginfo
-- ----------------------------
INSERT INTO sys_loginfo VALUES ('2', '-system', '127.0.0.1', '2018-12-21 16:54:52');
INSERT INTO sys_loginfo VALUES ('3', '-system', '127.0.0.1', '2018-12-21 16:55:15');
INSERT INTO sys_loginfo VALUES ('4', '-system', '127.0.0.1', '2018-12-21 17:29:22');
INSERT INTO sys_loginfo VALUES ('5', '-system', '127.0.0.1', '2018-12-22 09:05:22');
INSERT INTO sys_loginfo VALUES ('6', '-system', '127.0.0.1', '2018-12-22 09:20:43');
INSERT INTO sys_loginfo VALUES ('7', '-system', '127.0.0.1', '2018-12-22 09:25:40');
INSERT INTO sys_loginfo VALUES ('8', '-system', '127.0.0.1', '2018-12-22 09:27:11');
INSERT INTO sys_loginfo VALUES ('9', '-system', '127.0.0.1', '2018-12-22 09:29:58');
INSERT INTO sys_loginfo VALUES ('10', '-system', '127.0.0.1', '2018-12-22 09:36:49');
INSERT INTO sys_loginfo VALUES ('11', '-system', '127.0.0.1', '2018-12-22 09:46:56');
INSERT INTO sys_loginfo VALUES ('12', '-system', '127.0.0.1', '2018-12-22 09:48:29');
INSERT INTO sys_loginfo VALUES ('13', '-system', '127.0.0.1', '2018-12-22 09:49:13');
INSERT INTO sys_loginfo VALUES ('14', '-system', '127.0.0.1', '2018-12-22 09:49:57');
INSERT INTO sys_loginfo VALUES ('15', '-system', '127.0.0.1', '2018-12-22 09:57:46');
INSERT INTO sys_loginfo VALUES ('16', '-system', '127.0.0.1', '2018-12-22 10:21:53');
INSERT INTO sys_loginfo VALUES ('17', '-system', '127.0.0.1', '2018-12-22 10:38:25');
INSERT INTO sys_loginfo VALUES ('18', '-system', '127.0.0.1', '2018-12-22 10:49:21');
INSERT INTO sys_loginfo VALUES ('19', '-system', '127.0.0.1', '2018-12-22 14:01:42');
INSERT INTO sys_loginfo VALUES ('20', '-system', '127.0.0.1', '2018-12-22 14:19:48');
INSERT INTO sys_loginfo VALUES ('21', '-system', '127.0.0.1', '2018-12-22 14:45:29');
INSERT INTO sys_loginfo VALUES ('22', '-system', '127.0.0.1', '2018-12-22 15:58:05');
INSERT INTO sys_loginfo VALUES ('23', '-system', '127.0.0.1', '2018-12-22 16:40:53');
INSERT INTO sys_loginfo VALUES ('24', '-system', '127.0.0.1', '2018-12-22 17:12:01');
INSERT INTO sys_loginfo VALUES ('25', '-system', '127.0.0.1', '2018-12-24 09:19:15');
INSERT INTO sys_loginfo VALUES ('26', '-system', '127.0.0.1', '2018-12-24 09:37:28');
INSERT INTO sys_loginfo VALUES ('27', '-system', '127.0.0.1', '2018-12-24 09:46:51');
INSERT INTO sys_loginfo VALUES ('28', '-system', '127.0.0.1', '2018-12-24 09:50:40');
INSERT INTO sys_loginfo VALUES ('29', '-system', '127.0.0.1', '2018-12-24 09:52:52');
INSERT INTO sys_loginfo VALUES ('30', '-system', '127.0.0.1', '2018-12-24 10:00:26');
INSERT INTO sys_loginfo VALUES ('31', '-system', '127.0.0.1', '2018-12-24 10:10:58');
INSERT INTO sys_loginfo VALUES ('32', '-system', '127.0.0.1', '2018-12-24 10:21:28');
INSERT INTO sys_loginfo VALUES ('33', '-system', '127.0.0.1', '2018-12-24 11:22:27');
INSERT INTO sys_loginfo VALUES ('34', '-system', '127.0.0.1', '2018-12-24 11:35:28');
INSERT INTO sys_loginfo VALUES ('35', '-system', '127.0.0.1', '2018-12-24 14:05:28');
INSERT INTO sys_loginfo VALUES ('36', '-system', '127.0.0.1', '2018-12-24 15:16:29');
INSERT INTO sys_loginfo VALUES ('37', '-ls', '127.0.0.1', '2018-12-24 15:16:50');
INSERT INTO sys_loginfo VALUES ('38', '-ww', '127.0.0.1', '2018-12-24 15:17:36');
INSERT INTO sys_loginfo VALUES ('39', '-zl', '127.0.0.1', '2018-12-24 15:17:47');
INSERT INTO sys_loginfo VALUES ('40', '-sq', '127.0.0.1', '2018-12-24 15:17:58');
INSERT INTO sys_loginfo VALUES ('41', '-lb', '127.0.0.1', '2018-12-24 15:18:09');
INSERT INTO sys_loginfo VALUES ('42', '-system', '127.0.0.1', '2018-12-24 15:34:59');
INSERT INTO sys_loginfo VALUES ('43', '-system', '127.0.0.1', '2018-12-24 15:35:09');
INSERT INTO sys_loginfo VALUES ('44', '-lb', '127.0.0.1', '2018-12-24 15:36:09');
INSERT INTO sys_loginfo VALUES ('45', '-lb', '127.0.0.1', '2018-12-24 15:42:58');
INSERT INTO sys_loginfo VALUES ('46', '-lb', '127.0.0.1', '2018-12-24 15:43:04');
INSERT INTO sys_loginfo VALUES ('47', '-system', '127.0.0.1', '2018-12-24 15:46:01');
INSERT INTO sys_loginfo VALUES ('48', '-system', '127.0.0.1', '2018-12-24 17:03:54');
INSERT INTO sys_loginfo VALUES ('49', '-system', '127.0.0.1', '2018-12-24 17:26:32');
INSERT INTO sys_loginfo VALUES ('50', '-system', '127.0.0.1', '2018-12-25 09:07:42');
INSERT INTO sys_loginfo VALUES ('51', '-system', '127.0.0.1', '2018-12-25 09:16:27');
INSERT INTO sys_loginfo VALUES ('52', '-system', '127.0.0.1', '2018-12-25 09:59:03');
INSERT INTO sys_loginfo VALUES ('53', '-system', '127.0.0.1', '2018-12-25 10:05:13');
INSERT INTO sys_loginfo VALUES ('54', '-system', '127.0.0.1', '2018-12-25 10:05:47');
INSERT INTO sys_loginfo VALUES ('55', '-system', '127.0.0.1', '2018-12-25 10:11:17');
INSERT INTO sys_loginfo VALUES ('56', '-system', '127.0.0.1', '2018-12-25 10:14:06');
INSERT INTO sys_loginfo VALUES ('57', '-system', '127.0.0.1', '2018-12-25 10:36:16');
INSERT INTO sys_loginfo VALUES ('58', '-system', '127.0.0.1', '2018-12-25 14:17:21');
INSERT INTO sys_loginfo VALUES ('59', '-system', '127.0.0.1', '2018-12-25 14:20:00');
INSERT INTO sys_loginfo VALUES ('60', '-system', '127.0.0.1', '2018-12-25 14:34:22');
INSERT INTO sys_loginfo VALUES ('61', '-system', '127.0.0.1', '2018-12-25 14:34:27');
INSERT INTO sys_loginfo VALUES ('62', '-system', '127.0.0.1', '2018-12-25 14:38:37');
INSERT INTO sys_loginfo VALUES ('63', '-system', '127.0.0.1', '2018-12-25 14:50:37');
INSERT INTO sys_loginfo VALUES ('64', '-system', '127.0.0.1', '2018-12-25 16:01:35');
INSERT INTO sys_loginfo VALUES ('65', '-system', '127.0.0.1', '2018-12-25 16:25:28');
INSERT INTO sys_loginfo VALUES ('66', '-system', '127.0.0.1', '2018-12-25 16:27:37');
INSERT INTO sys_loginfo VALUES ('67', '-system', '127.0.0.1', '2018-12-25 16:28:28');
INSERT INTO sys_loginfo VALUES ('68', '-system', '127.0.0.1', '2018-12-25 16:44:02');
INSERT INTO sys_loginfo VALUES ('69', '-system', '127.0.0.1', '2018-12-25 16:47:55');
INSERT INTO sys_loginfo VALUES ('70', '-system', '127.0.0.1', '2018-12-28 15:59:34');
INSERT INTO sys_loginfo VALUES ('71', '-system', '127.0.0.1', '2018-12-28 17:27:16');
INSERT INTO sys_loginfo VALUES ('72', '-system', '127.0.0.1', '2018-12-28 17:29:40');
INSERT INTO sys_loginfo VALUES ('73', '-system', '127.0.0.1', '2018-12-28 17:51:10');
INSERT INTO sys_loginfo VALUES ('74', '-system', '127.0.0.1', '2019-04-15 17:05:02');
INSERT INTO sys_loginfo VALUES ('75', '-system', '127.0.0.1', '2019-04-15 17:05:12');
INSERT INTO sys_loginfo VALUES ('76', '-system', '127.0.0.1', '2019-04-15 17:10:22');
INSERT INTO sys_loginfo VALUES ('77', '-lb', '127.0.0.1', '2019-04-15 17:11:45');
INSERT INTO sys_loginfo VALUES ('78', '-lb', '127.0.0.1', '2019-04-15 17:28:50');
INSERT INTO sys_loginfo VALUES ('79', '-system', '127.0.0.1', '2019-04-15 17:29:13');
INSERT INTO sys_loginfo VALUES ('80', '-lb', '127.0.0.1', '2019-04-15 17:30:59');
INSERT INTO sys_loginfo VALUES ('81', '-lb', '127.0.0.1', '2019-04-15 17:32:42');
INSERT INTO sys_loginfo VALUES ('82', '-lb', '127.0.0.1', '2019-04-15 17:33:48');
INSERT INTO sys_loginfo VALUES ('83', '-lb', '127.0.0.1', '2019-04-15 17:34:17');
INSERT INTO sys_loginfo VALUES ('84', '-system', '127.0.0.1', '2019-04-15 17:36:40');
INSERT INTO sys_loginfo VALUES ('85', '-system', '127.0.0.1', '2019-04-15 17:47:21');
INSERT INTO sys_loginfo VALUES ('86', '-system', '127.0.0.1', '2019-04-15 17:54:10');
INSERT INTO sys_loginfo VALUES ('87', '-system', '127.0.0.1', '2019-04-15 17:55:52');
INSERT INTO sys_loginfo VALUES ('88', '-system', '127.0.0.1', '2019-04-16 09:26:01');
INSERT INTO sys_loginfo VALUES ('89', '-system', '127.0.0.1', '2019-04-16 09:26:25');
INSERT INTO sys_loginfo VALUES ('90', '-system', '127.0.0.1', '2019-04-16 09:46:54');
INSERT INTO sys_loginfo VALUES ('91', '-system', '127.0.0.1', '2019-04-16 10:07:48');
INSERT INTO sys_loginfo VALUES ('92', '-system', '127.0.0.1', '2019-04-16 10:10:30');
INSERT INTO sys_loginfo VALUES ('94', '-system', '127.0.0.1', '2019-04-16 10:15:04');
INSERT INTO sys_loginfo VALUES ('95', '-system', '127.0.0.1', '2019-04-16 10:15:58');
INSERT INTO sys_loginfo VALUES ('96', '-system', '127.0.0.1', '2019-04-16 10:28:14');
INSERT INTO sys_loginfo VALUES ('97', '-system', '127.0.0.1', '2019-04-16 10:32:42');
INSERT INTO sys_loginfo VALUES ('98', '-system', '127.0.0.1', '2019-04-16 10:33:03');
INSERT INTO sys_loginfo VALUES ('99', '-system', '127.0.0.1', '2019-04-16 11:02:01');
INSERT INTO sys_loginfo VALUES ('100', '-system', '127.0.0.1', '2019-04-16 11:03:09');
INSERT INTO sys_loginfo VALUES ('101', '-system', '127.0.0.1', '2019-04-16 11:13:42');
INSERT INTO sys_loginfo VALUES ('102', '-system', '127.0.0.1', '2019-04-16 11:24:55');
INSERT INTO sys_loginfo VALUES ('104', '-system', '127.0.0.1', '2019-08-14 01:11:34');
INSERT INTO sys_loginfo VALUES ('105', '-system', '127.0.0.1', '2019-08-14 01:24:03');
INSERT INTO sys_loginfo VALUES ('106', '-ls', '127.0.0.1', '2019-08-14 01:25:47');
INSERT INTO sys_loginfo VALUES ('107', '-ls', '127.0.0.1', '2019-08-14 01:26:41');
INSERT INTO sys_loginfo VALUES ('108', '-sq', '127.0.0.1', '2019-08-14 01:28:22');
INSERT INTO sys_loginfo VALUES ('109', '-lb', '127.0.0.1', '2019-08-14 01:28:32');
INSERT INTO sys_loginfo VALUES ('110', '-system', '127.0.0.1', '2019-08-14 01:46:18');
INSERT INTO sys_loginfo VALUES ('111', '-system', '127.0.0.1', '2019-08-14 02:18:44');
INSERT INTO sys_loginfo VALUES ('112', '-system', '127.0.0.1', '2019-08-14 02:32:06');
INSERT INTO sys_loginfo VALUES ('113', '-ls', '127.0.0.1', '2019-08-14 03:00:19');
INSERT INTO sys_loginfo VALUES ('114', '-ls', '127.0.0.1', '2019-08-14 03:00:56');
INSERT INTO sys_loginfo VALUES ('115', '-ls', '127.0.0.1', '2019-08-14 03:01:31');
INSERT INTO sys_loginfo VALUES ('116', '-ls', '127.0.0.1', '2019-08-14 03:01:39');
INSERT INTO sys_loginfo VALUES ('117', '-ls', '127.0.0.1', '2019-08-14 03:02:25');
INSERT INTO sys_loginfo VALUES ('118', '-ls', '127.0.0.1', '2019-08-14 03:04:57');
INSERT INTO sys_loginfo VALUES ('119', '-ls', '127.0.0.1', '2019-08-14 03:07:19');
INSERT INTO sys_loginfo VALUES ('120', '-ls', '127.0.0.1', '2019-08-14 03:07:54');
INSERT INTO sys_loginfo VALUES ('121', '-system', '127.0.0.1', '2019-08-14 03:13:06');
INSERT INTO sys_loginfo VALUES ('122', '-ls', '127.0.0.1', '2019-08-14 03:14:46');
INSERT INTO sys_loginfo VALUES ('123', '-system', '127.0.0.1', '2019-08-14 06:03:47');
INSERT INTO sys_loginfo VALUES ('124', '-system', '127.0.0.1', '2019-08-14 07:20:12');
INSERT INTO sys_loginfo VALUES ('125', '-system', '127.0.0.1', '2019-08-14 07:23:05');
INSERT INTO sys_loginfo VALUES ('126', '-system', '127.0.0.1', '2019-08-14 07:25:30');
INSERT INTO sys_loginfo VALUES ('127', '-system', '127.0.0.1', '2019-08-14 07:26:34');
INSERT INTO sys_loginfo VALUES ('128', '-system', '127.0.0.1', '2019-08-14 07:27:22');
INSERT INTO sys_loginfo VALUES ('129', '-system', '127.0.0.1', '2019-08-14 07:27:51');
INSERT INTO sys_loginfo VALUES ('130', '-system', '127.0.0.1', '2019-08-14 08:22:05');
INSERT INTO sys_loginfo VALUES ('131', '-system', '127.0.0.1', '2019-08-14 08:43:53');
INSERT INTO sys_loginfo VALUES ('132', '-system', '127.0.0.1', '2019-08-14 08:45:55');
INSERT INTO sys_loginfo VALUES ('133', '-system', '127.0.0.1', '2019-08-14 08:47:13');
INSERT INTO sys_loginfo VALUES ('134', '-system', '127.0.0.1', '2019-08-14 09:35:20');
INSERT INTO sys_loginfo VALUES ('135', '-system', '127.0.0.1', '2019-08-14 09:41:02');
INSERT INTO sys_loginfo VALUES ('136', '-system', '127.0.0.1', '2019-08-14 09:44:04');
INSERT INTO sys_loginfo VALUES ('137', '-system', '127.0.0.1', '2019-08-14 09:50:27');
INSERT INTO sys_loginfo VALUES ('138', '-system', '127.0.0.1', '2019-08-14 09:56:57');
INSERT INTO sys_loginfo VALUES ('139', '-system', '127.0.0.1', '2019-08-14 09:59:02');
INSERT INTO sys_loginfo VALUES ('140', '-system', '127.0.0.1', '2019-08-16 01:05:37');
INSERT INTO sys_loginfo VALUES ('141', '-system', '127.0.0.1', '2019-08-16 02:01:44');
INSERT INTO sys_loginfo VALUES ('142', '-system', '127.0.0.1', '2019-08-16 02:05:57');
INSERT INTO sys_loginfo VALUES ('143', '-system', '127.0.0.1', '2019-08-16 02:07:04');
INSERT INTO sys_loginfo VALUES ('144', '-system', '127.0.0.1', '2019-08-16 02:20:02');
INSERT INTO sys_loginfo VALUES ('145', '-system', '127.0.0.1', '2019-08-16 02:20:20');
INSERT INTO sys_loginfo VALUES ('146', '-system', '127.0.0.1', '2019-08-16 02:21:42');
INSERT INTO sys_loginfo VALUES ('147', '-system', '127.0.0.1', '2019-08-16 03:37:37');
INSERT INTO sys_loginfo VALUES ('148', '-system', '127.0.0.1', '2019-08-16 03:52:40');
INSERT INTO sys_loginfo VALUES ('149', '-system', '127.0.0.1', '2019-08-16 03:59:37');
INSERT INTO sys_loginfo VALUES ('150', '-system', '127.0.0.1', '2019-08-16 06:11:45');
INSERT INTO sys_loginfo VALUES ('151', '-system', '127.0.0.1', '2019-08-16 06:23:27');
INSERT INTO sys_loginfo VALUES ('153', '-system', '127.0.0.1', '2019-08-16 06:54:49');
INSERT INTO sys_loginfo VALUES ('154', '-system', '127.0.0.1', '2019-08-16 07:00:48');
INSERT INTO sys_loginfo VALUES ('155', '-system', '127.0.0.1', '2019-08-16 07:01:18');
INSERT INTO sys_loginfo VALUES ('156', '-system', '127.0.0.1', '2019-08-16 07:03:35');
INSERT INTO sys_loginfo VALUES ('157', '-system', '127.0.0.1', '2019-08-16 07:09:55');
INSERT INTO sys_loginfo VALUES ('158', '-system', '127.0.0.1', '2019-08-16 07:46:09');
INSERT INTO sys_loginfo VALUES ('159', '-system', '127.0.0.1', '2019-08-16 08:17:59');
INSERT INTO sys_loginfo VALUES ('160', '-system', '127.0.0.1', '2019-08-16 08:22:29');
INSERT INTO sys_loginfo VALUES ('161', '-system', '127.0.0.1', '2019-08-16 08:23:32');
INSERT INTO sys_loginfo VALUES ('162', '-system', '127.0.0.1', '2019-08-16 08:26:48');
INSERT INTO sys_loginfo VALUES ('169', '-system', '127.0.0.1', '2019-09-21 06:27:30');
INSERT INTO sys_loginfo VALUES ('170', '-system', '127.0.0.1', '2019-09-21 08:21:06');
INSERT INTO sys_loginfo VALUES ('171', '-system', '127.0.0.1', '2019-09-21 08:37:15');
INSERT INTO sys_loginfo VALUES ('172', '-system', '127.0.0.1', '2019-09-21 09:06:00');
INSERT INTO sys_loginfo VALUES ('173', '-system', '127.0.0.1', '2019-09-23 01:15:49');
INSERT INTO sys_loginfo VALUES ('174', '-system', '127.0.0.1', '2019-09-23 01:33:24');
INSERT INTO sys_loginfo VALUES ('175', '-system', '127.0.0.1', '2019-09-23 03:29:51');
INSERT INTO sys_loginfo VALUES ('176', '-system', '127.0.0.1', '2019-09-23 06:13:27');
INSERT INTO sys_loginfo VALUES ('177', '-system', '127.0.0.1', '2019-09-23 06:47:14');
INSERT INTO sys_loginfo VALUES ('178', '-system', '127.0.0.1', '2019-09-23 07:06:44');
INSERT INTO sys_loginfo VALUES ('180', '-system', '127.0.0.1', '2019-09-23 09:54:08');
INSERT INTO sys_loginfo VALUES ('181', '-system', '127.0.0.1', '2019-09-23 09:56:48');
INSERT INTO sys_loginfo VALUES ('182', '-system', '127.0.0.1', '2019-09-23 13:41:31');
INSERT INTO sys_loginfo VALUES ('183', '-system', '127.0.0.1', '2019-09-23 14:36:22');
INSERT INTO sys_loginfo VALUES ('184', '-system', '127.0.0.1', '2019-09-24 01:05:42');
INSERT INTO sys_loginfo VALUES ('185', '-system', '127.0.0.1', '2019-09-24 01:31:22');
INSERT INTO sys_loginfo VALUES ('186', '-system', '127.0.0.1', '2019-09-24 02:10:56');
INSERT INTO sys_loginfo VALUES ('187', '-system', '127.0.0.1', '2019-09-24 06:18:21');
INSERT INTO sys_loginfo VALUES ('188', '-system', '127.0.0.1', '2019-09-24 06:59:55');
INSERT INTO sys_loginfo VALUES ('189', '-system', '127.0.0.1', '2019-09-24 07:22:44');
INSERT INTO sys_loginfo VALUES ('190', '-system', '127.0.0.1', '2019-09-24 07:34:33');
INSERT INTO sys_loginfo VALUES ('191', '-system', '127.0.0.1', '2019-09-24 08:58:13');
INSERT INTO sys_loginfo VALUES ('192', '-system', '127.0.0.1', '2019-09-24 12:43:54');
INSERT INTO sys_loginfo VALUES ('193', '-system', '127.0.0.1', '2019-09-25 01:05:12');
INSERT INTO sys_loginfo VALUES ('194', '-system', '127.0.0.1', '2019-09-25 01:37:40');
INSERT INTO sys_loginfo VALUES ('195', '-system', '127.0.0.1', '2019-09-25 01:43:26');
INSERT INTO sys_loginfo VALUES ('196', '-system', '127.0.0.1', '2019-09-25 01:46:40');
INSERT INTO sys_loginfo VALUES ('197', '-system', '127.0.0.1', '2019-09-25 01:55:27');
INSERT INTO sys_loginfo VALUES ('198', '-system', '127.0.0.1', '2019-09-25 02:27:40');
INSERT INTO sys_loginfo VALUES ('199', '-system', '127.0.0.1', '2019-09-25 02:32:48');
INSERT INTO sys_loginfo VALUES ('200', '-system', '127.0.0.1', '2019-09-25 02:35:53');
INSERT INTO sys_loginfo VALUES ('201', '-system', '127.0.0.1', '2019-09-25 03:33:17');
INSERT INTO sys_loginfo VALUES ('202', '-system', '127.0.0.1', '2019-09-25 06:05:49');
INSERT INTO sys_loginfo VALUES ('203', '-system', '127.0.0.1', '2019-09-25 06:44:21');
INSERT INTO sys_loginfo VALUES ('204', '-system', '127.0.0.1', '2019-09-25 06:47:39');
INSERT INTO sys_loginfo VALUES ('205', '-system', '127.0.0.1', '2019-09-25 06:54:08');
INSERT INTO sys_loginfo VALUES ('206', '-xiaoxiaoming', '127.0.0.1', '2019-09-25 06:55:09');
INSERT INTO sys_loginfo VALUES ('207', '-system', '127.0.0.1', '2019-09-25 06:55:18');
INSERT INTO sys_loginfo VALUES ('208', '-system', '127.0.0.1', '2019-09-25 08:23:32');
INSERT INTO sys_loginfo VALUES ('209', '-system', '127.0.0.1', '2019-09-25 09:32:37');
INSERT INTO sys_loginfo VALUES ('210', '-system', '127.0.0.1', '2019-09-25 09:41:34');
INSERT INTO sys_loginfo VALUES ('211', '-system', '127.0.0.1', '2019-09-25 09:57:10');
INSERT INTO sys_loginfo VALUES ('212', '-ls', '127.0.0.1', '2019-09-25 09:58:02');
INSERT INTO sys_loginfo VALUES ('213', '-ww', '127.0.0.1', '2019-09-25 09:58:13');
INSERT INTO sys_loginfo VALUES ('214', '-xidada', '127.0.0.1', '2019-09-25 09:58:24');
INSERT INTO sys_loginfo VALUES ('215', '-lb', '127.0.0.1', '2019-09-25 10:06:07');
INSERT INTO sys_loginfo VALUES ('216', '-lb', '127.0.0.1', '2019-09-25 10:09:17');
INSERT INTO sys_loginfo VALUES ('217', '-lb', '127.0.0.1', '2019-09-25 10:11:39');
INSERT INTO sys_loginfo VALUES ('218', '-lb', '127.0.0.1', '2019-09-25 10:13:49');
INSERT INTO sys_loginfo VALUES ('219', '-lb', '127.0.0.1', '2019-09-25 10:14:16');
INSERT INTO sys_loginfo VALUES ('220', '-system', '127.0.0.1', '2019-09-27 01:12:10');
INSERT INTO sys_loginfo VALUES ('221', '-system', '127.0.0.1', '2019-09-27 01:34:40');
INSERT INTO sys_loginfo VALUES ('222', '-system', '127.0.0.1', '2019-09-27 01:36:20');
INSERT INTO sys_loginfo VALUES ('223', '-system', '127.0.0.1', '2019-09-27 03:03:01');
INSERT INTO sys_loginfo VALUES ('224', '-system', '127.0.0.1', '2019-09-27 06:12:41');
INSERT INTO sys_loginfo VALUES ('225', '-system', '127.0.0.1', '2019-09-27 06:30:55');
INSERT INTO sys_loginfo VALUES ('226', '-system', '127.0.0.1', '2019-09-27 06:32:23');
INSERT INTO sys_loginfo VALUES ('227', '-system', '127.0.0.1', '2019-09-27 06:35:18');
INSERT INTO sys_loginfo VALUES ('228', '-system', '127.0.0.1', '2019-09-27 06:41:36');
INSERT INTO sys_loginfo VALUES ('229', '-system', '127.0.0.1', '2019-09-27 06:54:10');
INSERT INTO sys_loginfo VALUES ('230', '-system', '127.0.0.1', '2019-09-27 07:21:43');
INSERT INTO sys_loginfo VALUES ('231', '-system', '127.0.0.1', '2019-09-27 07:22:43');
INSERT INTO sys_loginfo VALUES ('232', '-system', '127.0.0.1', '2019-09-27 07:23:35');
INSERT INTO sys_loginfo VALUES ('233', '-system', '127.0.0.1', '2019-09-27 07:35:38');
INSERT INTO sys_loginfo VALUES ('234', '-system', '127.0.0.1', '2019-09-27 08:38:42');
INSERT INTO sys_loginfo VALUES ('235', '-system', '127.0.0.1', '2019-09-27 08:49:03');
INSERT INTO sys_loginfo VALUES ('236', '-system', '127.0.0.1', '2019-09-27 08:50:09');
INSERT INTO sys_loginfo VALUES ('237', '-system', '127.0.0.1', '2019-09-27 08:55:53');
INSERT INTO sys_loginfo VALUES ('238', '-system', '127.0.0.1', '2019-09-27 09:03:14');
INSERT INTO sys_loginfo VALUES ('239', '-system', '127.0.0.1', '2019-09-27 09:05:30');
INSERT INTO sys_loginfo VALUES ('240', '-system', '127.0.0.1', '2019-09-27 09:13:24');
INSERT INTO sys_loginfo VALUES ('241', '-system', '127.0.0.1', '2019-09-27 11:40:15');
INSERT INTO sys_loginfo VALUES ('242', '-system', '127.0.0.1', '2019-09-28 01:06:10');
INSERT INTO sys_loginfo VALUES ('243', '-system', '127.0.0.1', '2019-09-28 01:34:38');
INSERT INTO sys_loginfo VALUES ('244', '-system', '127.0.0.1', '2019-09-28 01:37:49');
INSERT INTO sys_loginfo VALUES ('245', '-system', '127.0.0.1', '2019-09-28 01:41:24');
INSERT INTO sys_loginfo VALUES ('246', '-system', '127.0.0.1', '2019-09-28 02:04:47');
INSERT INTO sys_loginfo VALUES ('247', '-system', '127.0.0.1', '2019-09-28 02:10:42');
INSERT INTO sys_loginfo VALUES ('248', '-system', '127.0.0.1', '2019-09-28 03:09:10');
INSERT INTO sys_loginfo VALUES ('249', '-system', '127.0.0.1', '2019-09-28 03:16:51');
INSERT INTO sys_loginfo VALUES ('250', '-system', '127.0.0.1', '2019-09-28 03:46:59');
INSERT INTO sys_loginfo VALUES ('251', '-system', '127.0.0.1', '2019-09-28 06:44:10');
INSERT INTO sys_loginfo VALUES ('252', '-system', '127.0.0.1', '2019-09-28 06:51:39');
INSERT INTO sys_loginfo VALUES ('253', '-system', '127.0.0.1', '2019-09-28 06:56:05');
INSERT INTO sys_loginfo VALUES ('254', '-system', '127.0.0.1', '2019-09-28 07:32:20');
INSERT INTO sys_loginfo VALUES ('255', '-system', '127.0.0.1', '2019-09-28 07:37:57');
INSERT INTO sys_loginfo VALUES ('256', '-system', '0:0:0:0:0:0:0:1', '2019-10-10 13:54:03');
INSERT INTO sys_loginfo VALUES ('257', '-system', '0:0:0:0:0:0:0:1', '2019-10-10 13:58:40');
INSERT INTO sys_loginfo VALUES ('258', '-system', '0:0:0:0:0:0:0:1', '2019-10-10 14:05:20');
INSERT INTO sys_loginfo VALUES ('259', '-system', '0:0:0:0:0:0:0:1', '2019-10-10 14:06:35');
INSERT INTO sys_loginfo VALUES ('260', '-system', '0:0:0:0:0:0:0:1', '2019-10-10 14:06:57');
INSERT INTO sys_loginfo VALUES ('261', '-system', '0:0:0:0:0:0:0:1', '2019-10-10 14:07:36');
INSERT INTO sys_loginfo VALUES ('262', '-system', '0:0:0:0:0:0:0:1', '2019-10-10 14:10:53');
INSERT INTO sys_loginfo VALUES ('263', '-system', '0:0:0:0:0:0:0:1', '2019-10-10 14:11:55');
INSERT INTO sys_loginfo VALUES ('264', '-system', '0:0:0:0:0:0:0:1', '2019-10-10 14:12:14');
INSERT INTO sys_loginfo VALUES ('265', '-system', '0:0:0:0:0:0:0:1', '2019-10-10 14:13:03');
INSERT INTO sys_loginfo VALUES ('266', '-system', '0:0:0:0:0:0:0:1', '2019-10-10 14:13:48');
INSERT INTO sys_loginfo VALUES ('267', '-system', '0:0:0:0:0:0:0:1', '2019-10-10 14:18:51');
INSERT INTO sys_loginfo VALUES ('268', '-system', '0:0:0:0:0:0:0:1', '2019-10-10 14:20:46');
INSERT INTO sys_loginfo VALUES ('269', '-system', '0:0:0:0:0:0:0:1', '2019-10-10 14:22:44');
INSERT INTO sys_loginfo VALUES ('270', '-system', '0:0:0:0:0:0:0:1', '2019-10-10 14:26:24');
INSERT INTO sys_loginfo VALUES ('271', '-system', '0:0:0:0:0:0:0:1', '2019-10-10 14:30:15');
INSERT INTO sys_loginfo VALUES ('272', '-system', '0:0:0:0:0:0:0:1', '2019-10-10 14:31:05');
INSERT INTO sys_loginfo VALUES ('273', '-system', '0:0:0:0:0:0:0:1', '2019-10-10 14:37:32');
INSERT INTO sys_loginfo VALUES ('274', '-system', '127.0.0.1', '2019-10-21 06:42:34');
INSERT INTO sys_loginfo VALUES ('275', '-system', '127.0.0.1', '2019-10-21 06:43:37');
INSERT INTO sys_loginfo VALUES ('276', '-system', '0:0:0:0:0:0:0:1', '2019-10-22 00:45:00');
INSERT INTO sys_loginfo VALUES ('277', '-system', '0:0:0:0:0:0:0:1', '2019-10-22 01:33:40');
INSERT INTO sys_loginfo VALUES ('278', '-system', '0:0:0:0:0:0:0:1', '2019-10-24 00:59:59');
INSERT INTO sys_loginfo VALUES ('279', '-system', '0:0:0:0:0:0:0:1', '2019-10-28 01:00:57');
INSERT INTO sys_loginfo VALUES ('280', '-system', '0:0:0:0:0:0:0:1', '2019-11-04 10:35:26');
INSERT INTO sys_loginfo VALUES ('281', '-system', '0:0:0:0:0:0:0:1', '2019-11-04 10:37:06');
INSERT INTO sys_loginfo VALUES ('282', '-system', '0:0:0:0:0:0:0:1', '2019-11-05 00:50:41');
INSERT INTO sys_loginfo VALUES ('283', '-system', '0:0:0:0:0:0:0:1', '2019-11-05 04:26:39');
INSERT INTO sys_loginfo VALUES ('284', '-system', '192.168.139.1', '2019-11-05 04:30:23');
INSERT INTO sys_loginfo VALUES ('285', '-system', '192.168.139.1', '2019-11-05 04:35:07');
INSERT INTO sys_loginfo VALUES ('286', '-system', '192.168.139.1', '2019-11-05 04:41:00');
INSERT INTO sys_loginfo VALUES ('287', '-system', '192.168.139.1', '2019-11-05 04:42:47');
INSERT INTO sys_loginfo VALUES ('288', '-system', '192.168.139.1', '2019-11-05 04:50:39');
INSERT INTO sys_loginfo VALUES ('289', '-system', '0:0:0:0:0:0:0:1', '2019-11-05 06:07:26');
INSERT INTO sys_loginfo VALUES ('290', '-system', '192.168.137.1', '2019-11-05 06:10:00');
INSERT INTO sys_loginfo VALUES ('291', '-system', '0:0:0:0:0:0:0:1', '2019-11-05 06:10:50');
INSERT INTO sys_loginfo VALUES ('292', '-system', '192.168.137.1', '2019-11-05 06:12:40');
INSERT INTO sys_loginfo VALUES ('293', '-system', '192.168.137.1', '2019-11-05 06:13:06');
INSERT INTO sys_loginfo VALUES ('294', '-system', '0:0:0:0:0:0:0:1', '2019-11-05 06:15:51');
INSERT INTO sys_loginfo VALUES ('295', '-system', '192.168.137.1', '2019-11-05 06:17:03');
INSERT INTO sys_loginfo VALUES ('296', '-system', '192.168.137.1', '2019-11-05 06:21:13');
INSERT INTO sys_loginfo VALUES ('297', '-system', '192.168.137.1', '2019-11-05 06:27:41');
INSERT INTO sys_loginfo VALUES ('298', '-system', '192.168.137.1', '2019-11-05 06:29:13');
INSERT INTO sys_loginfo VALUES ('299', '-system', '0:0:0:0:0:0:0:1', '2019-11-05 06:30:01');
INSERT INTO sys_loginfo VALUES ('300', '-system', '192.168.137.1', '2019-11-05 06:31:34');
INSERT INTO sys_loginfo VALUES ('301', '-system', '192.168.137.1', '2019-11-05 06:41:48');
INSERT INTO sys_loginfo VALUES ('302', '-system', '192.168.137.1', '2019-11-05 06:45:38');
INSERT INTO sys_loginfo VALUES ('303', '-system', '192.168.137.1', '2019-11-05 06:49:16');
INSERT INTO sys_loginfo VALUES ('304', '-system', '192.168.137.1', '2019-11-05 06:50:14');
INSERT INTO sys_loginfo VALUES ('305', '-system', '192.168.137.1', '2019-11-05 06:51:40');
INSERT INTO sys_loginfo VALUES ('306', '-system', '192.168.137.1', '2019-11-05 06:54:57');
INSERT INTO sys_loginfo VALUES ('307', '-system', '192.168.137.1', '2019-11-05 06:57:48');
INSERT INTO sys_loginfo VALUES ('308', '-system', '192.168.137.1', '2019-11-05 07:00:29');
INSERT INTO sys_loginfo VALUES ('309', '-system', '192.168.137.1', '2019-11-05 07:01:28');
INSERT INTO sys_loginfo VALUES ('310', '-system', '192.168.137.1', '2019-11-05 07:06:02');
INSERT INTO sys_loginfo VALUES ('311', '-system', '192.168.137.1', '2019-11-05 07:07:06');
INSERT INTO sys_loginfo VALUES ('312', '-system', '192.168.137.1', '2019-11-05 07:08:24');
INSERT INTO sys_loginfo VALUES ('313', '-system', '192.168.137.1', '2019-11-05 07:20:06');
INSERT INTO sys_loginfo VALUES ('314', '-system', '192.168.137.1', '2019-11-05 07:21:54');
INSERT INTO sys_loginfo VALUES ('315', '-system', '192.168.137.1', '2019-11-05 07:27:15');
INSERT INTO sys_loginfo VALUES ('316', '-system', '192.168.137.1', '2019-11-05 07:27:58');
INSERT INTO sys_loginfo VALUES ('317', '-system', '192.168.137.1', '2019-11-05 07:29:56');
INSERT INTO sys_loginfo VALUES ('318', '-system', '192.168.137.1', '2019-11-05 07:32:32');
INSERT INTO sys_loginfo VALUES ('319', '-system', '192.168.137.1', '2019-11-05 08:40:04');
INSERT INTO sys_loginfo VALUES ('320', '-system', '192.168.137.1', '2019-11-05 08:53:57');
INSERT INTO sys_loginfo VALUES ('321', '-system', '192.168.137.1', '2019-11-05 09:38:12');
INSERT INTO sys_loginfo VALUES ('322', '-system', '192.168.137.1', '2019-11-05 09:43:51');
INSERT INTO sys_loginfo VALUES ('323', '-system', '192.168.137.1', '2019-11-05 09:43:58');
INSERT INTO sys_loginfo VALUES ('324', '-system', '192.168.137.1', '2019-11-05 09:49:03');
INSERT INTO sys_loginfo VALUES ('325', '-xidada', '192.168.137.1', '2019-11-05 09:49:19');
INSERT INTO sys_loginfo VALUES ('326', '-system', '192.168.137.1', '2019-11-05 09:49:27');
INSERT INTO sys_loginfo VALUES ('327', '-system', '192.168.137.1', '2019-11-05 09:50:04');
INSERT INTO sys_loginfo VALUES ('328', '-xidada', '192.168.137.1', '2019-11-05 09:59:00');
INSERT INTO sys_loginfo VALUES ('329', '-system', '192.168.137.1', '2019-11-05 09:59:21');
INSERT INTO sys_loginfo VALUES ('330', '-system', '192.168.137.1', '2019-11-05 10:18:31');
INSERT INTO sys_loginfo VALUES ('331', '-system', '192.168.137.1', '2019-11-06 01:15:00');
INSERT INTO sys_loginfo VALUES ('332', '-system', '192.168.139.1', '2019-11-06 02:12:53');
INSERT INTO sys_loginfo VALUES ('333', '-system', '192.168.139.1', '2019-11-06 02:22:42');
INSERT INTO sys_loginfo VALUES ('334', '-system', '192.168.139.1', '2019-11-06 02:41:57');
INSERT INTO sys_loginfo VALUES ('335', '-system', '192.168.139.1', '2019-11-06 02:47:01');
INSERT INTO sys_loginfo VALUES ('336', '-system', '192.168.139.1', '2019-11-06 02:48:14');
INSERT INTO sys_loginfo VALUES ('337', '-system', '192.168.139.1', '2019-11-06 02:52:06');
INSERT INTO sys_loginfo VALUES ('338', '-system', '192.168.139.1', '2019-11-06 02:53:29');
INSERT INTO sys_loginfo VALUES ('339', '-system', '192.168.139.1', '2019-11-06 02:56:23');
INSERT INTO sys_loginfo VALUES ('340', '-system', '192.168.139.1', '2019-11-06 03:01:35');
INSERT INTO sys_loginfo VALUES ('341', '-system', '192.168.139.1', '2019-11-06 03:34:28');
INSERT INTO sys_loginfo VALUES ('342', '-system', '192.168.139.1', '2019-11-06 03:35:09');
INSERT INTO sys_loginfo VALUES ('343', '-system', '192.168.139.1', '2019-11-06 03:36:11');
INSERT INTO sys_loginfo VALUES ('344', '-system', '192.168.139.1', '2019-11-06 04:31:28');
INSERT INTO sys_loginfo VALUES ('345', '-system', '192.168.139.1', '2019-11-06 04:34:10');
INSERT INTO sys_loginfo VALUES ('346', '-xidada', '192.168.139.1', '2019-11-06 04:37:00');
INSERT INTO sys_loginfo VALUES ('347', '-system', '192.168.139.1', '2019-11-06 04:37:07');
INSERT INTO sys_loginfo VALUES ('348', '-xidada', '192.168.139.1', '2019-11-06 04:38:37');
INSERT INTO sys_loginfo VALUES ('349', '-xidada', '192.168.139.1', '2019-11-06 05:05:26');
INSERT INTO sys_loginfo VALUES ('350', '-xidada', '192.168.139.1', '2019-11-06 05:07:50');
INSERT INTO sys_loginfo VALUES ('351', '-system', '192.168.139.1', '2019-11-06 05:08:14');
INSERT INTO sys_loginfo VALUES ('352', '-system', '192.168.139.1', '2019-11-06 06:30:56');
INSERT INTO sys_loginfo VALUES ('353', '-system', '192.168.139.1', '2019-11-06 06:51:04');
INSERT INTO sys_loginfo VALUES ('354', '-system', '192.168.139.1', '2019-11-06 06:51:55');
INSERT INTO sys_loginfo VALUES ('355', '-system', '192.168.139.1', '2019-11-06 06:53:04');
INSERT INTO sys_loginfo VALUES ('356', '-system', '192.168.139.1', '2019-11-06 07:19:27');
INSERT INTO sys_loginfo VALUES ('357', '-system', '192.168.137.1', '2019-11-06 07:22:49');
INSERT INTO sys_loginfo VALUES ('358', '-system', '192.168.137.1', '2019-11-06 07:30:15');
INSERT INTO sys_loginfo VALUES ('359', '-system', '192.168.137.1', '2019-11-06 07:35:31');
INSERT INTO sys_loginfo VALUES ('360', '-system', '192.168.137.1', '2019-11-06 07:38:57');
INSERT INTO sys_loginfo VALUES ('361', '-system', '192.168.137.1', '2019-11-06 07:41:34');
INSERT INTO sys_loginfo VALUES ('362', '-system', '192.168.137.1', '2019-11-06 07:45:51');
INSERT INTO sys_loginfo VALUES ('363', '-system', '192.168.137.1', '2019-11-06 07:50:22');
INSERT INTO sys_loginfo VALUES ('364', '-system', '192.168.137.1', '2019-11-06 08:08:17');
INSERT INTO sys_loginfo VALUES ('365', '-system', '192.168.137.1', '2019-11-06 08:17:17');
INSERT INTO sys_loginfo VALUES ('366', '-system', '192.168.137.1', '2019-11-06 08:24:57');
INSERT INTO sys_loginfo VALUES ('367', '-system', '192.168.137.1', '2019-11-06 08:54:29');
INSERT INTO sys_loginfo VALUES ('368', '-system', '192.168.137.1', '2019-11-06 08:59:46');
INSERT INTO sys_loginfo VALUES ('369', '-system', '192.168.137.1', '2019-11-06 09:01:53');
INSERT INTO sys_loginfo VALUES ('370', '-system', '192.168.137.1', '2019-11-06 09:02:30');
INSERT INTO sys_loginfo VALUES ('371', '-system', '192.168.137.1', '2019-11-06 09:03:42');
INSERT INTO sys_loginfo VALUES ('372', '-system', '192.168.137.1', '2019-11-06 09:42:00');
INSERT INTO sys_loginfo VALUES ('373', '-system', '192.168.137.1', '2019-11-06 09:43:39');
INSERT INTO sys_loginfo VALUES ('374', '-system', '192.168.137.1', '2019-11-06 09:51:37');
INSERT INTO sys_loginfo VALUES ('375', '-system', '192.168.137.1', '2019-11-06 09:53:24');
INSERT INTO sys_loginfo VALUES ('376', '-system', '192.168.137.1', '2019-11-06 09:55:09');
INSERT INTO sys_loginfo VALUES ('377', '-system', '192.168.137.1', '2019-11-06 09:56:35');
INSERT INTO sys_loginfo VALUES ('378', '-system', '192.168.137.1', '2019-11-06 10:02:13');
INSERT INTO sys_loginfo VALUES ('379', '-system', '192.168.137.1', '2019-11-06 10:05:24');
INSERT INTO sys_loginfo VALUES ('380', '-system', '192.168.1.9', '2019-11-06 11:42:31');
INSERT INTO sys_loginfo VALUES ('381', '-system', '192.168.1.9', '2019-11-06 12:30:27');
INSERT INTO sys_loginfo VALUES ('382', '-system', '192.168.1.9', '2019-11-06 13:21:40');
INSERT INTO sys_loginfo VALUES ('383', '-system', '192.168.1.9', '2019-11-06 13:25:38');
INSERT INTO sys_loginfo VALUES ('384', '-system', '192.168.1.9', '2019-11-06 13:53:44');
INSERT INTO sys_loginfo VALUES ('385', '-system', '192.168.1.9', '2019-11-06 13:57:48');
INSERT INTO sys_loginfo VALUES ('386', '-system', '192.168.1.9', '2019-11-06 14:00:46');
INSERT INTO sys_loginfo VALUES ('387', '-system', '192.168.1.9', '2019-11-06 14:02:20');
INSERT INTO sys_loginfo VALUES ('388', '-system', '192.168.1.9', '2019-11-06 14:11:21');
INSERT INTO sys_loginfo VALUES ('389', '-system', '192.168.1.9', '2019-11-06 14:16:01');
INSERT INTO sys_loginfo VALUES ('390', '-system', '192.168.1.9', '2019-11-06 14:23:38');
INSERT INTO sys_loginfo VALUES ('391', '-system', '192.168.1.9', '2019-11-06 14:24:50');
INSERT INTO sys_loginfo VALUES ('392', '-system', '192.168.1.9', '2019-11-06 14:32:26');
INSERT INTO sys_loginfo VALUES ('393', '-system', '192.168.1.9', '2019-11-06 14:38:00');
INSERT INTO sys_loginfo VALUES ('394', '-system', '192.168.1.9', '2019-11-06 14:39:44');
INSERT INTO sys_loginfo VALUES ('395', '-system', '192.168.1.9', '2019-11-06 14:41:42');
INSERT INTO sys_loginfo VALUES ('396', '-system', '192.168.1.9', '2019-11-06 14:46:08');
INSERT INTO sys_loginfo VALUES ('397', '-system', '192.168.1.9', '2019-11-06 14:51:05');
INSERT INTO sys_loginfo VALUES ('398', '-system', '192.168.1.9', '2019-11-06 14:59:26');
INSERT INTO sys_loginfo VALUES ('399', '-system', '192.168.137.1', '2019-11-07 00:48:46');
INSERT INTO sys_loginfo VALUES ('400', '-system', '192.168.137.1', '2019-11-07 01:06:30');
INSERT INTO sys_loginfo VALUES ('401', '-system', '192.168.137.1', '2019-11-07 01:15:07');
INSERT INTO sys_loginfo VALUES ('402', '-system', '192.168.137.1', '2019-11-07 01:17:48');
INSERT INTO sys_loginfo VALUES ('403', '-system', '192.168.137.1', '2019-11-07 01:19:09');
INSERT INTO sys_loginfo VALUES ('404', '-system', '192.168.137.1', '2019-11-07 01:21:31');
INSERT INTO sys_loginfo VALUES ('405', '-system', '192.168.137.1', '2019-11-07 01:27:14');
INSERT INTO sys_loginfo VALUES ('406', '-system', '192.168.137.1', '2019-11-07 01:29:05');
INSERT INTO sys_loginfo VALUES ('407', '-system', '192.168.137.1', '2019-11-07 01:29:43');
INSERT INTO sys_loginfo VALUES ('408', '-system', '192.168.137.1', '2019-11-07 01:30:39');
INSERT INTO sys_loginfo VALUES ('409', '-system', '192.168.137.1', '2019-11-07 01:31:36');
INSERT INTO sys_loginfo VALUES ('410', '-system', '192.168.137.1', '2019-11-07 01:32:49');
INSERT INTO sys_loginfo VALUES ('411', '-system', '192.168.137.1', '2019-11-07 01:33:34');
INSERT INTO sys_loginfo VALUES ('412', '-system', '192.168.137.1', '2019-11-07 01:35:43');
INSERT INTO sys_loginfo VALUES ('413', '-system', '192.168.137.1', '2019-11-07 01:36:59');
INSERT INTO sys_loginfo VALUES ('414', '-system', '192.168.139.1', '2019-11-07 01:52:40');
INSERT INTO sys_loginfo VALUES ('415', '-system', '192.168.139.1', '2019-11-07 01:54:31');
INSERT INTO sys_loginfo VALUES ('416', '-system', '192.168.139.1', '2019-11-07 01:55:40');
INSERT INTO sys_loginfo VALUES ('417', '-system', '192.168.139.1', '2019-11-07 01:57:50');
INSERT INTO sys_loginfo VALUES ('418', '-system', '192.168.139.1', '2019-11-07 01:58:50');
INSERT INTO sys_loginfo VALUES ('419', '-system', '192.168.139.1', '2019-11-07 02:00:42');
INSERT INTO sys_loginfo VALUES ('420', '-system', '192.168.139.1', '2019-11-07 02:13:56');
INSERT INTO sys_loginfo VALUES ('421', '-system', '192.168.139.1', '2019-11-07 02:17:15');
INSERT INTO sys_loginfo VALUES ('422', '-system', '192.168.139.1', '2019-11-07 02:36:49');
INSERT INTO sys_loginfo VALUES ('423', '-system', '192.168.139.1', '2019-11-07 02:45:09');
INSERT INTO sys_loginfo VALUES ('424', '-system', '192.168.139.1', '2019-11-07 02:50:13');
INSERT INTO sys_loginfo VALUES ('425', '-system', '192.168.139.1', '2019-11-07 02:57:58');
INSERT INTO sys_loginfo VALUES ('426', '-system', '192.168.139.1', '2019-11-07 03:00:47');
INSERT INTO sys_loginfo VALUES ('427', '-system', '192.168.139.1', '2019-11-07 03:02:21');
INSERT INTO sys_loginfo VALUES ('428', '-system', '192.168.139.1', '2019-11-07 03:04:59');
INSERT INTO sys_loginfo VALUES ('429', '-system', '192.168.139.1', '2019-11-07 03:13:54');
INSERT INTO sys_loginfo VALUES ('430', '-system', '192.168.139.1', '2019-11-07 03:16:53');
INSERT INTO sys_loginfo VALUES ('431', '-system', '192.168.139.1', '2019-11-07 03:17:31');
INSERT INTO sys_loginfo VALUES ('432', '-system', '192.168.139.1', '2019-11-07 03:26:29');
INSERT INTO sys_loginfo VALUES ('433', '-system', '192.168.139.1', '2019-11-07 03:28:47');
INSERT INTO sys_loginfo VALUES ('434', '-system', '192.168.139.1', '2019-11-07 03:46:56');
INSERT INTO sys_loginfo VALUES ('435', '-system', '192.168.139.1', '2019-11-07 04:30:38');
INSERT INTO sys_loginfo VALUES ('436', '-system', '192.168.139.1', '2019-11-07 06:29:34');
INSERT INTO sys_loginfo VALUES ('437', '-system', '192.168.139.1', '2019-11-07 06:41:56');
INSERT INTO sys_loginfo VALUES ('438', '-system', '192.168.139.1', '2019-11-07 07:04:55');
INSERT INTO sys_loginfo VALUES ('439', '-system', '192.168.139.1', '2019-11-07 07:08:13');
INSERT INTO sys_loginfo VALUES ('440', '-system', '192.168.139.1', '2019-11-07 07:18:25');
INSERT INTO sys_loginfo VALUES ('441', '-system', '192.168.139.1', '2019-11-07 07:25:16');
INSERT INTO sys_loginfo VALUES ('442', '-system', '192.168.139.1', '2019-11-07 07:36:44');
INSERT INTO sys_loginfo VALUES ('443', '-system', '192.168.139.1', '2019-11-07 07:44:24');
INSERT INTO sys_loginfo VALUES ('444', '-system', '192.168.139.1', '2019-11-07 08:27:23');
INSERT INTO sys_loginfo VALUES ('445', '-system', '192.168.139.1', '2019-11-07 08:32:01');
INSERT INTO sys_loginfo VALUES ('446', '-system', '192.168.139.1', '2019-11-07 08:34:57');
INSERT INTO sys_loginfo VALUES ('447', '-system', '192.168.139.1', '2019-11-07 08:36:52');
INSERT INTO sys_loginfo VALUES ('448', '-system', '192.168.139.1', '2019-11-07 08:39:30');
INSERT INTO sys_loginfo VALUES ('449', '-system', '192.168.139.1', '2019-11-07 08:41:57');
INSERT INTO sys_loginfo VALUES ('450', '-system', '192.168.139.1', '2019-11-07 08:56:07');
INSERT INTO sys_loginfo VALUES ('451', '-system', '192.168.139.1', '2019-11-07 09:09:12');
INSERT INTO sys_loginfo VALUES ('452', '-system', '192.168.139.1', '2019-11-07 09:13:28');
INSERT INTO sys_loginfo VALUES ('453', '-system', '192.168.139.1', '2019-11-07 09:28:40');
INSERT INTO sys_loginfo VALUES ('454', '-system', '192.168.139.1', '2019-11-07 09:42:27');
INSERT INTO sys_loginfo VALUES ('455', '-system', '192.168.139.1', '2019-11-07 09:44:53');
INSERT INTO sys_loginfo VALUES ('456', '-system', '192.168.139.1', '2019-11-07 09:46:53');
INSERT INTO sys_loginfo VALUES ('457', '-system', '192.168.139.1', '2019-11-07 09:49:00');
INSERT INTO sys_loginfo VALUES ('458', '-system', '192.168.139.1', '2019-11-07 09:49:03');
INSERT INTO sys_loginfo VALUES ('459', '-sq', '192.168.139.1', '2019-11-07 09:49:25');
INSERT INTO sys_loginfo VALUES ('460', '-sq', '192.168.139.1', '2019-11-07 09:51:25');
INSERT INTO sys_loginfo VALUES ('461', '-system', '192.168.139.1', '2019-11-07 10:12:17');
INSERT INTO sys_loginfo VALUES ('462', '-system', '192.168.1.9', '2019-11-07 12:25:10');
INSERT INTO sys_loginfo VALUES ('463', '-sq', '192.168.1.9', '2019-11-07 12:28:53');
INSERT INTO sys_loginfo VALUES ('464', '-sq', '192.168.1.9', '2019-11-07 12:32:10');
INSERT INTO sys_loginfo VALUES ('465', '-sq', '192.168.1.9', '2019-11-07 12:39:21');
INSERT INTO sys_loginfo VALUES ('466', '-sq', '192.168.1.9', '2019-11-07 12:47:31');
INSERT INTO sys_loginfo VALUES ('467', '-system', '192.168.1.9', '2019-11-07 12:48:35');
INSERT INTO sys_loginfo VALUES ('468', '-sq', '192.168.1.9', '2019-11-07 12:49:41');
INSERT INTO sys_loginfo VALUES ('469', '-system', '192.168.1.9', '2019-11-07 12:50:36');
INSERT INTO sys_loginfo VALUES ('470', '-sq', '192.168.1.9', '2019-11-07 12:51:09');
INSERT INTO sys_loginfo VALUES ('471', '-sq', '192.168.1.9', '2019-11-07 12:53:29');
INSERT INTO sys_loginfo VALUES ('472', '-sq', '192.168.1.9', '2019-11-07 12:58:56');
INSERT INTO sys_loginfo VALUES ('473', '-sq', '192.168.1.9', '2019-11-07 13:02:50');
INSERT INTO sys_loginfo VALUES ('474', '-system', '192.168.1.9', '2019-11-07 13:07:50');
INSERT INTO sys_loginfo VALUES ('475', '-system', '192.168.1.9', '2019-11-07 13:10:33');
INSERT INTO sys_loginfo VALUES ('476', '-sq', '192.168.1.9', '2019-11-07 13:10:59');
INSERT INTO sys_loginfo VALUES ('477', '-system', '192.168.1.9', '2019-11-07 13:32:51');
INSERT INTO sys_loginfo VALUES ('478', '-sq', '192.168.1.9', '2019-11-07 13:32:56');
INSERT INTO sys_loginfo VALUES ('479', '-system', '192.168.1.9', '2019-11-07 13:33:11');
INSERT INTO sys_loginfo VALUES ('480', '-sq', '192.168.1.9', '2019-11-07 13:33:41');
INSERT INTO sys_loginfo VALUES ('481', '-system', '192.168.1.9', '2019-11-07 13:38:39');
INSERT INTO sys_loginfo VALUES ('482', '-sq', '192.168.1.9', '2019-11-07 13:39:33');
INSERT INTO sys_loginfo VALUES ('483', '-system', '192.168.1.9', '2019-11-07 14:15:56');
INSERT INTO sys_loginfo VALUES ('484', '-system', '192.168.139.1', '2019-11-08 00:49:54');
INSERT INTO sys_loginfo VALUES ('485', '-sq', '192.168.139.1', '2019-11-08 00:50:07');
INSERT INTO sys_loginfo VALUES ('486', '-sq', '192.168.139.1', '2019-11-08 00:56:25');
INSERT INTO sys_loginfo VALUES ('487', '-system', '192.168.139.1', '2019-11-08 00:57:37');
INSERT INTO sys_loginfo VALUES ('488', '-sq', '192.168.139.1', '2019-11-08 01:17:29');
INSERT INTO sys_loginfo VALUES ('489', '-system', '192.168.139.1', '2019-11-08 01:43:30');
INSERT INTO sys_loginfo VALUES ('490', '-sq', '192.168.139.1', '2019-11-08 01:43:39');
INSERT INTO sys_loginfo VALUES ('491', '-sq', '192.168.139.1', '2019-11-08 02:09:44');
INSERT INTO sys_loginfo VALUES ('492', '-sq', '192.168.139.1', '2019-11-08 02:16:34');
INSERT INTO sys_loginfo VALUES ('493', '-sq', '192.168.139.1', '2019-11-08 02:19:41');
INSERT INTO sys_loginfo VALUES ('494', '-sq', '192.168.139.1', '2019-11-08 02:22:45');
INSERT INTO sys_loginfo VALUES ('495', '-system', '192.168.139.1', '2019-11-08 02:29:33');
INSERT INTO sys_loginfo VALUES ('496', '-sq', '192.168.139.1', '2019-11-08 02:32:57');
INSERT INTO sys_loginfo VALUES ('497', '-sq', '192.168.139.1', '2019-11-08 02:41:57');
INSERT INTO sys_loginfo VALUES ('498', '-sq', '192.168.139.1', '2019-11-08 02:45:30');
INSERT INTO sys_loginfo VALUES ('499', '-sq', '192.168.139.1', '2019-11-08 02:55:03');
INSERT INTO sys_loginfo VALUES ('500', '-sq', '192.168.139.1', '2019-11-08 03:33:14');
INSERT INTO sys_loginfo VALUES ('501', '-system', '192.168.139.1', '2019-11-08 06:53:43');
INSERT INTO sys_loginfo VALUES ('502', '-sq', '192.168.139.1', '2019-11-08 06:53:50');
INSERT INTO sys_loginfo VALUES ('503', '-sq', '192.168.139.1', '2019-11-08 08:30:33');
INSERT INTO sys_loginfo VALUES ('504', '-sq', '192.168.139.1', '2019-11-08 09:05:28');
INSERT INTO sys_loginfo VALUES ('505', '-sq', '192.168.139.1', '2019-11-08 09:09:09');
INSERT INTO sys_loginfo VALUES ('506', '-sq', '192.168.139.1', '2019-11-08 09:09:46');
INSERT INTO sys_loginfo VALUES ('507', '-sq', '192.168.139.1', '2019-11-08 09:31:33');
INSERT INTO sys_loginfo VALUES ('508', '-sq', '192.168.139.1', '2019-11-08 09:35:12');
INSERT INTO sys_loginfo VALUES ('509', '-sq', '192.168.139.1', '2019-11-08 09:36:00');
INSERT INTO sys_loginfo VALUES ('510', '-zl', '192.168.139.1', '2019-11-08 09:36:44');
INSERT INTO sys_loginfo VALUES ('511', '-ww', '192.168.139.1', '2019-11-08 09:36:58');
INSERT INTO sys_loginfo VALUES ('512', '-system', '192.168.139.1', '2019-11-08 09:37:05');
INSERT INTO sys_loginfo VALUES ('513', '-zl', '192.168.139.1', '2019-11-08 09:37:21');
INSERT INTO sys_loginfo VALUES ('514', '-sq', '192.168.139.1', '2019-11-08 09:37:37');
INSERT INTO sys_loginfo VALUES ('515', '-sq', '192.168.139.1', '2019-11-08 09:44:23');
INSERT INTO sys_loginfo VALUES ('516', '-sq', '192.168.139.1', '2019-11-08 09:45:18');
INSERT INTO sys_loginfo VALUES ('517', '-zl', '192.168.139.1', '2019-11-08 09:45:25');
INSERT INTO sys_loginfo VALUES ('518', '-sq', '192.168.139.1', '2019-11-08 09:55:02');
INSERT INTO sys_loginfo VALUES ('519', '-sq', '192.168.139.1', '2019-11-08 09:56:49');
INSERT INTO sys_loginfo VALUES ('520', '-sq', '192.168.139.1', '2019-11-08 09:58:31');
INSERT INTO sys_loginfo VALUES ('521', '-sq', '192.168.139.1', '2019-11-08 10:01:23');
INSERT INTO sys_loginfo VALUES ('522', '-sq', '192.168.139.1', '2019-11-08 10:04:04');
INSERT INTO sys_loginfo VALUES ('523', '-system', '192.168.139.1', '2019-11-08 10:06:40');
INSERT INTO sys_loginfo VALUES ('524', '-zl', '192.168.139.1', '2019-11-08 10:08:15');
INSERT INTO sys_loginfo VALUES ('525', '-sq', '192.168.139.1', '2019-11-08 10:08:30');
INSERT INTO sys_loginfo VALUES ('526', '-sq', '192.168.139.1', '2019-11-08 10:10:47');
INSERT INTO sys_loginfo VALUES ('527', '-system', '192.168.139.1', '2019-11-08 10:12:35');
INSERT INTO sys_loginfo VALUES ('528', '-system', '192.168.139.1', '2019-11-08 10:15:04');
INSERT INTO sys_loginfo VALUES ('529', '-system', '192.168.139.1', '2019-11-08 10:19:27');
INSERT INTO sys_loginfo VALUES ('530', '-sq', '192.168.139.1', '2019-11-08 10:20:21');
INSERT INTO sys_loginfo VALUES ('531', '-system', '192.168.139.1', '2019-11-08 12:46:08');
INSERT INTO sys_loginfo VALUES ('532', '-sq', '192.168.139.1', '2019-11-09 01:14:16');
INSERT INTO sys_loginfo VALUES ('533', '-sq', '192.168.139.1', '2019-11-09 01:17:03');
INSERT INTO sys_loginfo VALUES ('534', '-system', '192.168.139.1', '2019-11-09 01:20:26');
INSERT INTO sys_loginfo VALUES ('535', '-sq', '192.168.139.1', '2019-11-09 01:23:45');
INSERT INTO sys_loginfo VALUES ('536', '-system', '192.168.139.1', '2019-11-09 01:26:37');
INSERT INTO sys_loginfo VALUES ('537', '-sq', '192.168.139.1', '2019-11-09 01:26:52');
INSERT INTO sys_loginfo VALUES ('538', '-system', '192.168.139.1', '2019-11-09 01:28:27');
INSERT INTO sys_loginfo VALUES ('539', '-sq', '192.168.139.1', '2019-11-09 01:31:29');
INSERT INTO sys_loginfo VALUES ('540', '-zl', '192.168.139.1', '2019-11-09 01:32:12');
INSERT INTO sys_loginfo VALUES ('541', '-ww', '192.168.139.1', '2019-11-09 01:32:48');
INSERT INTO sys_loginfo VALUES ('542', '-system', '192.168.139.1', '2019-11-09 01:33:14');
INSERT INTO sys_loginfo VALUES ('543', '-ls', '192.168.139.1', '2019-11-09 01:33:32');
INSERT INTO sys_loginfo VALUES ('544', '-sq', '192.168.139.1', '2019-11-09 01:33:41');
INSERT INTO sys_loginfo VALUES ('545', '-sq', '192.168.139.1', '2019-11-09 12:28:59');
INSERT INTO sys_loginfo VALUES ('546', '-sq', '192.168.139.1', '2019-11-09 13:03:39');
INSERT INTO sys_loginfo VALUES ('547', '-zl', '192.168.139.1', '2019-11-09 13:04:28');
INSERT INTO sys_loginfo VALUES ('548', '-system', '192.168.139.1', '2019-11-09 13:08:33');
INSERT INTO sys_loginfo VALUES ('549', '-system', '192.168.139.1', '2019-11-09 13:08:41');
INSERT INTO sys_loginfo VALUES ('550', '-zl', '192.168.139.1', '2019-11-09 13:10:24');
INSERT INTO sys_loginfo VALUES ('551', '-ww', '192.168.139.1', '2019-11-09 13:16:04');
INSERT INTO sys_loginfo VALUES ('552', '-sq', '192.168.139.1', '2019-11-09 13:19:37');
INSERT INTO sys_loginfo VALUES ('553', '-system', '192.168.139.1', '2019-11-09 14:03:50');
INSERT INTO sys_loginfo VALUES ('554', '-sq', '192.168.139.1', '2019-11-09 14:03:57');
INSERT INTO sys_loginfo VALUES ('555', '-ww', '192.168.139.1', '2019-11-09 14:07:49');
INSERT INTO sys_loginfo VALUES ('556', '-sq', '192.168.139.1', '2019-11-09 14:08:01');
INSERT INTO sys_loginfo VALUES ('557', '-zl', '192.168.139.1', '2019-11-09 14:08:49');
INSERT INTO sys_loginfo VALUES ('558', '-ww', '192.168.139.1', '2019-11-09 14:09:11');
INSERT INTO sys_loginfo VALUES ('559', '-sq', '192.168.139.1', '2019-11-09 14:09:18');
INSERT INTO sys_loginfo VALUES ('560', '-sq', '192.168.139.1', '2019-11-09 14:10:34');
INSERT INTO sys_loginfo VALUES ('561', '-system', '192.168.139.1', '2019-11-09 14:28:08');
INSERT INTO sys_loginfo VALUES ('562', '-sq', '192.168.139.1', '2019-11-09 14:28:46');
INSERT INTO sys_loginfo VALUES ('563', '-system', '192.168.139.1', '2019-11-10 04:32:13');
INSERT INTO sys_loginfo VALUES ('564', '-system', '192.168.139.1', '2019-11-10 05:29:29');
INSERT INTO sys_loginfo VALUES ('565', '-sq', '192.168.139.1', '2019-11-10 06:24:27');
INSERT INTO sys_loginfo VALUES ('566', '-sq', '192.168.139.1', '2019-11-10 06:25:51');
INSERT INTO sys_loginfo VALUES ('567', '-sq', '192.168.139.1', '2019-11-10 06:28:57');
INSERT INTO sys_loginfo VALUES ('568', '-system', '192.168.139.1', '2019-11-10 06:31:47');
INSERT INTO sys_loginfo VALUES ('569', '-sq', '192.168.139.1', '2019-11-10 06:31:58');
INSERT INTO sys_loginfo VALUES ('570', '-sq', '192.168.139.1', '2019-11-10 06:48:04');
INSERT INTO sys_loginfo VALUES ('571', '-sq', '192.168.139.1', '2019-11-10 06:55:09');
INSERT INTO sys_loginfo VALUES ('572', '-sq', '192.168.139.1', '2019-11-10 07:10:22');
INSERT INTO sys_loginfo VALUES ('573', '-sq', '192.168.139.1', '2019-11-10 07:15:07');
INSERT INTO sys_loginfo VALUES ('574', '-system', '192.168.139.1', '2019-11-10 07:33:52');
INSERT INTO sys_loginfo VALUES ('575', '-system', '192.168.139.1', '2019-11-10 07:34:20');
INSERT INTO sys_loginfo VALUES ('576', '-sq', '192.168.139.1', '2019-11-10 07:34:58');
INSERT INTO sys_loginfo VALUES ('577', '-zl', '192.168.139.1', '2019-11-10 07:35:45');
INSERT INTO sys_loginfo VALUES ('578', '-ww', '192.168.139.1', '2019-11-10 07:36:05');
INSERT INTO sys_loginfo VALUES ('579', '-system', '192.168.139.1', '2019-11-10 07:58:52');
INSERT INTO sys_loginfo VALUES ('580', '-system', '192.168.1.9', '2019-11-10 12:00:09');
INSERT INTO sys_loginfo VALUES ('581', '-sq', '192.168.1.9', '2019-11-10 12:00:25');
INSERT INTO sys_loginfo VALUES ('582', '-sq', '192.168.139.1', '2019-11-10 12:10:34');
INSERT INTO sys_loginfo VALUES ('583', '-system', '192.168.139.1', '2019-11-10 12:22:50');
INSERT INTO sys_loginfo VALUES ('584', '-system', '192.168.139.1', '2019-11-10 13:12:39');
INSERT INTO sys_loginfo VALUES ('585', '-sq', '192.168.139.1', '2019-11-10 13:36:44');
INSERT INTO sys_loginfo VALUES ('586', '-zl', '192.168.139.1', '2019-11-10 13:37:57');
INSERT INTO sys_loginfo VALUES ('587', '-ww', '192.168.139.1', '2019-11-10 13:38:24');
INSERT INTO sys_loginfo VALUES ('588', '-sq', '192.168.139.1', '2019-11-10 13:38:53');
INSERT INTO sys_loginfo VALUES ('589', '-zl', '192.168.139.1', '2019-11-10 13:39:38');
INSERT INTO sys_loginfo VALUES ('590', '-ww', '192.168.139.1', '2019-11-10 13:39:59');
INSERT INTO sys_loginfo VALUES ('591', '-sq', '192.168.139.1', '2019-11-10 13:41:14');
INSERT INTO sys_loginfo VALUES ('592', '-zl', '192.168.139.1', '2019-11-10 13:42:05');
INSERT INTO sys_loginfo VALUES ('593', '-ww', '192.168.139.1', '2019-11-10 13:42:23');
INSERT INTO sys_loginfo VALUES ('594', '-sq', '192.168.139.1', '2019-11-10 13:42:47');
INSERT INTO sys_loginfo VALUES ('595', '-zl', '192.168.139.1', '2019-11-10 13:43:14');
INSERT INTO sys_loginfo VALUES ('596', '-ww', '192.168.139.1', '2019-11-10 13:43:38');
INSERT INTO sys_loginfo VALUES ('597', '-sq', '192.168.139.1', '2019-11-10 13:44:04');
INSERT INTO sys_loginfo VALUES ('598', '-sq', '192.168.139.1', '2019-11-10 13:45:47');
INSERT INTO sys_loginfo VALUES ('599', '-zl', '192.168.139.1', '2019-11-10 13:46:45');
INSERT INTO sys_loginfo VALUES ('600', '-ww', '192.168.139.1', '2019-11-10 13:47:10');
INSERT INTO sys_loginfo VALUES ('601', '-sq', '192.168.139.1', '2019-11-10 13:47:36');
INSERT INTO sys_loginfo VALUES ('602', '-zl', '192.168.139.1', '2019-11-10 13:48:19');
INSERT INTO sys_loginfo VALUES ('603', '-ww', '192.168.139.1', '2019-11-10 13:48:44');
INSERT INTO sys_loginfo VALUES ('604', '-sq', '192.168.139.1', '2019-11-10 13:49:08');
INSERT INTO sys_loginfo VALUES ('605', '-sq', '192.168.139.1', '2019-11-10 14:43:24');
INSERT INTO sys_loginfo VALUES ('606', '-sq', '192.168.139.1', '2019-11-10 14:43:55');
INSERT INTO sys_loginfo VALUES ('607', '-zl', '192.168.139.1', '2019-11-10 14:45:03');
INSERT INTO sys_loginfo VALUES ('608', '-ww', '192.168.139.1', '2019-11-10 14:45:29');
INSERT INTO sys_loginfo VALUES ('609', '-sq', '192.168.139.1', '2019-11-10 14:45:52');
INSERT INTO sys_loginfo VALUES ('610', '-zl', '192.168.139.1', '2019-11-10 14:46:19');
INSERT INTO sys_loginfo VALUES ('611', '-ww', '192.168.139.1', '2019-11-10 14:46:43');
INSERT INTO sys_loginfo VALUES ('612', '-sq', '192.168.139.1', '2019-11-10 14:47:17');
INSERT INTO sys_loginfo VALUES ('613', '-sq', '192.168.139.1', '2019-11-10 14:55:43');
INSERT INTO sys_loginfo VALUES ('614', '-zl', '192.168.139.1', '2019-11-10 14:56:26');
INSERT INTO sys_loginfo VALUES ('615', '-ww', '192.168.139.1', '2019-11-10 14:56:54');
INSERT INTO sys_loginfo VALUES ('616', '-system', '192.168.139.1', '2019-11-10 14:57:23');
INSERT INTO sys_loginfo VALUES ('617', '-system', '192.168.139.1', '2019-11-10 15:02:16');
INSERT INTO sys_loginfo VALUES ('618', '-system', '192.168.139.1', '2019-11-11 01:18:47');

-- ----------------------------
-- Table structure for `sys_notice`
-- ----------------------------
DROP TABLE IF EXISTS `sys_notice`;
CREATE TABLE `sys_notice` (
  `id` int(11) NOT NULL AUTO_INCREMENT,
  `title` varchar(255) DEFAULT NULL,
  `content` text,
  `createtime` datetime DEFAULT NULL,
  `opername` varchar(255) DEFAULT NULL,
  PRIMARY KEY (`id`) USING BTREE
) ENGINE=InnoDB AUTO_INCREMENT=18 DEFAULT CHARSET=utf8 ROW_FORMAT=DYNAMIC;

-- ----------------------------
-- Records of sys_notice
-- ----------------------------
INSERT INTO sys_notice VALUES ('1', 'V1.3', '2', '2018-08-07 00:00:00', '');
INSERT INTO sys_notice VALUES ('10', 'V1.2', '12312312<img src=\"/resources/layui/images/face/42.gif\" alt=\"[]\">', '2018-08-07 00:00:00', '');
INSERT INTO sys_notice VALUES ('11', 'V1.1', '21321321321<img src=\"/resources/layui/images/face/18.gif\" alt=\"[]\">', '2018-08-07 00:00:00', '');
INSERT INTO sys_notice VALUES ('17', 'x', 'a', '2019-09-24 08:57:03', 'b');

-- ----------------------------
-- Table structure for `sys_pepole`
-- ----------------------------
DROP TABLE IF EXISTS `sys_pepole`;
CREATE TABLE `sys_pepole` (
  `id` int(11) NOT NULL,
  `name` varchar(255) DEFAULT NULL,
  `sex` int(11) DEFAULT NULL,
  PRIMARY KEY (`id`)
) ENGINE=InnoDB DEFAULT CHARSET=utf8;

-- ----------------------------
-- Records of sys_pepole
-- ----------------------------

-- ----------------------------
-- Table structure for `sys_permission`
-- ----------------------------
DROP TABLE IF EXISTS `sys_permission`;
CREATE TABLE `sys_permission` (
  `id` int(11) NOT NULL AUTO_INCREMENT,
  `pid` int(11) DEFAULT NULL,
  `type` varchar(255) DEFAULT NULL COMMENT '[menu/permission]',
  `title` varchar(255) DEFAULT NULL,
  `percode` varchar(255) DEFAULT NULL COMMENT '[type= permission  user:view]',
  `icon` varchar(255) DEFAULT NULL,
  `href` varchar(255) DEFAULT NULL,
  `target` varchar(255) DEFAULT NULL,
  `open` int(11) DEFAULT NULL,
  `ordernum` int(11) DEFAULT NULL,
  `available` int(11) DEFAULT NULL COMMENT '01',
  PRIMARY KEY (`id`) USING BTREE
) ENGINE=InnoDB AUTO_INCREMENT=117 DEFAULT CHARSET=utf8 ROW_FORMAT=DYNAMIC;

-- ----------------------------
-- Records of sys_permission
-- ----------------------------
INSERT INTO sys_permission VALUES ('1', '0', 'menu', '', null, '&#xe68e;', '', '', '1', '1', '1');
INSERT INTO sys_permission VALUES ('2', '1', 'menu', '', null, '&#xe857;', '', '', '0', '2', '1');
INSERT INTO sys_permission VALUES ('5', '1', 'menu', '', null, '&#xe614;', '', '', '0', '5', '1');
INSERT INTO sys_permission VALUES ('6', '1', 'menu', '', null, '&#xe628;', '', '', '0', '6', '1');
INSERT INTO sys_permission VALUES ('7', '2', 'menu', '', null, '&#xe651;', '/bus/toCustomerManager', '', '0', '7', '1');
INSERT INTO sys_permission VALUES ('8', '2', 'menu', '', null, '&#xe658;', '/bus/toProviderManager', '', '0', '8', '1');
INSERT INTO sys_permission VALUES ('9', '2', 'menu', '', null, '&#xe657;', '/bus/toGoodsManager', '', '0', '9', '1');
INSERT INTO sys_permission VALUES ('14', '5', 'menu', '', null, '&#xe770;', '/sys/toDeptManager', '', '0', '14', '1');
INSERT INTO sys_permission VALUES ('15', '5', 'menu', '', null, '&#xe857;', '/sys/toMenuManager', '', '0', '15', '1');
INSERT INTO sys_permission VALUES ('16', '5', 'menu', '', '', '&#xe857;', '/sys/toPermissionManager', '', '0', '16', '1');
INSERT INTO sys_permission VALUES ('17', '5', 'menu', '', '', '&#xe650;', '/sys/toRoleManager', '', '0', '17', '1');
INSERT INTO sys_permission VALUES ('18', '5', 'menu', '', '', '&#xe612;', '/sys/toUserManager', '', '0', '18', '1');
INSERT INTO sys_permission VALUES ('21', '6', 'menu', '', null, '&#xe675;', '/sys/toLoginfoManager', '', '0', '21', '1');
INSERT INTO sys_permission VALUES ('22', '6', 'menu', '', null, '&#xe756;', '/sys/toNoticeManager', null, '0', '22', '1');
INSERT INTO sys_permission VALUES ('23', '6', 'menu', '', null, '&#xe670;', '../resources/page/icon.html', null, '0', '23', '1');
INSERT INTO sys_permission VALUES ('30', '14', 'permission', '', 'dept:create', '', null, null, '0', '24', '1');
INSERT INTO sys_permission VALUES ('31', '14', 'permission', '', 'dept:update', '', null, null, '0', '26', '1');
INSERT INTO sys_permission VALUES ('32', '14', 'permission', '', 'dept:delete', '', null, null, '0', '27', '1');
INSERT INTO sys_permission VALUES ('34', '15', 'permission', '', 'menu:create', '', '', '', '0', '29', '1');
INSERT INTO sys_permission VALUES ('35', '15', 'permission', '', 'menu:update', '', null, null, '0', '30', '1');
INSERT INTO sys_permission VALUES ('36', '15', 'permission', '', 'menu:delete', '', null, null, '0', '31', '1');
INSERT INTO sys_permission VALUES ('38', '16', 'permission', '', 'permission:create', '', null, null, '0', '33', '1');
INSERT INTO sys_permission VALUES ('39', '16', 'permission', '', 'permission:update', '', null, null, '0', '34', '1');
INSERT INTO sys_permission VALUES ('40', '16', 'permission', '', 'permission:delete', '', null, null, '0', '35', '1');
INSERT INTO sys_permission VALUES ('42', '17', 'permission', '', 'role:create', '', null, null, '0', '37', '1');
INSERT INTO sys_permission VALUES ('43', '17', 'permission', '', 'role:update', '', null, null, '0', '38', '1');
INSERT INTO sys_permission VALUES ('44', '17', 'permission', '', 'role:delete', '', null, null, '0', '39', '1');
INSERT INTO sys_permission VALUES ('46', '17', 'permission', '', 'role:selectPermission', '', null, null, '0', '41', '1');
INSERT INTO sys_permission VALUES ('47', '18', 'permission', '', 'user:create', '', null, null, '0', '42', '1');
INSERT INTO sys_permission VALUES ('48', '18', 'permission', '', 'user:update', '', null, null, '0', '43', '1');
INSERT INTO sys_permission VALUES ('49', '18', 'permission', '', 'user:delete', '', null, null, '0', '44', '1');
INSERT INTO sys_permission VALUES ('51', '18', 'permission', '', 'user:selectRole', '', null, null, '0', '46', '1');
INSERT INTO sys_permission VALUES ('52', '18', 'permission', '', 'user:resetPwd', null, null, null, '0', '47', '1');
INSERT INTO sys_permission VALUES ('53', '14', 'permission', '', 'dept:view', null, null, null, '0', '48', '1');
INSERT INTO sys_permission VALUES ('54', '15', 'permission', '', 'menu:view', null, null, null, '0', '49', '1');
INSERT INTO sys_permission VALUES ('55', '16', 'permission', '', 'permission:view', null, null, null, '0', '50', '1');
INSERT INTO sys_permission VALUES ('56', '17', 'permission', '', 'role:view', null, null, null, '0', '51', '1');
INSERT INTO sys_permission VALUES ('57', '18', 'permission', '', 'user:view', null, null, null, '0', '52', '1');
INSERT INTO sys_permission VALUES ('68', '7', 'permission', '', 'customer:view', null, null, null, null, '60', '1');
INSERT INTO sys_permission VALUES ('69', '7', 'permission', '', 'customer:create', null, null, null, null, '61', '1');
INSERT INTO sys_permission VALUES ('70', '7', 'permission', '', 'customer:update', null, null, null, null, '62', '1');
INSERT INTO sys_permission VALUES ('71', '7', 'permission', '', 'customer:delete', null, null, null, null, '63', '1');
INSERT INTO sys_permission VALUES ('73', '21', 'permission', '', 'info:view', null, null, null, null, '65', '1');
INSERT INTO sys_permission VALUES ('74', '21', 'permission', '', 'info:delete', null, null, null, null, '66', '1');
INSERT INTO sys_permission VALUES ('75', '21', 'permission', '', 'info:batchdelete', null, null, null, null, '67', '1');
INSERT INTO sys_permission VALUES ('76', '22', 'permission', '', 'notice:view', null, null, null, null, '68', '1');
INSERT INTO sys_permission VALUES ('77', '22', 'permission', '', 'notice:create', null, null, null, null, '69', '1');
INSERT INTO sys_permission VALUES ('78', '22', 'permission', '', 'notice:update', null, null, null, null, '70', '1');
INSERT INTO sys_permission VALUES ('79', '22', 'permission', '', 'notice:delete', null, null, null, null, '71', '1');
INSERT INTO sys_permission VALUES ('81', '8', 'permission', '', 'provider:view', null, null, null, null, '73', '1');
INSERT INTO sys_permission VALUES ('82', '8', 'permission', '', 'provider:create', null, null, null, null, '74', '1');
INSERT INTO sys_permission VALUES ('83', '8', 'permission', '', 'provider:update', null, null, null, null, '75', '1');
INSERT INTO sys_permission VALUES ('84', '8', 'permission', '', 'provider:delete', null, null, null, null, '76', '1');
INSERT INTO sys_permission VALUES ('86', '22', 'permission', '', 'notice:viewnotice', null, null, null, null, '78', '1');
INSERT INTO sys_permission VALUES ('91', '9', 'permission', '', 'goods:view', null, null, null, '0', '79', '1');
INSERT INTO sys_permission VALUES ('92', '9', 'permission', '', 'goods:create', null, null, null, '0', '80', '1');
INSERT INTO sys_permission VALUES ('94', '9', 'permission', '', 'goods:update', null, 'goods:update', null, '0', '81', '1');
INSERT INTO sys_permission VALUES ('95', '6', 'menu', '', null, '&#xe681;', '/sys/toCacheManager', '', '1', '82', '1');
INSERT INTO sys_permission VALUES ('96', '1', 'menu', '', null, '&#xe857;', '', '', '0', '83', '1');
INSERT INTO sys_permission VALUES ('100', '1', 'menu', '', null, '&#xe672;', '', '', '0', '87', '1');
INSERT INTO sys_permission VALUES ('101', '100', 'menu', '', null, '&#xe665;', '/workflow/toTaskManager', '', '0', '89', '1');
INSERT INTO sys_permission VALUES ('102', '100', 'menu', '', null, '&#xe66a;', '/workflow/toRetainTask', '', '0', '90', '1');
INSERT INTO sys_permission VALUES ('105', '102', 'permission', '', 'approval:deal', null, null, null, '0', '92', '1');
INSERT INTO sys_permission VALUES ('106', '101', 'permission', '', 'approval:pass', null, null, null, '0', '93', '1');
INSERT INTO sys_permission VALUES ('110', '100', 'menu', '', null, '&#xe650;', '/sys/toLeaveBillManager', '', '0', '97', '1');
INSERT INTO sys_permission VALUES ('114', '96', 'menu', '', null, '&#xe66c;', '/workflow/toWorkFlowDef', '', '1', '98', '1');
INSERT INTO sys_permission VALUES ('115', '96', 'menu', '', null, '&#xe651;', '/workflow/toWorkFlowDeploy', '', '1', '99', '1');
INSERT INTO sys_permission VALUES ('116', '96', 'menu', '', null, '&#xe756;', '/workflow/toWorkFlowModel', '', '1', '100', '1');

-- ----------------------------
-- Table structure for `sys_role`
-- ----------------------------
DROP TABLE IF EXISTS `sys_role`;
CREATE TABLE `sys_role` (
  `id` int(11) NOT NULL AUTO_INCREMENT,
  `name` varchar(255) DEFAULT NULL,
  `remark` varchar(255) DEFAULT NULL,
  `available` int(11) DEFAULT NULL,
  `createtime` datetime DEFAULT NULL,
  PRIMARY KEY (`id`) USING BTREE
) ENGINE=InnoDB AUTO_INCREMENT=8 DEFAULT CHARSET=utf8 ROW_FORMAT=DYNAMIC;

-- ----------------------------
-- Records of sys_role
-- ----------------------------
INSERT INTO sys_role VALUES ('1', '', '', '1', '2019-04-10 14:06:32');
INSERT INTO sys_role VALUES ('4', '', '', '1', '2019-04-10 14:06:32');
INSERT INTO sys_role VALUES ('5', '', '', '1', '2019-04-10 14:06:32');
INSERT INTO sys_role VALUES ('6', '', '', '1', '2019-04-10 14:06:32');
INSERT INTO sys_role VALUES ('7', '', '', '1', '2019-04-10 14:06:32');

-- ----------------------------
-- Table structure for `sys_role_permission`
-- ----------------------------
DROP TABLE IF EXISTS `sys_role_permission`;
CREATE TABLE `sys_role_permission` (
  `rid` int(11) NOT NULL,
  `pid` int(11) NOT NULL,
  PRIMARY KEY (`pid`,`rid`) USING BTREE,
  KEY `FK_tcsr9ucxypb3ce1q5qngsfk33` (`rid`) USING BTREE,
  CONSTRAINT `sys_role_permission_ibfk_1` FOREIGN KEY (`pid`) REFERENCES `sys_permission` (`id`) ON DELETE CASCADE,
  CONSTRAINT `sys_role_permission_ibfk_2` FOREIGN KEY (`rid`) REFERENCES `sys_role` (`id`) ON DELETE CASCADE
) ENGINE=InnoDB DEFAULT CHARSET=utf8 ROW_FORMAT=DYNAMIC;

-- ----------------------------
-- Records of sys_role_permission
-- ----------------------------
INSERT INTO sys_role_permission VALUES ('1', '1');
INSERT INTO sys_role_permission VALUES ('1', '2');
INSERT INTO sys_role_permission VALUES ('1', '5');
INSERT INTO sys_role_permission VALUES ('1', '6');
INSERT INTO sys_role_permission VALUES ('1', '7');
INSERT INTO sys_role_permission VALUES ('1', '8');
INSERT INTO sys_role_permission VALUES ('1', '9');
INSERT INTO sys_role_permission VALUES ('1', '14');
INSERT INTO sys_role_permission VALUES ('1', '15');
INSERT INTO sys_role_permission VALUES ('1', '16');
INSERT INTO sys_role_permission VALUES ('1', '17');
INSERT INTO sys_role_permission VALUES ('1', '18');
INSERT INTO sys_role_permission VALUES ('1', '21');
INSERT INTO sys_role_permission VALUES ('1', '22');
INSERT INTO sys_role_permission VALUES ('1', '23');
INSERT INTO sys_role_permission VALUES ('1', '30');
INSERT INTO sys_role_permission VALUES ('1', '31');
INSERT INTO sys_role_permission VALUES ('1', '32');
INSERT INTO sys_role_permission VALUES ('1', '34');
INSERT INTO sys_role_permission VALUES ('1', '35');
INSERT INTO sys_role_permission VALUES ('1', '36');
INSERT INTO sys_role_permission VALUES ('1', '38');
INSERT INTO sys_role_permission VALUES ('1', '39');
INSERT INTO sys_role_permission VALUES ('1', '40');
INSERT INTO sys_role_permission VALUES ('1', '42');
INSERT INTO sys_role_permission VALUES ('1', '43');
INSERT INTO sys_role_permission VALUES ('1', '44');
INSERT INTO sys_role_permission VALUES ('1', '46');
INSERT INTO sys_role_permission VALUES ('1', '47');
INSERT INTO sys_role_permission VALUES ('1', '48');
INSERT INTO sys_role_permission VALUES ('1', '49');
INSERT INTO sys_role_permission VALUES ('1', '51');
INSERT INTO sys_role_permission VALUES ('1', '52');
INSERT INTO sys_role_permission VALUES ('1', '53');
INSERT INTO sys_role_permission VALUES ('1', '54');
INSERT INTO sys_role_permission VALUES ('1', '55');
INSERT INTO sys_role_permission VALUES ('1', '56');
INSERT INTO sys_role_permission VALUES ('1', '57');
INSERT INTO sys_role_permission VALUES ('1', '68');
INSERT INTO sys_role_permission VALUES ('1', '69');
INSERT INTO sys_role_permission VALUES ('1', '70');
INSERT INTO sys_role_permission VALUES ('1', '71');
INSERT INTO sys_role_permission VALUES ('1', '73');
INSERT INTO sys_role_permission VALUES ('1', '74');
INSERT INTO sys_role_permission VALUES ('1', '75');
INSERT INTO sys_role_permission VALUES ('1', '76');
INSERT INTO sys_role_permission VALUES ('1', '77');
INSERT INTO sys_role_permission VALUES ('1', '78');
INSERT INTO sys_role_permission VALUES ('1', '79');
INSERT INTO sys_role_permission VALUES ('1', '81');
INSERT INTO sys_role_permission VALUES ('1', '82');
INSERT INTO sys_role_permission VALUES ('1', '83');
INSERT INTO sys_role_permission VALUES ('1', '84');
INSERT INTO sys_role_permission VALUES ('1', '86');
INSERT INTO sys_role_permission VALUES ('1', '91');
INSERT INTO sys_role_permission VALUES ('1', '92');
INSERT INTO sys_role_permission VALUES ('1', '94');
INSERT INTO sys_role_permission VALUES ('1', '96');
INSERT INTO sys_role_permission VALUES ('1', '100');
INSERT INTO sys_role_permission VALUES ('1', '101');
INSERT INTO sys_role_permission VALUES ('1', '102');
INSERT INTO sys_role_permission VALUES ('1', '105');
INSERT INTO sys_role_permission VALUES ('1', '106');
INSERT INTO sys_role_permission VALUES ('1', '110');
INSERT INTO sys_role_permission VALUES ('4', '1');
INSERT INTO sys_role_permission VALUES ('4', '100');
INSERT INTO sys_role_permission VALUES ('4', '101');
INSERT INTO sys_role_permission VALUES ('4', '102');
INSERT INTO sys_role_permission VALUES ('4', '105');
INSERT INTO sys_role_permission VALUES ('4', '106');
INSERT INTO sys_role_permission VALUES ('5', '1');
INSERT INTO sys_role_permission VALUES ('5', '100');
INSERT INTO sys_role_permission VALUES ('5', '101');
INSERT INTO sys_role_permission VALUES ('5', '102');
INSERT INTO sys_role_permission VALUES ('5', '105');
INSERT INTO sys_role_permission VALUES ('5', '106');
INSERT INTO sys_role_permission VALUES ('5', '110');
INSERT INTO sys_role_permission VALUES ('6', '1');
INSERT INTO sys_role_permission VALUES ('6', '100');
INSERT INTO sys_role_permission VALUES ('6', '101');
INSERT INTO sys_role_permission VALUES ('6', '102');
INSERT INTO sys_role_permission VALUES ('6', '105');
INSERT INTO sys_role_permission VALUES ('6', '106');
INSERT INTO sys_role_permission VALUES ('6', '110');
INSERT INTO sys_role_permission VALUES ('7', '1');
INSERT INTO sys_role_permission VALUES ('7', '100');
INSERT INTO sys_role_permission VALUES ('7', '101');
INSERT INTO sys_role_permission VALUES ('7', '102');
INSERT INTO sys_role_permission VALUES ('7', '105');
INSERT INTO sys_role_permission VALUES ('7', '106');
INSERT INTO sys_role_permission VALUES ('7', '110');

-- ----------------------------
-- Table structure for `sys_role_user`
-- ----------------------------
DROP TABLE IF EXISTS `sys_role_user`;
CREATE TABLE `sys_role_user` (
  `rid` int(11) NOT NULL,
  `uid` int(11) NOT NULL,
  PRIMARY KEY (`uid`,`rid`) USING BTREE,
  KEY `FK_203gdpkwgtow7nxlo2oap5jru` (`rid`) USING BTREE,
  CONSTRAINT `sys_role_user_ibfk_1` FOREIGN KEY (`rid`) REFERENCES `sys_role` (`id`),
  CONSTRAINT `sys_role_user_ibfk_2` FOREIGN KEY (`uid`) REFERENCES `sys_user` (`id`)
) ENGINE=InnoDB DEFAULT CHARSET=utf8 ROW_FORMAT=DYNAMIC;

-- ----------------------------
-- Records of sys_role_user
-- ----------------------------
INSERT INTO sys_role_user VALUES ('1', '2');
INSERT INTO sys_role_user VALUES ('4', '3');
INSERT INTO sys_role_user VALUES ('5', '4');
INSERT INTO sys_role_user VALUES ('6', '5');
INSERT INTO sys_role_user VALUES ('7', '6');
INSERT INTO sys_role_user VALUES ('7', '8');

-- ----------------------------
-- Table structure for `sys_test`
-- ----------------------------
DROP TABLE IF EXISTS `sys_test`;
CREATE TABLE `sys_test` (
  `id` int(11) NOT NULL,
  `name` varchar(255) DEFAULT NULL,
  `sex` int(11) DEFAULT NULL,
  PRIMARY KEY (`id`)
) ENGINE=InnoDB DEFAULT CHARSET=utf8;

-- ----------------------------
-- Records of sys_test
-- ----------------------------

-- ----------------------------
-- Table structure for `sys_user`
-- ----------------------------
DROP TABLE IF EXISTS `sys_user`;
CREATE TABLE `sys_user` (
  `id` int(11) NOT NULL AUTO_INCREMENT COMMENT 'id',
  `name` varchar(255) DEFAULT NULL COMMENT '',
  `loginname` varchar(255) DEFAULT NULL COMMENT '',
  `address` varchar(255) DEFAULT NULL COMMENT '',
  `sex` int(11) DEFAULT NULL COMMENT '',
  `remark` varchar(255) DEFAULT NULL COMMENT '',
  `pwd` varchar(255) DEFAULT NULL COMMENT '',
  `deptid` int(11) DEFAULT NULL COMMENT 'id',
  `hiredate` datetime DEFAULT NULL COMMENT '',
  `mgr` int(11) DEFAULT NULL COMMENT '',
  `available` int(11) DEFAULT '1' COMMENT '',
  `ordernum` int(11) DEFAULT NULL COMMENT '',
  `type` int(255) DEFAULT NULL COMMENT '[012]',
  `imgpath` varchar(255) DEFAULT NULL COMMENT '',
  `salt` varchar(255) DEFAULT NULL,
  PRIMARY KEY (`id`) USING BTREE,
  KEY `FK_3rrcpvho2w1mx1sfiuuyir1h` (`deptid`) USING BTREE,
  CONSTRAINT `sys_user_ibfk_1` FOREIGN KEY (`deptid`) REFERENCES `sys_dept` (`id`)
) ENGINE=InnoDB AUTO_INCREMENT=9 DEFAULT CHARSET=utf8 ROW_FORMAT=DYNAMIC;

-- ----------------------------
-- Records of sys_user
-- ----------------------------
INSERT INTO sys_user VALUES ('1', '', 'system', '', '1', '', '7433fb8eaf71227066811469984a1060', '1', '2018-06-25 11:06:34', null, '1', '1', '0', '../resources/images/defaultusertitle.jpg', '04A93C74C8294AA09A8B974FD1F4ECBB');
INSERT INTO sys_user VALUES ('2', '', 'ls', '', '0', 'KING', '9ec618b45f946ec355db2932d93617b2', '1', '2018-06-25 11:06:36', null, '1', '2', '1', '../resources/images/defaultusertitle.jpg', '22E36741E7CA419A985AB60BEF2E134D');
INSERT INTO sys_user VALUES ('3', '', 'ww', '', '1', '', '437ac1aeaa70675f9b4fb4f4bad4786c', '3', '2018-06-25 11:06:38', '2', '1', '3', '1', '../resources/images/defaultusertitle.jpg', '94466DBFE8054BB18BB123F9D93963C8');
INSERT INTO sys_user VALUES ('4', '', 'zl', '', '1', '', '3b2eb522dd85be5c3e2cde6a71a9b64f', '4', '2018-06-25 11:06:40', '3', '1', '4', '1', '../resources/images/defaultusertitle.jpg', 'A1343D945C2D43EBA6C12AD5958B0194');
INSERT INTO sys_user VALUES ('5', '', 'sq', '', '1', '', '00042a2b8c1531892eb940423e5fa7e1', '2', '2018-06-25 11:06:43', '4', '1', '5', '1', '../resources/images/defaultusertitle.jpg', 'CE7A0A5F60934EBF8B008077271C7E26');
INSERT INTO sys_user VALUES ('6', '', 'lb', '', '1', '', '5112675f25100f2879c08e64901a6663', '4', '2018-08-06 11:21:12', '3', '1', '6', '1', '../resources/images/defaultusertitle.jpg', 'AF8E20057D084F71B283686D1305B3E2');
INSERT INTO sys_user VALUES ('8', '', 'xidada', '', '1', '', 'ec86cb43c449fe50fd498e1af22a6b1c', '7', '2019-09-25 08:47:38', '3', '1', '7', '1', null, '3D47F73018BA48D3845E85AAEBA3EAB3');
